http,{O2A0-I4NU40LJ-1932UXOX},02/18/2011 09:22:22,CQW0652,PC-3449,http://harris.com/WboUhagvat1919385663.htm,growth degree resume degree strong required on-time responsibilities required multitask permanent guidance contribute report growth start technologies strong process starter on-time degree required team skills opening opening resume team analyze opening people contribute initiative salary job dynamic management self sales platform compensation
http,{D6F3-R5VR02QQ-4206XIQA},02/18/2011 09:38:39,CQW0652,PC-3449,http://monster.com/WboUhagvat1180707852.html,industry report multiple dynamic responsibilities technologies experience multitask growth contribute years job responsibilities report experience on-line management develop skills process concepts start hours degree guidance develop required years compensation resume permanent resume contribute required benefits equivalent job industry multiple call growth initiative platform develop experience skills multiple multitask
http,{T4M0-V2EJ75NQ-7672AZAJ},02/18/2011 10:35:07,CQW0652,PC-3449,http://yahoo.com/hotjobs/WboUhagvat752138490.php,benefits skills analyze develop engineer responsibilities part-time guidance develop sales dynamic initiative process compensation initiative platform sales degree multitask skills relocation initiative permanent expert industry equivalent analyze passion platform skills required interface part-time expert customer resume contribute team strong benefits contribute customer
http,{G4H9-O2HX28ZD-6920IORM},02/18/2011 12:30:27,CQW0652,PC-3449,http://yahoo.com/hotjobs/WboUhagvat752138490.php,initiative multitask sales growth technologies process multitask interface experience permanent benefits multitask customer multitask compensation initiative contribute concepts permanent platform opening multiple contribute years guidance management initiative responsibilities management responsibilities management concepts responsibilities years contribute strong required dynamic develop starter degree multitask required customer visual years concepts responsibilities platform job multitask resume degree experience growth team growth expert management team team guidance experience
http,{E5B9-U1UP03FR-3362KQKL},02/18/2011 13:21:48,CQW0652,PC-3449,http://linkedin.com/WboUhagvat1479839504.aspx,skills start degree multitask equivalent guidance permanent required multiple team compensation industry benefits management interface benefits technologies concepts guidance customer multitask contribute years sales initiative on-line on-line develop management benefits degree equivalent contribute customer experience customer skills report multiple sales team analyze sales platform degree initiative strong technologies benefits experience technologies starter develop customer skills develop salary management resume
http,{V6H0-Z2FG57CX-9605HDDJ},02/18/2011 13:24:22,CQW0652,PC-3449,http://yahoo.com/hotjobs/WboUhagvat752138490.php,report contribute job equivalent initiative analyze multitask required growth interface responsibilities hours technologies passion analyze on-time start equivalent resume permanent growth platform skills technologies equivalent resume multitask industry experience opening strong skills dynamic team recruiter management responsibilities self initiative permanent benefits customer part-time growth skills job report responsibilities platform sales benefits
http,{E2C8-J5UA20EQ-2827UTTV},02/18/2011 15:59:25,CQW0652,PC-3449,http://careerbuilder.com/WboUhagvat660170997.htm,resume passion multiple job recruiter develop expert skills industry hours contribute hours process sales team equivalent equivalent responsibilities job job platform concepts contribute dynamic self guidance platform degree degree part-time experience team degree management develop people team compensation experience starter required degree degree multitask equivalent
http,{S4D7-X0IK88JE-9981WXZV},02/18/2011 16:56:51,CQW0652,PC-3449,http://hp.com/WboUhagvat1944152218.jsp,people skills degree starter responsibilities sales contribute sales team years job responsibilities sales equivalent contribute develop equivalent experience multitask concepts opening concepts on-time on-time years resume dynamic on-line degree job dynamic hours dynamic report concepts develop multiple salary equivalent on-time process
http,{H5F4-Q0SF00MH-8105PPRN},02/18/2011 19:05:00,CQW0652,PC-3449,http://indeed.com/WboUhagvat1680703797.html,degree interface multiple growth initiative benefits guidance technologies experience starter management job multitask passion on-time opening develop develop guidance dynamic initiative develop interface sales recruiter on-time responsibilities years contribute equivalent visual customer responsibilities years multitask visual required starter strong skills team sales job start team dynamic resume degree analyze experience customer experience report skills
http,{S8F3-F7OW60ZE-4895KDRV},02/21/2011 10:46:11,CQW0652,PC-3449,http://simplyhired.com/WboUhagvat57469130.jsp,multiple strong years equivalent multitask contribute resume resume job responsibilities compensation customer dynamic concepts multiple required skills benefits report customer benefits degree on-time initiative interface years management resume customer report multitask contribute strong industry multiple industry sales sales permanent resume skills multiple equivalent equivalent equivalent experience interface concepts multitask people develop multitask opening responsibilities salary call years passion visual part-time
http,{F5Q5-R1PQ55SC-4272WWWU},02/21/2011 13:33:40,CQW0652,PC-3449,http://northropgrumman.com/WboUhagvat572113271.aspx,report team hours management analyze interface report recruiter multiple interface job management job self job experience resume opening report opening hours start responsibilities contribute self multitask skills platform on-time develop degree degree multitask contribute benefits contribute on-line interface concepts resume management sales sales interface
http,{N3Y4-I1QV33CR-0636DVDY},02/21/2011 16:20:08,CQW0652,PC-3449,http://monster.com/WboUhagvat1180707852.html,multiple equivalent growth start report team customer resume starter multitask years platform hours analyze team platform report growth people experience develop job skills strong dynamic benefits compensation customer industry report multitask equivalent on-time on-time benefits develop on-time contribute passion responsibilities passion responsibilities customer responsibilities on-time skills initiative management skills passion platform sales relocation
http,{Z5I5-R8SV45UO-4580HTKQ},02/21/2011 18:59:10,CQW0652,PC-3449,http://indeed.com/WboUhagvat1680703797.html,part-time expert resume sales team salary equivalent starter permanent starter part-time on-line benefits initiative customer people contribute start industry concepts expert passion dynamic passion years years skills contribute team equivalent multiple years customer salary interface multitask growth dynamic initiative concepts dynamic
http,{R2B0-T5ZM33TJ-8677LMTP},02/21/2011 20:43:24,CQW0652,PC-3449,http://yahoo.com/hotjobs/WboUhagvat752138490.php,initiative opening sales interface responsibilities develop people self years technologies customer salary expert interface permanent multitask skills equivalent job skills multiple multitask dynamic platform multitask multitask process growth responsibilities responsibilities multitask management report analyze management multiple start responsibilities opening customer concepts experience initiative develop experience multitask resume
http,{Y7C7-Z4PV84SH-0988FGWW},02/21/2011 20:57:23,CQW0652,PC-3449,http://careerbuilder.com/WboUhagvat660170997.htm,resume technologies on-line on-time technologies interface technologies multitask equivalent growth opening required multitask equivalent equivalent team opening interface job team interface interface skills platform team people experience skills resume strong initiative interface report technologies resume people skills visual people permanent years industry degree resume benefits responsibilities
http,{H1O5-I5UU70WP-4583AUFO},02/22/2011 12:02:08,CQW0652,PC-3449,http://indeed.com/WboUhagvat1680703797.html,technologies salary years opening technologies develop initiative multiple team degree experience report industry job compensation growth passion customer passion multiple responsibilities required skills people required multitask opening platform technologies skills interface benefits
http,{D6F9-I2RO05WJ-1623XPAN},02/22/2011 13:53:58,CQW0652,PC-3449,http://careerbuilder.com/WboUhagvat660170997.htm,process equivalent starter people start opening visual years equivalent benefits people salary passion experience expert required concepts skills multitask dynamic customer management years degree people multitask years job customer engineer interface customer expert industry report opening benefits opening strong resume opening technologies people strong resume degree industry skills team
http,{D4A4-B8LQ45MY-1470EIOQ},02/22/2011 14:22:17,CQW0652,PC-3449,http://aol.com/jobs/WboUhagvat1963819229.jsp,experience multitask responsibilities resume benefits report platform permanent develop platform customer interface resume passion guidance resume years skills degree develop strong resume concepts engineer passion required skills platform concepts required customer strong team on-line initiative develop salary develop part-time people start benefits management customer develop degree platform contribute starter years multiple
http,{V1M9-Q9UK85AD-0069GTEI},02/22/2011 15:42:15,CQW0652,PC-3449,http://jobhuntersbible.com/WboUhagvat1258877042.aspx,platform compensation growth platform job expert on-line management sales benefits start develop starter multitask report multitask visual passion engineer guidance team passion experience salary interface years sales strong start years technologies contribute dynamic multiple contribute experience resume strong multitask resume guidance skills contribute resume people start experience part-time concepts strong
http,{O5J7-H5UK27TY-0147YBAH},02/22/2011 17:16:17,CQW0652,PC-3449,http://raytheon.com/WboUhagvat343187784.jsp,resume passion concepts growth customer job concepts initiative technologies resume customer years starter customer passion strong responsibilities dynamic relocation passion growth responsibilities report permanent guidance contribute strong guidance team concepts engineer multitask team report platform initiative develop contribute starter contribute sales technologies strong responsibilities customer resume job platform people experience degree multitask hours customer required opening people equivalent growth guidance skills platform opening
http,{Y9P6-E4AB61WN-8446IVKH},02/22/2011 17:59:03,CQW0652,PC-3449,http://hp.com/WboUhagvat1944152218.jsp,responsibilities platform compensation develop passion analyze required multitask analyze initiative experience visual permanent dynamic hours visual experience passion expert report passion starter resume management years process technologies passion responsibilities management develop multitask years equivalent process responsibilities strong benefits multitask multiple initiative people platform growth degree benefits required on-time multiple skills part-time
http,{J2T7-L9PL84CM-1642SICE},02/22/2011 19:00:50,CQW0652,PC-3449,http://raytheon.com/WboUhagvat343187784.jsp,platform degree passion platform opening required skills required passion people concepts on-time initiative management degree management skills industry strong permanent benefits dynamic experience degree develop interface guidance concepts years develop degree process platform team resume multiple analyze report concepts process industry multiple on-line responsibilities contribute interface hours skills technologies multitask interface equivalent equivalent
http,{K6Z8-Q6UP46MV-8968SAMN},02/22/2011 19:45:14,CQW0652,PC-3449,http://monster.com/WboUhagvat1180707852.html,team resume process report skills benefits contribute experience years on-line initiative multitask contribute contribute initiative team required sales required required degree years salary start years hours on-time team strong management resume years interface develop guidance engineer develop strong
http,{I8P5-Z5YQ40TC-6154TEOQ},02/23/2011 14:12:59,CQW0652,PC-3449,http://job-hunt.org/WboUhagvat919122234.html,interface customer responsibilities team customer initiative years sales passion customer concepts experience job guidance team required opening multiple technologies multitask opening multitask platform technologies permanent platform team responsibilities strong responsibilities experience develop process benefits multitask people growth years expert customer self interface industry responsibilities on-time skills sales equivalent resume engineer develop growth multitask experience salary sales responsibilities people technologies job team experience contribute
email,{Z0I1-B1SQ95WL-3540DIWQ},02/23/2011 14:15:14,CQW0652,PC-3449,Kylie.H.Scott@northropgrumman.com,,,Chastity.Quyn.Wilkerson@dtaa.com,24300,0,on-time experience on-time interface opening interface start platform multiple platform report permanent growth multitask multitask platform contribute multitask resume people responsibilities on-time permanent customer multitask compensation technologies expert growth on-time analyze call
http,{I6E7-X1XF68CM-9895RXRV},02/23/2011 15:59:15,CQW0652,PC-3449,http://careerbuilder.com/WboUhagvat660170997.htm,opening skills resume responsibilities degree interface sales resume multiple management concepts technologies self resume degree degree skills experience degree customer dynamic platform experience dynamic visual benefits skills strong required visual years strong degree permanent experience engineer equivalent opening resume industry start growth job responsibilities permanent contribute hours skills
http,{W1Q2-A0XN38EQ-6974OUEA},02/23/2011 16:24:28,CQW0652,PC-3449,http://yahoo.com/hotjobs/WboUhagvat752138490.php,required experience contribute passion multiple multitask platform team develop management technologies multitask responsibilities develop multitask multiple responsibilities opening strong multiple guidance degree contribute start hours visual team contribute strong experience salary
http,{J6Z9-D6NB32TB-0976JWYV},02/23/2011 18:37:32,CQW0652,PC-3449,http://indeed.com/WboUhagvat1680703797.html,customer people self degree required part-time multitask develop initiative opening salary multiple skills guidance salary years compensation start skills process opening report visual team team customer multiple benefits initiative job industry resume permanent years equivalent interface team self technologies skills job growth recruiter multiple start passion hours process
http,{G3H3-C7CM49UJ-7343NDUR},02/24/2011 15:53:06,CQW0652,PC-3449,http://aol.com/jobs/WboUhagvat1963819229.jsp,platform customer benefits degree multiple contribute skills expert permanent industry required customer dynamic analyze industry interface industry expert expert degree start responsibilities start degree people multiple resume self contribute equivalent team required compensation platform customer responsibilities experience initiative self initiative interface on-time sales responsibilities on-time process passion part-time salary equivalent technologies skills platform required responsibilities concepts
http,{F1Y2-Q3KR41KG-8255KKGP},02/24/2011 20:18:30,CQW0652,PC-3449,http://northropgrumman.com/WboUhagvat572113271.aspx,strong recruiter strong contribute growth contribute concepts compensation required years skills concepts expert sales strong experience team report start contribute platform strong experience technologies benefits years technologies multitask management starter strong strong initiative responsibilities contribute develop sales process industry customer report part-time sales concepts multiple interface process experience report management required report starter on-time multitask degree multiple growth platform interface years job concepts expert skills customer
http,{Y0K0-A7LN82EJ-0269CUUO},02/25/2011 09:25:00,CQW0652,PC-3449,http://northropgrumman.com/WboUhagvat572113271.aspx,benefits part-time resume develop strong contribute required industry required industry skills responsibilities platform years multitask guidance engineer start industry sales concepts benefits passion skills permanent customer years engineer dynamic platform contribute multiple strong required relocation sales interface interface start benefits on-time job required
http,{C1E4-O0UQ83SH-1722KLUP},02/25/2011 12:48:22,CQW0652,PC-3449,http://lockheedmartin.com/WboUhagvat1636367808.htm,team report multitask growth degree customer platform responsibilities degree compensation growth part-time permanent resume required interface contribute multiple concepts years benefits part-time passion report skills required required contribute team resume contribute required multitask skills platform resume skills
http,{A8N7-D4QW50NP-1698ZBIG},02/25/2011 13:19:39,CQW0652,PC-3449,http://craigslist.org/WboUhagvat1105403916.aspx,required required platform skills multiple call call initiative passion skills sales job concepts responsibilities team experience degree self technologies degree team team contribute report experience growth start develop self concepts expert required platform sales develop equivalent degree degree passion years sales strong contribute job growth required concepts team platform team required experience concepts team
http,{L1O8-G3UP48QT-4422OALL},02/25/2011 15:31:45,CQW0652,PC-3449,http://craigslist.org/WboUhagvat1105403916.aspx,multiple multitask management required degree customer concepts passion part-time industry passion skills multiple years passion customer opening strong growth compensation on-time part-time hours multitask analyze report opening degree job
http,{G3J5-I4KZ57ZS-2852JZXR},02/25/2011 16:22:27,CQW0652,PC-3449,http://northropgrumman.com/WboUhagvat572113271.aspx,platform contribute equivalent customer concepts degree develop guidance equivalent degree dynamic technologies responsibilities customer opening people degree strong start job concepts opening required contribute sales technologies growth skills expert technologies years contribute skills strong passion opening sales equivalent sales on-time technologies job people experience contribute on-time job resume dynamic job
http,{P6M2-O8BM40UR-4424AFXZ},02/25/2011 19:02:59,CQW0652,PC-3449,http://hp.com/WboUhagvat1944152218.jsp,industry sales benefits strong benefits job contribute customer management responsibilities multiple experience experience start process opening visual team resume degree platform industry strong people customer experience dynamic people required resume skills develop visual permanent degree salary hours multiple permanent self
http,{R2Y4-D8RO50YC-0483LQHG},02/25/2011 19:12:55,CQW0652,PC-3449,http://raytheon.com/WboUhagvat343187784.jsp,resume guidance guidance initiative on-time sales multiple multiple analyze people develop experience required contribute customer responsibilities multitask years guidance engineer required starter required opening equivalent passion strong responsibilities platform job develop required skills skills develop concepts
http,{L9Z6-M1BY64VS-7891HTAA},02/25/2011 20:14:09,CQW0652,PC-3449,http://indeed.com/WboUhagvat1680703797.html,people required platform responsibilities customer multitask degree years opening multiple strong compensation customer platform customer job visual team permanent dynamic equivalent required interface hours expert passion analyze guidance customer industry management concepts strong expert growth engineer self resume call customer concepts interface technologies passion customer contribute multitask concepts passion customer team salary required benefits required equivalent dynamic resume resume resume
email,{C9U4-U3WE87SX-7898YAKL},02/28/2011 09:56:39,CQW0652,PC-3449,Kylie.H.Scott@northropgrumman.com,,,Chastity.Quyn.Wilkerson@dtaa.com,19643,0,multitask benefits self strong on-line on-time resume passion required degree process industry permanent opening skills benefits team resume report interface people job resume management degree multiple guidance experience responsibilities contribute years opening passion multitask resume interface years experience interface sales part-time benefits experience multitask team job management develop develop
http,{P4B8-X0VM94KZ-8862TKQO},02/28/2011 09:59:54,CQW0652,PC-3449,http://craigslist.org/WboUhagvat1105403916.aspx,years develop people self experience experience required hours sales resume on-time customer required years concepts degree equivalent experience hours management platform experience salary develop management benefits job equivalent strong technologies equivalent report starter platform required process resume process salary develop on-time start contribute initiative passion expert strong initiative platform platform develop part-time contribute growth
http,{R8D1-V5YR90ZJ-9789FOKE},02/28/2011 12:11:07,CQW0652,PC-3449,http://careerbuilder.com/WboUhagvat660170997.htm,degree technologies team experience develop call multitask concepts management analyze job job passion required multiple start visual dynamic growth sales resume required hours resume responsibilities analyze report benefits initiative experience start people skills required start strong
email,{X9E0-V5EZ52AL-6023EGWA},02/28/2011 13:50:15,CQW0652,PC-3449,Kylie.H.Scott@northropgrumman.com,,,Chastity.Quyn.Wilkerson@dtaa.com,31658,0,concepts analyze opening growth on-time benefits contribute multitask process job job resume industry years relocation skills permanent technologies benefits team multitask multitask hours strong multitask concepts recruiter dynamic resume years contribute report required equivalent management platform part-time required experience develop analyze analyze strong concepts opening people customer permanent passion develop sales visual industry people self opening contribute part-time experience industry equivalent passion
http,{B4Y0-C3RI01DF-8152GAMK},02/28/2011 17:27:16,CQW0652,PC-3449,http://lockheedmartin.com/WboUhagvat1636367808.htm,opening hours contribute technologies interface required responsibilities contribute passion self degree analyze process platform industry job report degree multitask degree passion opening responsibilities required opening strong responsibilities initiative engineer analyze resume people skills interface benefits customer interface hours job strong resume opening job start skills required
http,{K3T7-A6EA18RU-3897BTAP},02/28/2011 20:18:27,CQW0652,PC-3449,http://monster.com/WboUhagvat1180707852.html,customer concepts platform report passion customer growth growth equivalent years management customer degree skills technologies initiative platform passion permanent permanent multiple management team resume strong growth growth expert benefits sales experience responsibilities develop skills degree technologies dynamic on-time salary degree passion management benefits initiative management dynamic interface customer multiple salary permanent
http,{S1I3-F2CU68FX-8541PKKK},03/01/2011 12:41:52,CQW0652,PC-3449,http://lockheedmartin.com/WboUhagvat1636367808.htm,report management compensation years benefits initiative job concepts required opening multitask relocation team self industry on-time analyze years experience equivalent responsibilities process develop management skills degree degree industry passion on-time skills on-time multitask multiple interface growth technologies
http,{S2V0-Y4IH10IC-9834OCVE},03/01/2011 17:54:07,CQW0652,PC-3449,http://monster.com/WboUhagvat1180707852.html,concepts hours responsibilities team recruiter industry skills opening report permanent industry people job expert years opening responsibilities industry customer develop guidance equivalent skills self concepts multitask contribute customer customer concepts report resume concepts on-time equivalent team analyze initiative process initiative strong dynamic team platform start
http,{F3Y7-E0BW87QN-4214ONCZ},03/01/2011 18:30:26,CQW0652,PC-3449,http://careerbuilder.com/WboUhagvat660170997.htm,interface management people years expert strong passion guidance multitask platform initiative strong platform sales call develop technologies industry growth equivalent process growth required technologies on-time contribute develop equivalent self benefits industry develop multitask team multitask dynamic call process responsibilities start industry
http,{X8T7-I8RJ83ND-3051NOCA},03/02/2011 13:16:21,CQW0652,PC-3449,http://lockheedmartin.com/WboUhagvat1636367808.htm,required interface passion job guidance management growth develop experience management compensation self multitask start part-time technologies multitask responsibilities permanent skills opening multiple responsibilities expert skills team required engineer resume multiple interface equivalent skills permanent on-line equivalent initiative salary job concepts self customer growth degree report job opening multiple management initiative responsibilities contribute
http,{H5M5-V3MM64HR-6813WCPE},03/02/2011 13:23:55,CQW0652,PC-3449,http://lockheedmartin.com/WboUhagvat1636367808.htm,industry years customer concepts guidance team experience multitask strong degree starter analyze starter starter industry hours develop expert team multitask team resume team years degree resume skills customer expert job guidance people customer technologies job benefits multiple
http,{G4E5-S7BI28UC-0573RZHA},03/02/2011 15:44:23,CQW0652,PC-3449,http://craigslist.org/WboUhagvat1105403916.aspx,on-time resume skills customer customer platform years team on-time platform expert multitask skills passion experience job required hours on-line on-time management required people benefits relocation sales contribute engineer expert management experience concepts people call opening dynamic expert contribute strong years dynamic platform team team interface starter starter multitask
http,{O2P0-J9WT06UP-7626MHTE},03/02/2011 16:11:52,CQW0652,PC-3449,http://job-hunt.org/WboUhagvat919122234.html,industry multiple platform years concepts resume opening compensation concepts passion hours management on-time initiative responsibilities passion multiple interface strong management people experience industry start engineer required technologies starter growth management passion resume on-line dynamic compensation strong dynamic interface growth salary job customer
http,{Y1M8-R8DA00IO-7539POIG},03/02/2011 16:47:54,CQW0652,PC-3449,http://craigslist.org/WboUhagvat1105403916.aspx,opening sales interface interface skills customer hours visual part-time on-time strong passion expert contribute growth customer start strong skills growth interface analyze platform part-time resume growth strong permanent dynamic starter responsibilities growth team years interface job required start required contribute hours guidance years years job initiative years permanent
http,{W7R5-Z1PO13PS-5181XIVH},03/02/2011 17:56:23,CQW0652,PC-3449,http://linkedin.com/WboUhagvat1479839504.aspx,hours responsibilities develop sales responsibilities contribute platform hours required years sales years develop interface experience multiple multiple resume compensation strong contribute required multiple guidance initiative skills process analyze multitask starter skills multiple concepts responsibilities initiative management salary multiple sales required equivalent equivalent visual technologies passion process guidance required dynamic strong starter contribute guidance multitask
http,{P6N4-V8GG24ZB-2688MADK},03/02/2011 18:55:16,CQW0652,PC-3449,http://jobhuntersbible.com/WboUhagvat1258877042.aspx,team experience required skills customer opening technologies job required resume contribute skills management compensation process equivalent start skills start job opening concepts opening growth people passion responsibilities process passion expert technologies experience engineer skills resume years interface salary people technologies experience guidance benefits degree
http,{W6T6-L7RG36EZ-3029KJCK},03/02/2011 19:59:53,CQW0652,PC-3449,http://simplyhired.com/WboUhagvat57469130.jsp,customer equivalent benefits required platform on-line part-time permanent job platform sales benefits develop job contribute experience years passion skills multitask part-time skills customer expert platform job concepts responsibilities strong growth years degree opening management job responsibilities skills equivalent years concepts team passion interface process responsibilities concepts report management opening technologies responsibilities develop years required guidance multitask
http,{L3X0-P3ZW00HW-4596NDHX},03/03/2011 10:39:32,CQW0652,PC-3449,http://craigslist.org/WboUhagvat1105403916.aspx,multiple job skills visual on-time interface platform interface job required team guidance equivalent report degree develop experience analyze initiative strong equivalent years develop customer on-time contribute technologies process interface dynamic hours dynamic skills degree interface required starter permanent contribute guidance skills required platform years job growth dynamic skills degree benefits resume salary experience equivalent years degree on-time resume technologies growth required years multitask on-time
http,{P0D2-D0YM28VG-2462SCTT},03/03/2011 10:44:59,CQW0652,PC-3449,http://linkedin.com/WboUhagvat1479839504.aspx,sales platform multiple responsibilities expert passion permanent customer job customer opening hours job contribute responsibilities degree multitask required sales experience skills dynamic report on-line experience process develop strong growth resume self permanent passion start job experience multitask job multitask multitask skills salary multitask sales guidance degree multiple multiple job responsibilities interface multitask platform platform customer concepts develop degree strong on-time dynamic technologies
http,{Z3K9-V7DK40KF-6284GGNA},03/03/2011 11:21:24,CQW0652,PC-3449,http://job-hunt.org/WboUhagvat919122234.html,technologies initiative expert hours resume skills equivalent people self job resume skills experience industry people industry years people passion analyze team skills degree passion platform skills engineer required report experience management platform dynamic guidance resume sales contribute hours passion salary growth skills sales develop growth interface initiative start interface sales permanent opening skills people process multitask
http,{W6E7-W5FE91DB-5973DKDT},03/03/2011 11:58:16,CQW0652,PC-3449,http://northropgrumman.com/WboUhagvat572113271.aspx,self opening interface hours management years experience multitask skills people people compensation team permanent resume hours team experience benefits contribute equivalent equivalent contribute resume expert starter technologies customer passion concepts passion expert develop compensation required platform resume customer job concepts passion experience dynamic experience multiple management strong experience permanent visual initiative people
http,{Y6J3-U3MJ14BK-1175MPRA},03/03/2011 12:31:04,CQW0652,PC-3449,http://raytheon.com/WboUhagvat343187784.jsp,compensation equivalent years opening part-time industry hours passion contribute process growth industry develop technologies benefits growth guidance platform industry skills management contribute benefits industry customer develop dynamic opening expert equivalent opening technologies report team hours required required skills resume platform people part-time salary platform concepts required team responsibilities develop strong multiple compensation multiple opening
email,{O3R6-Z3DW25JX-4139JLSB},03/03/2011 15:24:00,CQW0652,PC-3449,Kylie.H.Scott@northropgrumman.com,,,Chastity.Quyn.Wilkerson@dtaa.com,32077,0,multitask job experience contribute growth permanent management customer engineer industry visual interface platform passion interface experience required experience equivalent call resume concepts resume degree guidance resume opening technologies customer starter experience degree resume resume customer
http,{R8A9-Y4PF46DP-2878OSZJ},03/03/2011 17:38:43,CQW0652,PC-3449,http://monster.com/WboUhagvat1180707852.html,concepts technologies opening dynamic concepts dynamic growth resume part-time guidance resume customer benefits passion salary platform degree skills dynamic opening multitask concepts required resume initiative job experience permanent concepts required
email,{I7G4-R4DC23NL-8051WSNH},03/03/2011 18:00:54,CQW0652,PC-3449,Kylie.H.Scott@northropgrumman.com,,,Chastity.Quyn.Wilkerson@dtaa.com,61657,0,expert contribute process multiple platform years develop report technologies develop industry platform equivalent experience degree guidance responsibilities platform skills recruiter people degree required strong skills report multiple relocation degree customer develop contribute skills required degree years contribute years job passion
http,{Y6B7-M7FC77FL-0752ZGVN},03/03/2011 18:35:21,CQW0652,PC-3449,http://careerbuilder.com/WboUhagvat660170997.htm,report management team technologies passion hours customer management strong on-time responsibilities passion platform engineer growth platform growth permanent expert skills report degree multiple people multitask develop starter degree report strong initiative multitask part-time equivalent multiple required start job people develop initiative visual customer salary
http,{K8K3-J7YY38GJ-8989QQMW},03/03/2011 19:37:49,CQW0652,PC-3449,http://careerbuilder.com/WboUhagvat660170997.htm,responsibilities multitask equivalent equivalent years sales expert growth customer expert multiple job concepts interface multiple guidance concepts years report resume start resume technologies technologies salary analyze responsibilities degree years industry industry industry dynamic initiative multiple strong develop multiple skills years recruiter degree resume develop strong dynamic resume degree skills technologies opening resume management required contribute team skills
http,{N5V9-W0AL23GF-8637TMLP},03/03/2011 19:49:06,CQW0652,PC-3449,http://simplyhired.com/WboUhagvat57469130.jsp,initiative develop people benefits people analyze concepts resume sales self required sales customer resume contribute concepts analyze management expert resume initiative customer multitask start passion opening customer multitask hours growth develop platform industry technologies passion management team concepts interface dynamic team people analyze interface benefits report concepts equivalent experience opening team opening contribute process develop contribute years required guidance job concepts analyze team skills report report concepts responsibilities growth
http,{W9B8-G0KW49ZF-8811MMSX},03/03/2011 21:00:33,CQW0652,PC-3449,http://craigslist.org/WboUhagvat1105403916.aspx,visual initiative multiple dynamic experience responsibilities sales guidance strong passion skills sales benefits strong multitask process sales years resume on-time report passion resume multiple required opening initiative people management years years dynamic responsibilities report experience experience opening
http,{T3N7-O3ZM22IP-3579ALIH},03/04/2011 09:33:57,CQW0652,PC-3449,http://yahoo.com/hotjobs/WboUhagvat752138490.php,job degree interface years industry responsibilities start compensation skills guidance passion develop equivalent opening process part-time job team years skills job concepts on-time management interface required equivalent opening initiative years platform equivalent multitask sales expert required strong benefits part-time equivalent resume resume interface platform starter contribute strong customer expert
http,{A7K4-B5CC73UR-8365GUAS},03/04/2011 12:37:44,CQW0652,PC-3449,http://monster.com/WboUhagvat1180707852.html,benefits resume dynamic industry job multitask recruiter years on-line customer skills multitask platform multitask passion technologies interface sales opening skills skills people opening growth sales passion passion multiple equivalent interface job benefits expert passion passion degree on-time interface sales experience required compensation contribute technologies required passion equivalent hours self
http,{B8Q3-Z7LI50VN-3754HTEB},03/04/2011 14:25:52,CQW0652,PC-3449,http://lockheedmartin.com/WboUhagvat1636367808.htm,responsibilities on-time degree guidance resume develop technologies industry report opening initiative develop passion on-time experience years interface equivalent job contribute dynamic technologies visual degree customer management resume expert opening strong develop management dynamic multiple interface years
http,{N8X4-V1ZO90VJ-5849EQOX},03/04/2011 14:43:26,CQW0652,PC-3449,http://harris.com/WboUhagvat1919385663.htm,self sales interface skills industry team multiple part-time sales platform contribute opening team job engineer technologies opening benefits growth on-time customer expert multitask opening dynamic growth visual skills part-time strong technologies strong sales passion sales concepts job management job initiative resume develop customer process develop platform platform platform benefits required benefits skills benefits customer compensation passion contribute dynamic job multiple job job initiative
http,{O6T7-V5GU00TC-3537SSKX},03/04/2011 15:06:32,CQW0652,PC-3449,http://boeing.com/WboUhagvat1904327536.htm,equivalent salary management develop multiple opening engineer platform people job report responsibilities people initiative degree contribute compensation responsibilities initiative industry skills initiative required management self guidance sales people responsibilities salary resume initiative self start resume analyze permanent multitask benefits permanent industry opening people sales multitask opening contribute develop on-time technologies responsibilities benefits opening opening process years job on-time experience industry skills people contribute team dynamic people equivalent management responsibilities benefits job growth
http,{P6R7-F0XM20KK-1728BPHD},03/04/2011 15:09:01,CQW0652,PC-3449,http://northropgrumman.com/WboUhagvat572113271.aspx,job on-time skills develop salary passion platform strong on-time experience initiative benefits compensation passion strong job industry industry start start starter industry required opening start permanent expert initiative skills required starter self resume job platform multitask on-time interface required initiative customer responsibilities required degree
http,{R0A9-R4NO74BY-4189CQWP},03/04/2011 19:06:25,CQW0652,PC-3449,http://yahoo.com/hotjobs/WboUhagvat752138490.php,job team concepts analyze years self multitask part-time skills multiple required permanent job dynamic required team experience concepts experience customer multiple visual engineer degree degree platform permanent salary industry job skills interface resume customer degree opening multitask years analyze resume industry management
http,{W7V5-Q9AV83OI-2386MLTC},03/04/2011 20:04:25,CQW0652,PC-3449,http://indeed.com/WboUhagvat1680703797.html,equivalent years responsibilities job hours interface required interface start experience job skills part-time multiple people industry multitask hours guidance platform resume people concepts degree platform passion on-line technologies required dynamic required strong on-time engineer required required required interface benefits report starter job experience recruiter passion
http,{R4H8-U0GB80GU-8359CZAK},03/07/2011 09:42:43,CQW0652,PC-3449,http://raytheon.com/WboUhagvat343187784.jsp,multitask customer experience management responsibilities opening platform experience start people guidance on-time strong expert starter start multitask job required opening self experience concepts recruiter multiple process start start part-time expert expert on-line job dynamic technologies analyze experience process analyze resume starter team sales experience multitask sales strong analyze required industry permanent interface people skills contribute starter industry years responsibilities
http,{P2Y5-A8PG03HC-6772ERYD},03/07/2011 10:29:09,CQW0652,PC-3449,http://raytheon.com/WboUhagvat343187784.jsp,required multitask permanent on-time multitask dynamic process strong people initiative job customer contribute on-line contribute management start resume years multiple equivalent growth guidance job equivalent management responsibilities growth experience contribute experience sales develop initiative job equivalent resume team start develop team permanent strong resume platform years job equivalent required permanent job multitask industry required platform customer responsibilities
http,{E8M7-W0TK85AO-6294MYLF},03/07/2011 12:00:20,CQW0652,PC-3449,http://job-hunt.org/WboUhagvat919122234.html,recruiter degree contribute equivalent initiative degree team growth multitask multitask experience process on-line salary report dynamic degree compensation technologies resume years responsibilities platform resume management opening develop team guidance report technologies analyze industry sales team responsibilities strong growth initiative report part-time team people equivalent part-time experience degree concepts sales industry team
http,{E4J4-K3FS60OZ-3114LBIV},03/07/2011 15:58:13,CQW0652,PC-3449,http://craigslist.org/WboUhagvat1105403916.aspx,equivalent skills degree platform platform multitask interface process benefits resume concepts people contribute permanent strong visual strong required recruiter responsibilities sales team report technologies initiative required contribute concepts benefits interface starter experience sales contribute management people sales multitask salary report required call interface opening
http,{Y5K4-W6US46UM-8358BKHF},03/07/2011 16:27:44,CQW0652,PC-3449,http://jobhuntersbible.com/WboUhagvat1258877042.aspx,platform sales initiative compensation compensation contribute experience customer start develop industry salary required analyze multiple initiative recruiter contribute strong passion responsibilities opening degree recruiter contribute management permanent benefits contribute growth strong concepts required develop equivalent team customer degree passion multiple industry start experience team experience technologies multitask experience interface platform job develop responsibilities passion self skills degree required guidance responsibilities interface resume concepts experience opening customer skills management develop on-line interface experience resume
http,{V1T3-Q3FY48DA-6484GDVP},03/07/2011 16:39:55,CQW0652,PC-3449,http://aol.com/jobs/WboUhagvat1963819229.jsp,management platform starter customer start concepts equivalent equivalent job salary process skills experience passion contribute start sales permanent experience strong degree initiative degree multitask skills sales customer platform resume call on-time on-time expert customer responsibilities degree strong sales compensation skills start relocation concepts required degree degree team team compensation on-time multiple skills on-line experience
http,{W1J8-C3HH97LC-2030HDAW},03/07/2011 21:12:15,CQW0652,PC-3449,http://job-hunt.org/WboUhagvat919122234.html,permanent degree initiative contribute start experience process degree process multiple responsibilities dynamic passion resume initiative call customer guidance team expert management skills experience compensation degree equivalent multitask dynamic technologies sales sales salary opening concepts process skills multitask years interface concepts self skills platform degree contribute benefits on-time job process hours strong recruiter
http,{N9G9-Q2MZ15VC-2751KFYB},03/08/2011 17:31:11,CQW0652,PC-3449,http://raytheon.com/WboUhagvat343187784.jsp,strong sales growth required required start platform multiple expert contribute degree self growth equivalent resume dynamic degree degree customer multitask self years multiple contribute years growth report resume team years initiative management salary analyze contribute report develop customer skills develop develop start develop required strong team customer relocation compensation opening report passion passion required engineer analyze multiple growth interface contribute sales
http,{G8K6-Z7NE15DT-7117XOJX},03/09/2011 09:21:22,CQW0652,PC-3449,http://raytheon.com/WboUhagvat343187784.jsp,platform responsibilities required on-time team contribute people visual job growth responsibilities part-time interface compensation on-time years team dynamic responsibilities permanent skills start customer responsibilities platform guidance benefits experience develop required responsibilities dynamic concepts passion process responsibilities industry team degree on-time report visual expert degree required equivalent salary opening degree self required
http,{U5H2-Q2WM37UC-0963UAUT},03/09/2011 13:10:32,CQW0652,PC-3449,http://simplyhired.com/WboUhagvat57469130.jsp,contribute opening start required sales platform analyze people equivalent responsibilities customer equivalent engineer multiple develop starter self sales experience opening dynamic permanent degree on-line start opening management skills resume analyze resume initiative equivalent skills experience contribute equivalent
http,{U4H3-I0WX72HE-8093AECN},03/09/2011 13:51:49,CQW0652,PC-3449,http://lockheedmartin.com/WboUhagvat1636367808.htm,people dynamic people management salary degree multitask benefits skills required industry years analyze passion concepts part-time expert guidance multiple multitask industry multitask guidance salary platform industry degree call interface multiple industry permanent report interface report guidance required multiple interface
http,{Z3X7-C1IU24EM-6637LELF},03/09/2011 14:32:07,CQW0652,PC-3449,http://lockheedmartin.com/WboUhagvat1636367808.htm,passion skills equivalent benefits industry management report benefits process required multitask team interface team on-time required years job resume growth people job strong sales growth growth passion permanent concepts technologies hours skills growth team job job initiative resume permanent opening industry required dynamic team resume multiple multitask strong salary growth team experience growth
http,{Y9H5-K1NR97LP-4592FASG},03/09/2011 15:15:13,CQW0652,PC-3449,http://job-hunt.org/WboUhagvat919122234.html,years self team hours platform responsibilities customer multitask report dynamic required permanent team management resume experience multiple hours strong on-time skills benefits expert platform hours opening years opening degree degree resume guidance skills passion technologies required multiple engineer develop degree
email,{J0W4-G2AO82IP-2672ORFR},03/09/2011 15:50:27,CQW0652,PC-3449,Kylie.H.Scott@northropgrumman.com,,,Chastity.Quyn.Wilkerson@dtaa.com,24666,0,people job starter skills initiative report management strong job visual multiple dynamic passion on-line responsibilities salary multiple experience recruiter responsibilities resume opening required skills resume start sales required equivalent benefits strong multitask dynamic years start technologies platform analyze team responsibilities experience report dynamic salary passion skills multitask technologies
http,{Q6P9-C7AB48UP-5420OCOD},03/09/2011 16:15:39,CQW0652,PC-3449,http://careerbuilder.com/WboUhagvat660170997.htm,concepts degree customer compensation contribute contribute analyze develop concepts part-time concepts management equivalent start people strong responsibilities growth years salary growth passion multitask permanent opening responsibilities years team management part-time permanent expert skills sales on-line interface experience sales on-time technologies expert
http,{A1Y3-D9LT79UU-5170RFXQ},03/09/2011 17:07:39,CQW0652,PC-3449,http://boeing.com/WboUhagvat1904327536.htm,growth experience benefits process equivalent team multitask customer management team management industry start relocation team permanent required industry technologies start engineer team platform degree skills passion customer sales concepts on-time resume report experience interface passion engineer years multiple skills responsibilities customer technologies required opening
http,{B0V0-S8FE08KJ-5037AHMF},03/09/2011 17:34:23,CQW0652,PC-3449,http://northropgrumman.com/WboUhagvat572113271.aspx,multitask contribute part-time analyze job skills guidance skills interface skills opening starter starter equivalent resume resume people equivalent develop degree sales required report report dynamic responsibilities responsibilities multitask multitask dynamic compensation strong team resume degree analyze multiple experience technologies equivalent job visual resume responsibilities platform guidance experience multiple required job sales multiple degree recruiter skills multiple
email,{N8W6-C5DE07NC-7936CQUI},03/09/2011 20:56:41,CQW0652,PC-3449,Kylie.H.Scott@northropgrumman.com,,,Chastity.Quyn.Wilkerson@dtaa.com,26903,0,years salary required growth process concepts salary experience process develop dynamic multitask expert resume relocation contribute experience visual part-time benefits develop experience starter required multiple multiple people multiple report multiple analyze
email,{Q6M1-M6RP75ON-4651BCLS},03/10/2011 09:31:28,CQW0652,PC-3449,Kylie.H.Scott@northropgrumman.com,,,Chastity.Quyn.Wilkerson@dtaa.com,37612,0,develop customer process growth resume multiple degree required years multiple team platform self skills years skills report multitask management contribute required engineer technologies opening experience part-time job salary years degree degree experience interface multitask recruiter
http,{B2F8-N4ZT37OW-3579LFSN},03/10/2011 09:51:27,CQW0652,PC-3449,http://northropgrumman.com/WboUhagvat572113271.aspx,interface relocation growth interface guidance on-line team job salary job strong years opening compensation required permanent experience concepts engineer resume customer process analyze on-time technologies resume resume multiple develop equivalent process interface required sales degree on-line strong multitask multitask team strong engineer technologies salary sales opening growth relocation management dynamic part-time hours passion concepts multiple growth interface years
http,{T4A7-Q4AO32BO-0088HIZU},03/10/2011 10:12:00,CQW0652,PC-3449,http://job-hunt.org/WboUhagvat919122234.html,industry salary multiple permanent relocation report skills management job visual on-time required management sales people platform multitask permanent concepts contribute platform platform multiple multitask report starter engineer resume strong experience years starter start guidance benefits visual team recruiter on-time equivalent contribute equivalent strong job platform skills relocation team skills multitask experience on-time process hours dynamic job team resume
email,{U9H5-G6US50AY-7156SJXP},03/10/2011 12:27:48,CQW0652,PC-3449,Kylie.H.Scott@northropgrumman.com,,,Chastity.Quyn.Wilkerson@dtaa.com,39947,0,team responsibilities growth customer part-time concepts opening start job people multiple industry engineer develop strong platform contribute on-time job resume equivalent guidance relocation expert skills dynamic growth on-line report multitask process multitask job industry dynamic required multitask expert resume resume skills self technologies permanent analyze years customer growth customer years management on-time passion experience hours people compensation
email,{U4H0-D4RP17SK-5270SMGC},03/10/2011 12:39:17,CQW0652,PC-3449,Kylie.H.Scott@northropgrumman.com,,,Chastity.Quyn.Wilkerson@dtaa.com,61604,0,platform analyze skills skills concepts skills responsibilities guidance concepts dynamic analyze multitask contribute management multiple opening technologies part-time industry platform technologies passion team years team report sales report start permanent initiative passion degree job benefits people degree
http,{D8H2-A1IQ74DR-7792MAWR},03/10/2011 13:03:07,CQW0652,PC-3449,http://craigslist.org/WboUhagvat1105403916.aspx,job equivalent growth required required process call contribute customer multiple technologies experience starter job customer resume develop process sales contribute interface concepts industry team experience multitask multiple skills on-time required multitask required multitask interface strong required growth passion call sales interface people years start on-line interface dynamic platform concepts self years management multitask technologies required concepts initiative required
http,{T4W4-Y2UK96MN-1041UNMY},03/10/2011 15:31:55,CQW0652,PC-3449,http://jobhuntersbible.com/WboUhagvat1258877042.aspx,guidance industry starter interface years strong skills skills on-time job skills compensation concepts experience opening skills people growth multitask contribute process sales dynamic contribute industry growth passion industry develop strong management customer required platform skills degree initiative concepts management platform platform compensation hours
http,{J3E0-C7VV65UW-3512YMWI},03/10/2011 16:43:50,CQW0652,PC-3449,http://jobhuntersbible.com/WboUhagvat1258877042.aspx,customer experience management initiative technologies start interface skills concepts growth sales guidance customer on-line equivalent guidance part-time permanent years on-line hours opening multitask strong skills develop dynamic resume strong passion contribute analyze initiative on-time degree start interface passion interface management report years experience degree part-time management dynamic multitask management responsibilities experience skills
http,{W6U4-R4FN41IJ-9974IBBR},03/10/2011 19:23:03,CQW0652,PC-3449,http://indeed.com/WboUhagvat1680703797.html,experience report hours develop responsibilities industry multiple start multiple sales recruiter management degree job opening process management sales guidance people team job contribute sales on-time part-time opening required passion concepts sales responsibilities
http,{X5H2-F5TV29HM-8577GJVY},03/11/2011 10:00:15,CQW0652,PC-3449,http://northropgrumman.com/WboUhagvat572113271.aspx,report develop years contribute skills visual job strong report analyze industry self skills skills guidance contribute develop technologies skills develop benefits contribute expert strong initiative sales years strong permanent platform required concepts resume interface opening industry growth develop technologies growth responsibilities growth sales on-line permanent multiple people initiative skills visual management responsibilities job start customer equivalent
http,{S8F5-O6PB15FM-3722RGWJ},03/11/2011 15:08:17,CQW0652,PC-3449,http://yahoo.com/hotjobs/WboUhagvat752138490.php,benefits degree expert skills guidance initiative opening report on-time growth skills experience interface required management degree resume start skills job opening strong degree hours benefits process degree job sales passion interface initiative degree guidance multiple team equivalent passion job develop develop initiative benefits responsibilities interface
http,{T7K4-F3IO55LG-3297SQBS},03/11/2011 15:25:18,CQW0652,PC-3449,http://raytheon.com/WboUhagvat343187784.jsp,required resume degree industry on-time dynamic team equivalent degree interface industry years permanent responsibilities team passion team multiple contribute passion starter team technologies experience self experience report report team people benefits skills equivalent industry multiple resume on-time benefits skills people report expert multitask resume degree required growth technologies
http,{Z0S8-O6GZ64KK-5694BVAW},03/11/2011 15:26:24,CQW0652,PC-3449,http://aol.com/jobs/WboUhagvat1963819229.jsp,job permanent passion people people contribute start salary report strong passion responsibilities job customer experience job responsibilities responsibilities start industry dynamic resume technologies contribute responsibilities concepts concepts visual growth strong benefits benefits engineer process technologies starter concepts degree sales passion experience multitask benefits multitask develop experience required platform multiple hours multiple
http,{O8J1-F9OM00EV-6355TNYD},03/11/2011 16:51:31,CQW0652,PC-3449,http://indeed.com/WboUhagvat1680703797.html,part-time on-time sales technologies report degree industry industry multiple growth team analyze required people required responsibilities interface job permanent resume equivalent multitask growth experience on-time on-line strong initiative dynamic growth passion management sales start expert degree hours skills starter degree job degree multiple process start
http,{H3G1-J2WL67UC-9598IFQZ},03/11/2011 19:49:28,CQW0652,PC-3449,http://jobhuntersbible.com/WboUhagvat1258877042.aspx,report contribute initiative passion initiative job develop platform required years required opening hours skills people years resume technologies years years passion degree guidance develop initiative start sales start years multiple degree people permanent dynamic concepts passion industry process people team analyze job
http,{H0Q1-A3VT87OE-7771WQKV},03/14/2011 10:39:53,CQW0652,PC-3449,http://linkedin.com/WboUhagvat1479839504.aspx,sales analyze permanent degree degree equivalent team degree part-time dynamic guidance management salary salary multiple guidance on-time industry self concepts years self multitask industry people degree growth platform strong skills process expert engineer responsibilities resume resume strong salary equivalent process years permanent platform platform concepts people team customer platform on-time initiative equivalent develop experience call guidance on-time strong people
http,{C2D3-Q4BV29FF-8926YQZM},03/14/2011 10:56:24,CQW0652,PC-3449,http://simplyhired.com/WboUhagvat57469130.jsp,platform contribute salary people team report technologies growth responsibilities equivalent develop process experience degree management engineer skills management experience compensation on-time skills passion strong resume guidance responsibilities responsibilities process initiative multiple years job skills management management hours opening process initiative passion required self self process report equivalent interface multiple report on-time experience process benefits job interface contribute salary on-time industry growth concepts experience required customer experience platform call start on-time
http,{C0L7-C7BW96CT-6684IHXU},03/14/2011 12:57:23,CQW0652,PC-3449,http://boeing.com/WboUhagvat1904327536.htm,skills benefits expert team growth concepts sales benefits growth develop job technologies skills equivalent growth report customer start part-time develop sales team guidance resume responsibilities self team permanent multiple process years dynamic degree equivalent develop job passion expert report multitask skills management platform management responsibilities years years contribute multitask years guidance multitask platform industry multiple
http,{R9I2-C7XO20RK-1712DAJO},03/14/2011 17:36:21,CQW0652,PC-3449,http://northropgrumman.com/WboUhagvat572113271.aspx,years required salary dynamic strong equivalent permanent opening customer responsibilities interface team experience multitask opening guidance experience degree skills team experience platform required team analyze dynamic expert required customer initiative customer multiple resume management required contribute multitask engineer report growth platform degree multiple responsibilities years responsibilities required permanent expert people develop dynamic technologies industry industry dynamic passion benefits dynamic
http,{V6K2-P1CQ45DS-5464MRUH},03/15/2011 11:38:17,CQW0652,PC-3449,http://monster.com/WboUhagvat1180707852.html,sales strong develop recruiter analyze strong initiative salary years expert guidance job skills required industry responsibilities permanent responsibilities multitask team report dynamic strong guidance self visual report management initiative degree multitask starter opening concepts job growth develop self report process degree contribute team degree opening self years team initiative required opening salary experience passion develop multitask technologies skills resume compensation degree analyze multiple responsibilities passion start team resume benefits multitask people experience required industry develop compensation develop
http,{U1I0-J7MM33HF-5373SGOK},03/15/2011 12:27:13,CQW0652,PC-3449,http://linkedin.com/WboUhagvat1479839504.aspx,concepts industry experience management report people multitask part-time resume contribute skills contribute platform years contribute multiple dynamic job interface years skills permanent concepts people required team management initiative growth strong develop multitask experience job
http,{M8E6-S9ZM68PA-7129IJWC},03/15/2011 18:54:56,CQW0652,PC-3449,http://northropgrumman.com/WboUhagvat572113271.aspx,self contribute resume contribute responsibilities degree team passion years management multitask concepts multiple job initiative salary years expert strong industry degree sales multitask industry people industry initiative multiple dynamic industry people contribute experience skills dynamic team salary platform customer visual initiative contribute analyze years years years opening engineer analyze degree concepts start
http,{G6M8-O1SF26VZ-7672DOHD},03/15/2011 19:42:39,CQW0652,PC-3449,http://raytheon.com/WboUhagvat343187784.jsp,resume resume develop benefits team platform analyze salary on-time multiple sales years platform resume technologies recruiter concepts required technologies process contribute team expert salary required management start passion technologies develop analyze customer resume platform starter develop job years contribute salary contribute interface years contribute equivalent passion passion skills multiple skills report skills sales
http,{E2L2-X6VD30VH-2872WFCN},03/16/2011 10:36:24,CQW0652,PC-3449,http://aol.com/jobs/WboUhagvat1963819229.jsp,job platform opening multitask develop permanent customer growth permanent multiple responsibilities develop multiple benefits permanent concepts industry dynamic concepts start job skills job opening benefits develop passion hours multiple responsibilities starter multitask skills skills develop process concepts report required opening opening responsibilities strong multiple job benefits multiple compensation opening platform hours
http,{A2I5-V0NN27ZX-9481NVPC},03/16/2011 13:12:42,CQW0652,PC-3449,http://simplyhired.com/WboUhagvat57469130.jsp,opening initiative technologies initiative interface multitask technologies resume report multiple permanent multitask benefits passion dynamic customer team job benefits multitask guidance growth experience opening responsibilities management industry industry interface start people benefits job platform responsibilities degree develop interface skills platform initiative
http,{T5Y6-K8CB03AH-8276TGZK},03/16/2011 13:30:13,CQW0652,PC-3449,http://jobhuntersbible.com/WboUhagvat1258877042.aspx,resume hours people job engineer contribute resume passion management responsibilities contribute technologies experience multiple recruiter start sales job develop management multitask hours dynamic job job compensation engineer multiple compensation sales opening opening skills compensation initiative platform process start opening skills responsibilities benefits people required
http,{D4Z5-X2AK12QO-7286WZPE},03/16/2011 13:49:48,CQW0652,PC-3449,http://northropgrumman.com/WboUhagvat572113271.aspx,salary years platform skills years job skills concepts job sales people develop degree sales starter multiple skills platform analyze growth part-time self platform degree visual years permanent part-time opening concepts job engineer strong develop passion process experience salary sales strong equivalent customer passion permanent visual guidance skills required benefits job people multiple
http,{X9S0-Y2IM83SR-6511AHAV},03/16/2011 18:25:59,CQW0652,PC-3449,http://aol.com/jobs/WboUhagvat1963819229.jsp,multiple on-time hours self degree resume expert team equivalent growth develop equivalent industry starter concepts interface skills resume compensation responsibilities contribute equivalent process compensation start job call contribute customer equivalent growth starter years resume visual required years management self multiple multiple develop dynamic team self skills customer interface people
http,{I7T4-P1VX33GQ-3883QLUF},03/16/2011 18:38:37,CQW0652,PC-3449,http://hp.com/WboUhagvat1944152218.jsp,start on-time concepts responsibilities required people skills passion opening sales develop contribute part-time degree multiple experience expert resume multitask analyze responsibilities start job develop team dynamic required skills customer process job experience required contribute sales on-time visual skills platform job expert
http,{V5Q4-E6GG22FA-4384SASB},03/16/2011 18:57:36,CQW0652,PC-3449,http://indeed.com/WboUhagvat1680703797.html,industry concepts management permanent degree job on-line multiple contribute team interface required team skills start interface benefits concepts start degree contribute passion required part-time platform passion salary multiple interface benefits report job team multitask responsibilities multitask job starter sales strong technologies experience develop develop benefits multiple permanent technologies develop degree customer
http,{X1B3-E8DF22LR-6613SJQF},03/17/2011 09:57:05,CQW0652,PC-3449,http://indeed.com/WboUhagvat1680703797.html,years contribute customer strong industry start multiple salary visual sales hours hours team dynamic people experience process permanent responsibilities contribute process multitask team strong growth on-time starter develop part-time years initiative job multitask equivalent job contribute platform visual experience degree skills contribute equivalent part-time years required job compensation technologies team sales degree develop strong degree multiple concepts skills initiative expert
http,{S0O7-W8FZ45RR-5616JCBU},03/17/2011 10:04:26,CQW0652,PC-3449,http://aol.com/jobs/WboUhagvat1963819229.jsp,guidance platform growth on-time customer technologies guidance permanent compensation years start responsibilities required responsibilities resume salary people salary degree years interface starter team dynamic contribute interface opening years guidance opening required multitask contribute concepts analyze starter permanent management dynamic required degree required develop guidance experience expert process hours sales salary contribute years permanent management
http,{C0K2-K8CW54ST-3756YWHX},03/17/2011 10:22:36,CQW0652,PC-3449,http://indeed.com/WboUhagvat1680703797.html,develop develop start guidance equivalent job responsibilities experience platform responsibilities years multitask responsibilities required report industry industry guidance sales resume responsibilities start job engineer report multitask customer benefits job initiative passion interface experience hours years multiple industry required guidance start report years multiple required equivalent growth responsibilities process passion
http,{W3A4-J1JT85BX-0944KWDZ},03/18/2011 16:23:12,CQW0652,PC-3449,http://simplyhired.com/WboUhagvat57469130.jsp,opening passion experience analyze years people customer strong team experience develop growth team compensation contribute initiative report years team customer equivalent develop degree multitask people hours team required technologies dynamic people degree platform interface starter resume multiple permanent analyze report responsibilities opening multitask contribute on-line dynamic
http,{Y3N7-W4OQ56RE-7158HJXM},03/18/2011 16:42:25,CQW0652,PC-3449,http://monster.com/WboUhagvat1180707852.html,benefits permanent platform compensation on-line initiative interface initiative industry degree resume initiative strong part-time job growth job required process analyze people degree degree engineer call compensation years responsibilities multitask equivalent platform analyze job contribute management management skills required opening experience sales experience degree responsibilities customer process initiative years start hours growth interface initiative sales
http,{D2G7-Q8ZT86HS-3384HWGG},03/18/2011 17:11:38,CQW0652,PC-3449,http://simplyhired.com/WboUhagvat57469130.jsp,develop degree hours resume initiative job develop resume resume resume passion start resume degree multiple multitask resume responsibilities passion self degree industry initiative on-time guidance multiple benefits people on-time responsibilities start required responsibilities report platform platform starter compensation part-time on-time call recruiter resume experience experience on-time multiple required
http,{W6F5-K9WC81FC-6027ACVS},03/18/2011 19:25:58,CQW0652,PC-3449,http://monster.com/WboUhagvat1180707852.html,recruiter experience technologies required report responsibilities degree experience resume years permanent start resume sales sales skills multitask technologies develop passion strong develop experience hours resume start passion platform degree technologies people management technologies skills degree opening report opening growth people start responsibilities team analyze experience
device,{P7Y3-B9JW01MU-5047TLLD},03/22/2011 10:57:19,CQW0652,PC-3449,Connect
device,{G0M4-F2YL91BL-6815MHZP},03/22/2011 11:19:04,CQW0652,PC-3449,Disconnect
device,{K2F7-M2RP32XJ-7414DKRG},03/22/2011 12:02:43,CQW0652,PC-3449,Connect
device,{F9E3-M8HQ07PF-4842XGID},03/22/2011 13:32:43,CQW0652,PC-3449,Disconnect
device,{L8B7-R5FC68ZK-1126JPMZ},03/22/2011 15:28:06,CQW0652,PC-3449,Connect
device,{V9M9-F2LV22QN-8283VATB},03/22/2011 16:39:38,CQW0652,PC-3449,Disconnect
device,{W1R7-A6GX03SC-0669FGLJ},03/22/2011 18:20:11,CQW0652,PC-3449,Connect
device,{V8V0-T1VB53JW-1877PSCG},03/22/2011 18:38:01,CQW0652,PC-3449,Disconnect
device,{C2K6-W5SD29ZP-5563OCJF},03/22/2011 20:06:03,CQW0652,PC-3449,Connect
device,{Y6O2-O2LY79FL-2564BZCI},03/22/2011 20:29:09,CQW0652,PC-3449,Disconnect
device,{D9R2-H2JB83OJ-6908DIUU},03/28/2011 10:02:14,CQW0652,PC-3449,Connect
device,{F4A2-G1IR85BN-8795ZZAT},03/28/2011 10:13:28,CQW0652,PC-3449,Disconnect
device,{Z6F9-R8PQ58PT-8889NFWN},03/28/2011 10:52:21,CQW0652,PC-3449,Connect
device,{P0P5-K1LB69XK-6759GLJR},03/28/2011 12:31:37,CQW0652,PC-3449,Disconnect
device,{C2W9-J9BP41TB-0156GFQE},03/28/2011 15:27:28,CQW0652,PC-3449,Connect
device,{N2D5-O6EX64OV-7983LBGP},03/28/2011 16:11:33,CQW0652,PC-3449,Disconnect
device,{E1E5-C9YX10QK-7579SMOW},03/28/2011 16:15:13,CQW0652,PC-3449,Connect
device,{C6R5-X9JI25NK-3121TSVH},03/28/2011 17:06:55,CQW0652,PC-3449,Disconnect
device,{M1O0-M6CS55QJ-4809DIVG},03/28/2011 17:36:41,CQW0652,PC-3449,Connect
device,{B6D0-Q6NY07EZ-9049SJDZ},03/28/2011 17:40:32,CQW0652,PC-3449,Disconnect
device,{J1T5-F5OW95JJ-0664SJUU},03/28/2011 18:46:25,CQW0652,PC-3449,Connect
device,{V1J7-P3IS66YK-2724GTSM},03/28/2011 19:03:19,CQW0652,PC-3449,Disconnect
email,{S9N1-N3BF76UV-2442XIPS},04/05/2011 15:30:53,CQW0652,PC-3449,Hedwig.Regina.Livingston@dtaa.com,,,Chastity.Quyn.Wilkerson@dtaa.com,26402,0,week position week position thanks of week week of exit notice letter my resignation position my opportunity 2 notice of of letter of resign position my my opportunity 2 2 interview week 2 letter of position resignation my letter my resign resignation resign resign resign 2 2 tender position interview resign resignation tender notice opportunity letter opportunity key of week week my
device,{I2D0-L1WY88RN-7242TWKT},04/06/2011 09:39:20,CQW0652,PC-3449,Connect
device,{G9P0-E2TG89TT-3250DVYQ},04/06/2011 09:48:44,CQW0652,PC-3449,Disconnect
device,{D1L0-Z0LV68MR-9147FJTF},04/06/2011 12:09:05,CQW0652,PC-3449,Connect
device,{R6R5-R0BQ61UK-3666OKAH},04/06/2011 12:32:43,CQW0652,PC-3449,Disconnect
device,{T6T0-U2OI62FT-8317VWJH},04/06/2011 13:02:25,CQW0652,PC-3449,Connect
device,{F6N3-D5KQ97JP-3710TCOV},04/06/2011 13:55:52,CQW0652,PC-3449,Disconnect
device,{W3Y1-V3BA42ID-3371TWIK},04/06/2011 14:00:28,CQW0652,PC-3449,Connect
device,{K1A1-A4JK64XW-9846BCUH},04/06/2011 14:10:37,CQW0652,PC-3449,Disconnect
device,{S5N0-N2BN33QS-1040CPLU},04/06/2011 14:55:57,CQW0652,PC-3449,Connect
device,{N4T1-Y5TA12AY-1620GCFL},04/06/2011 15:18:37,CQW0652,PC-3449,Disconnect
device,{S4C1-X9UK84WP-0463ZWQL},04/06/2011 19:51:19,CQW0652,PC-3449,Connect
device,{O1L9-N0GJ65BP-0201KCVG},04/06/2011 19:54:10,CQW0652,PC-3449,Disconnect
device,{Z9C6-Y9HK47GU-2856KQGC},04/07/2011 10:53:54,CQW0652,PC-3449,Connect
device,{A7R6-Q7TP76BH-6345UDFZ},04/07/2011 11:14:58,CQW0652,PC-3449,Disconnect
device,{F5J6-S7ID63IW-0999CYXB},04/07/2011 11:40:44,CQW0652,PC-3449,Connect
device,{D0L7-E8GA71FV-9637IVMW},04/07/2011 12:55:10,CQW0652,PC-3449,Disconnect
device,{Y9C9-Z1GE67BX-8789FVVG},04/07/2011 13:17:46,CQW0652,PC-3449,Connect
device,{K5J8-N4JN33EF-8232EIOJ},04/07/2011 13:20:13,CQW0652,PC-3449,Disconnect
device,{M4D8-A2BZ26SL-3701HFWE},04/07/2011 13:43:51,CQW0652,PC-3449,Connect
device,{F0U4-P6DD71FF-5106HJEV},04/07/2011 14:41:59,CQW0652,PC-3449,Disconnect
device,{Z5D1-F5TM41WN-0148OXBI},04/07/2011 15:12:22,CQW0652,PC-3449,Connect
device,{Z2H2-R3HV68VU-7310CRCZ},04/07/2011 16:18:28,CQW0652,PC-3449,Disconnect
device,{J6Y4-P6QA82DG-4627IRMQ},04/07/2011 20:36:55,CQW0652,PC-3449,Connect
device,{B4T7-S2JR69BP-9004VMCR},04/07/2011 20:57:25,CQW0652,PC-3449,Disconnect
device,{C4Z4-Y3SW04AR-3079QVOR},04/13/2011 15:54:55,CQW0652,PC-3449,Connect
device,{X3B0-W7HZ85RX-8911THNZ},04/13/2011 15:55:33,CQW0652,PC-3449,Disconnect
device,{Q0T9-D2BO04HB-9332TIOW},04/13/2011 16:20:48,CQW0652,PC-3449,Connect
device,{O3M4-A6BT85GR-8118UINP},04/13/2011 16:57:50,CQW0652,PC-3449,Disconnect
device,{W0T2-C7CF38ZR-3922VREK},04/13/2011 17:09:48,CQW0652,PC-3449,Connect
device,{A2N3-E9HS72RB-3877XQUN},04/13/2011 17:56:35,CQW0652,PC-3449,Disconnect
device,{N1L7-G6NY59RH-6561BLWT},04/13/2011 19:25:20,CQW0652,PC-3449,Connect
device,{S6Z1-G1UC03AX-4912CDCU},04/13/2011 19:35:38,CQW0652,PC-3449,Disconnect
device,{X5S3-V4EH73TK-1683ICNS},04/13/2011 19:43:14,CQW0652,PC-3449,Connect
device,{E6B4-J2EN11MY-2975GERW},04/13/2011 20:05:09,CQW0652,PC-3449,Disconnect
device,{H8B7-V1SC23MA-4167CASL},04/14/2011 09:43:40,CQW0652,PC-3449,Connect
device,{K3U3-O2PX48ZD-0716FLYR},04/14/2011 10:01:05,CQW0652,PC-3449,Disconnect
device,{X6P7-D1ZX50PX-5800OKMU},04/14/2011 10:44:22,CQW0652,PC-3449,Connect
device,{Z1C4-D3HI61MW-6759LRUV},04/14/2011 10:57:20,CQW0652,PC-3449,Disconnect
device,{L0Z2-D0WP79EH-1609YDCZ},04/14/2011 11:59:30,CQW0652,PC-3449,Connect
device,{B7F8-P4IQ07TL-5228KQUT},04/14/2011 13:12:59,CQW0652,PC-3449,Disconnect
device,{U4T8-A2JR79GO-6733NLDE},04/14/2011 13:20:09,CQW0652,PC-3449,Connect
device,{E6D9-F3FI15SB-0246PCYS},04/14/2011 13:23:49,CQW0652,PC-3449,Disconnect
device,{G4T2-F2EK61UC-5937NSKA},04/14/2011 15:31:12,CQW0652,PC-3449,Connect
device,{A5L1-G0GL12AH-7128JGRJ},04/14/2011 16:00:10,CQW0652,PC-3449,Disconnect
device,{P2D4-C7EO24FF-7191WGGH},04/14/2011 16:36:25,CQW0652,PC-3449,Connect
device,{O2C2-K2CQ53BA-1447HRYO},04/14/2011 16:42:30,CQW0652,PC-3449,Disconnect
device,{C4E1-N4SS54GU-8502YBJK},04/14/2011 20:55:06,CQW0652,PC-3449,Connect
device,{V1O0-S9BO32UW-3613OHGV},04/14/2011 20:58:56,CQW0652,PC-3449,Disconnect
