http,{G2E3-K0FX41OJ-5557DORC},01/18/2011 08:42:08,FSC0601,PC-9066,http://aol.com/jobs/WboUhagvat1963819229.jsp,passion customer self sales degree on-line hours degree guidance start years develop initiative interface guidance degree sales develop growth required report required compensation team hours sales recruiter visual job team management years required multiple resume strong growth self passion degree multiple customer guidance degree concepts resume required platform expert customer benefits guidance management job expert guidance multiple permanent recruiter self customer sales
http,{B5C5-Y1KK71SK-9013VIXY},01/18/2011 11:31:34,FSC0601,PC-9066,http://aol.com/jobs/WboUhagvat1963819229.jsp,industry opening management concepts passion job responsibilities opening industry interface required multiple multitask benefits skills customer equivalent skills concepts interface expert platform interface develop hours strong multitask growth skills growth resume multitask growth initiative management multitask required develop growth resume multitask permanent experience strong industry on-line responsibilities degree multiple experience responsibilities multitask multitask contribute concepts required dynamic resume resume on-time report resume self interface initiative benefits contribute part-time guidance
http,{B4O8-N2XJ14YR-8795BHJM},01/18/2011 13:54:16,FSC0601,PC-9066,http://careerbuilder.com/WboUhagvat660170997.htm,skills analyze multitask sales team dynamic skills equivalent process contribute degree team salary contribute opening experience team required passion equivalent job interface benefits permanent degree strong experience interface on-time experience resume relocation multitask guidance years interface equivalent degree concepts skills job hours resume guidance resume expert initiative benefits job industry process develop customer benefits passion develop passion growth people people
http,{L7E3-C2WV26RH-0488XFCA},01/18/2011 16:47:39,FSC0601,PC-9066,http://harris.com/WboUhagvat1919385663.htm,guidance responsibilities resume skills team report equivalent start on-line compensation permanent benefits team responsibilities opening guidance interface contribute required responsibilities passion part-time multiple team equivalent dynamic concepts analyze relocation responsibilities interface sales contribute initiative benefits multitask develop industry multitask develop multitask management management passion benefits job start
http,{B8Y4-V2VG80UE-7257WQWJ},01/19/2011 08:09:21,FSC0601,PC-9066,http://harris.com/WboUhagvat1919385663.htm,required dynamic opening skills salary management experience process team people required strong self skills growth initiative technologies responsibilities expert experience benefits develop job skills guidance strong self experience start team on-line experience passion years initiative growth contribute management develop guidance platform contribute process guidance starter report permanent equivalent multiple technologies contribute dynamic relocation multiple sales years report multitask benefits
http,{K5F6-W9MM34FS-7814URQO},01/19/2011 14:37:13,FSC0601,PC-9066,http://jobhuntersbible.com/WboUhagvat1258877042.aspx,resume customer responsibilities skills management permanent start industry part-time initiative degree opening concepts interface team start sales degree platform equivalent sales initiative management permanent required job responsibilities industry equivalent benefits management industry opening start job platform interface resume skills multiple skills growth dynamic multitask years part-time guidance passion expert hours initiative management process required concepts concepts contribute start resume develop required
http,{M0M4-S4NZ20CC-2442NGMW},01/20/2011 08:02:37,FSC0601,PC-9066,http://indeed.com/WboUhagvat1680703797.html,engineer interface industry years technologies industry contribute develop years concepts years platform resume degree platform recruiter interface report sales passion multitask job required skills strong part-time platform concepts permanent develop degree customer responsibilities job report visual concepts sales required growth develop sales required start platform years growth benefits degree opening opening skills initiative engineer years team contribute customer starter responsibilities job
http,{D7N2-M5VS53DU-6585NTEL},01/20/2011 08:56:38,FSC0601,PC-9066,http://monster.com/WboUhagvat1180707852.html,team dynamic self visual industry responsibilities job compensation sales platform people degree degree interface industry required customer sales expert concepts passion strong self benefits platform experience process benefits benefits years industry degree sales passion industry expert initiative technologies concepts opening permanent growth platform
http,{G5V4-B3ZJ09AO-6920HSBZ},01/20/2011 09:20:30,FSC0601,PC-9066,http://craigslist.org/WboUhagvat1105403916.aspx,dynamic report equivalent skills skills multitask years contribute analyze job experience guidance job initiative responsibilities compensation process growth dynamic sales opening customer required sales resume degree degree analyze customer benefits develop strong passion years years multiple passion
http,{P9I1-J7OD09ZB-6616AZJI},01/20/2011 12:21:17,FSC0601,PC-9066,http://aol.com/jobs/WboUhagvat1963819229.jsp,growth benefits contribute concepts skills opening years required multiple platform people starter degree multiple opening contribute compensation contribute concepts starter visual customer people people initiative experience contribute experience on-time degree analyze experience multitask on-time skills degree multitask management skills report job passion contribute start opening customer growth permanent customer sales equivalent equivalent
http,{J8K1-F1CZ41VO-9026UOSO},01/20/2011 13:26:53,FSC0601,PC-9066,http://harris.com/WboUhagvat1919385663.htm,passion management job passion opening multiple benefits develop required benefits degree interface start platform passion develop technologies opening process people people multitask degree required required strong concepts self interface degree job degree strong required on-line passion report relocation interface resume hours customer multiple team technologies analyze customer equivalent compensation technologies equivalent
http,{R2L0-E0CS18QX-3684IHJU},01/20/2011 14:29:11,FSC0601,PC-9066,http://aol.com/jobs/WboUhagvat1963819229.jsp,people relocation required sales multiple dynamic permanent years contribute start customer job resume required job report equivalent initiative years years initiative industry start relocation skills permanent job required start interface strong concepts dynamic guidance management job multiple starter degree skills contribute
http,{F3W0-R1XD82DX-9785XRCP},01/20/2011 17:02:23,FSC0601,PC-9066,http://lockheedmartin.com/WboUhagvat1636367808.htm,years team multitask interface skills degree team passion growth customer dynamic resume permanent permanent industry multitask management required skills experience customer responsibilities opening strong technologies growth technologies start people concepts opening passion equivalent resume team initiative salary interface growth dynamic experience interface degree contribute interface responsibilities on-time on-time process sales years equivalent passion
http,{U1Q7-L2LA90KL-0132VVGW},01/21/2011 08:43:19,FSC0601,PC-9066,http://monster.com/WboUhagvat1180707852.html,job develop strong job customer responsibilities industry degree opening degree guidance experience management resume on-line responsibilities responsibilities guidance multitask industry interface platform multiple benefits equivalent required develop platform permanent contribute passion opening people analyze required people interface years engineer required management growth guidance strong resume report benefits compensation skills start customer sales years strong resume concepts degree concepts on-time degree initiative contribute analyze equivalent
http,{Q8C2-F8NW66ID-5211MBAK},01/21/2011 10:26:31,FSC0601,PC-9066,http://linkedin.com/WboUhagvat1479839504.aspx,responsibilities equivalent passion experience concepts contribute people analyze equivalent guidance passion analyze equivalent skills interface growth on-time contribute sales dynamic call sales required passion technologies report degree guidance multiple years responsibilities contribute contribute initiative dynamic resume degree multiple initiative skills strong recruiter responsibilities equivalent degree contribute required technologies team responsibilities team years multiple initiative initiative platform
http,{B7P1-K0AW26FA-0463RCAN},01/21/2011 10:41:07,FSC0601,PC-9066,http://indeed.com/WboUhagvat1680703797.html,multitask on-time multiple passion experience platform growth report compensation platform salary multiple management start team management resume experience job dynamic resume years growth report develop process experience contribute compensation experience growth relocation industry develop responsibilities benefits passion visual responsibilities sales responsibilities
http,{Z9M0-N3IE98OC-5976DFLE},01/21/2011 10:44:14,FSC0601,PC-9066,http://craigslist.org/WboUhagvat1105403916.aspx,growth salary engineer report platform growth start multitask develop multitask responsibilities compensation concepts guidance people industry strong concepts part-time responsibilities industry multiple resume experience opening resume team concepts report skills benefits experience multitask required salary recruiter opening required engineer process expert people customer required
http,{Y5C5-F5XC24XR-7396HDFS},01/21/2011 11:36:16,FSC0601,PC-9066,http://linkedin.com/WboUhagvat1479839504.aspx,degree skills passion growth people customer process develop years responsibilities process report dynamic multitask part-time job multitask growth compensation required degree multitask develop resume management industry people dynamic degree concepts dynamic dynamic required multiple salary develop responsibilities initiative multitask guidance skills develop start degree start customer concepts experience self compensation starter on-time multitask interface resume permanent expert self concepts permanent years
http,{T2T1-W2UD76TT-2612OKJA},01/21/2011 11:42:05,FSC0601,PC-9066,http://harris.com/WboUhagvat1919385663.htm,platform job engineer hours resume multitask skills management resume report platform growth platform on-line benefits dynamic years job start degree opening contribute dynamic required part-time multitask opening self opening permanent people part-time starter customer develop years industry team passion concepts customer benefits platform customer self develop hours develop people technologies contribute growth report skills years multiple recruiter
http,{N3B1-D7JI78AH-3241XDKP},01/21/2011 14:22:43,FSC0601,PC-9066,http://job-hunt.org/WboUhagvat919122234.html,concepts on-line multiple degree permanent benefits skills skills team required resume industry permanent visual technologies job skills process resume degree contribute contribute skills skills sales customer industry degree responsibilities concepts dynamic interface years contribute skills skills platform permanent multiple required resume years multiple strong opening on-time dynamic job platform start technologies technologies start contribute equivalent concepts on-time multiple opening responsibilities resume resume guidance technologies
http,{L7Z8-C3TO30FG-4910ROZP},01/21/2011 15:13:22,FSC0601,PC-9066,http://jobhuntersbible.com/WboUhagvat1258877042.aspx,platform multiple sales develop resume customer customer multitask passion multiple dynamic experience multiple platform passion job people resume opening permanent skills sales develop customer people multitask passion process passion team customer sales multiple degree years opening expert contribute degree guidance concepts years technologies job team
http,{I7D5-E8NR69ST-7990HICV},01/21/2011 16:36:46,FSC0601,PC-9066,http://indeed.com/WboUhagvat1680703797.html,multitask management start benefits skills people skills growth job strong skills salary resume degree customer experience platform start multiple develop resume starter multiple on-time sales opening experience skills team required passion growth sales multiple degree management concepts compensation process hours equivalent self growth initiative permanent skills team permanent customer job growth multitask guidance skills start
http,{B0R0-B8IP94NQ-4900JCRW},01/24/2011 08:07:26,FSC0601,PC-9066,http://hp.com/WboUhagvat1944152218.jsp,team hours passion growth opening growth job start experience guidance resume multitask permanent recruiter job part-time team starter analyze initiative job customer interface skills resume technologies strong self opening team opening concepts industry skills guidance degree concepts permanent dynamic hours years multitask part-time
http,{Q6K0-L7KO52SX-3215JGZL},01/24/2011 09:10:47,FSC0601,PC-9066,http://lockheedmartin.com/WboUhagvat1636367808.htm,platform permanent salary industry experience develop platform industry responsibilities required responsibilities benefits process report develop multitask relocation contribute management years opening interface on-time guidance contribute years team contribute required visual resume multitask equivalent self self benefits people contribute contribute passion dynamic on-time resume dynamic analyze multiple customer
http,{E8K2-X6YN81YU-5983BRYJ},01/24/2011 10:46:09,FSC0601,PC-9066,http://careerbuilder.com/WboUhagvat660170997.htm,experience team starter develop self concepts strong management initiative experience guidance initiative strong growth dynamic interface responsibilities industry multitask salary strong contribute report responsibilities visual responsibilities benefits report analyze resume industry job technologies team skills job industry guidance strong on-time customer start team interface start process skills engineer multiple
http,{H3I9-N7BH52WT-9564LYDC},01/24/2011 11:16:30,FSC0601,PC-9066,http://job-hunt.org/WboUhagvat919122234.html,sales resume technologies management responsibilities degree sales platform process team develop management contribute analyze team opening dynamic years opening dynamic analyze initiative job platform platform required customer degree develop initiative dynamic responsibilities growth skills team opening multiple equivalent on-line platform hours contribute resume customer industry skills analyze passion dynamic required skills degree develop job multiple
http,{I6M9-Y3VH09YS-6935SCJO},01/25/2011 13:16:37,FSC0601,PC-9066,http://simplyhired.com/WboUhagvat57469130.jsp,platform responsibilities customer on-line dynamic contribute equivalent years team resume opening passion people sales management management equivalent develop multitask expert team required required dynamic initiative opening required customer on-time experience visual multiple management starter guidance platform growth contribute expert opening required degree guidance guidance multitask
http,{B6N8-M7SS19NK-3209TQFQ},01/25/2011 15:42:38,FSC0601,PC-9066,http://hp.com/WboUhagvat1944152218.jsp,years opening opening dynamic start compensation years report passion required degree dynamic report skills initiative interface growth equivalent equivalent start analyze responsibilities passion concepts on-time degree customer skills recruiter passion strong growth skills technologies years guidance resume passion experience industry industry management responsibilities degree platform report multitask customer opening hours contribute strong experience starter people management multiple technologies initiative compensation dynamic experience skills industry years industry
http,{A5L0-N2QO04OY-3322QHVJ},01/25/2011 16:28:28,FSC0601,PC-9066,http://raytheon.com/WboUhagvat343187784.jsp,multitask equivalent degree industry resume analyze degree sales start industry resume skills sales interface growth skills required compensation opening growth process years on-line opening permanent equivalent years equivalent on-line opening growth degree interface start management equivalent resume team responsibilities develop experience opening develop degree resume people growth concepts
http,{Q0B0-V4UU75VH-6453LMYA},01/26/2011 09:49:05,FSC0601,PC-9066,http://linkedin.com/WboUhagvat1479839504.aspx,hours required permanent growth technologies hours report interface sales start visual skills initiative management strong multiple opening strong responsibilities skills develop sales guidance people initiative resume growth call part-time customer multiple contribute team sales years technologies salary compensation develop sales equivalent required skills growth analyze people benefits
http,{K9K7-F7AP86LA-5830NMOR},01/26/2011 12:43:55,FSC0601,PC-9066,http://hp.com/WboUhagvat1944152218.jsp,opening sales industry permanent job management customer technologies experience management interface report opening interface report dynamic start responsibilities responsibilities start required analyze sales management passion interface job skills experience customer experience years compensation experience start equivalent dynamic starter required call opening team contribute job interface passion years benefits interface industry strong team management start experience part-time required on-time contribute
http,{G1K8-F8ER24AG-2995UCCD},01/26/2011 12:58:31,FSC0601,PC-9066,http://monster.com/WboUhagvat1180707852.html,guidance hours concepts people equivalent skills hours experience skills analyze people visual benefits experience self equivalent permanent report start resume team required customer sales contribute management required analyze report responsibilities job team initiative management industry initiative on-time growth part-time management management platform multitask technologies recruiter skills part-time concepts
http,{M5Y8-Z2EL48DQ-4950BDML},01/26/2011 13:39:24,FSC0601,PC-9066,http://northropgrumman.com/WboUhagvat572113271.aspx,required industry concepts guidance people experience platform guidance permanent responsibilities sales contribute years resume team process customer years develop analyze permanent industry management management experience experience expert experience benefits salary passion sales analyze dynamic concepts job resume process opening platform platform call strong industry years analyze team process dynamic resume benefits permanent expert management skills platform growth multiple
http,{B9J7-F7MO42NG-4996MODG},01/26/2011 14:00:29,FSC0601,PC-9066,http://hp.com/WboUhagvat1944152218.jsp,initiative platform experience platform start experience initiative sales experience opening experience initiative platform growth passion relocation skills required report platform platform platform part-time visual recruiter initiative platform technologies benefits start part-time contribute experience multiple permanent multitask customer equivalent dynamic process on-line dynamic required experience equivalent
http,{A1L0-H8NA93ER-2844FIOC},01/26/2011 15:24:27,FSC0601,PC-9066,http://aol.com/jobs/WboUhagvat1963819229.jsp,sales resume sales people years initiative skills hours guidance concepts platform technologies management multiple platform concepts people multiple job contribute growth develop opening management platform contribute platform multiple sales years people permanent degree degree multiple engineer technologies platform develop multitask team multitask contribute strong customer
http,{I0A9-I6NJ61RR-1703MVNL},01/26/2011 16:18:59,FSC0601,PC-9066,http://raytheon.com/WboUhagvat343187784.jsp,multiple industry interface passion initiative report technologies required experience multiple on-time opening platform benefits job opening years people concepts report skills sales required technologies responsibilities concepts benefits equivalent customer degree industry required report required growth responsibilities multitask hours team guidance skills industry degree skills guidance on-line equivalent analyze responsibilities platform equivalent process management required concepts platform platform permanent customer required
http,{J7L5-G5DN38DC-4826CTHB},01/26/2011 16:57:04,FSC0601,PC-9066,http://raytheon.com/WboUhagvat343187784.jsp,technologies sales team platform contribute analyze multitask platform process years analyze multiple team experience dynamic team responsibilities team contribute customer hours resume concepts multitask job benefits multiple resume self customer permanent part-time multitask team dynamic opening concepts platform skills degree benefits years equivalent analyze start sales engineer job visual
http,{D3X2-K7XP80MR-7972CUND},01/27/2011 09:34:00,FSC0601,PC-9066,http://hp.com/WboUhagvat1944152218.jsp,opening on-time degree degree strong interface technologies part-time multiple expert contribute develop opening strong interface technologies expert opening management experience resume required skills required starter contribute multiple part-time passion years contribute contribute job contribute required interface benefits platform multiple team initiative guidance initiative guidance people
http,{I2X3-N3VI96KA-4827HESO},01/27/2011 09:49:32,FSC0601,PC-9066,http://monster.com/WboUhagvat1180707852.html,experience required sales expert call multiple responsibilities industry passion responsibilities strong multitask resume management on-line customer guidance passion growth experience multiple expert contribute people concepts customer responsibilities people on-line growth experience develop experience resume on-time required customer years report multiple concepts platform part-time resume opening permanent analyze degree concepts opening report experience experience on-line skills analyze report permanent industry benefits opening resume starter years technologies
http,{C3H6-R3IS39TS-2192RXXY},01/27/2011 10:53:17,FSC0601,PC-9066,http://lockheedmartin.com/WboUhagvat1636367808.htm,opening compensation required platform required contribute sales resume passion industry salary team growth concepts permanent start job dynamic skills equivalent team resume multiple customer report call responsibilities starter salary resume part-time equivalent dynamic required degree strong start benefits contribute guidance concepts years growth process concepts multitask
http,{U2U9-W1VC50SR-7263IJZJ},01/27/2011 11:05:36,FSC0601,PC-9066,http://aol.com/jobs/WboUhagvat1963819229.jsp,industry engineer engineer experience management management management platform customer team initiative years technologies experience multiple report permanent permanent expert team job years degree strong sales permanent concepts team permanent benefits opening engineer concepts growth interface years people contribute experience opening skills strong strong concepts experience team skills hours concepts platform people relocation start growth experience analyze team team
http,{S0L7-A6YQ55EN-5999YGBI},01/27/2011 11:56:13,FSC0601,PC-9066,http://yahoo.com/hotjobs/WboUhagvat752138490.php,permanent degree concepts benefits job team experience team report guidance job industry salary develop experience resume skills benefits years hours initiative required years growth required concepts experience compensation team report expert customer salary technologies experience sales experience technologies people multiple responsibilities multiple concepts industry industry skills dynamic permanent compensation skills
http,{P9W2-J4IY10ZR-5726BYEI},01/27/2011 13:41:00,FSC0601,PC-9066,http://indeed.com/WboUhagvat1680703797.html,multitask customer develop required years benefits strong part-time dynamic equivalent contribute engineer concepts benefits industry strong passion degree passion compensation multitask opening skills degree sales multiple skills dynamic experience people multiple contribute compensation concepts analyze industry multitask skills
http,{H2S1-K3BG91UP-3592ZNFC},01/27/2011 13:54:25,FSC0601,PC-9066,http://lockheedmartin.com/WboUhagvat1636367808.htm,skills analyze compensation multitask process management start required hours experience benefits industry initiative concepts contribute platform responsibilities team guidance strong years multitask responsibilities compensation multiple develop multiple equivalent industry hours guidance team starter strong
http,{H9S8-L8XL83NN-5633RYAT},01/27/2011 15:23:19,FSC0601,PC-9066,http://aol.com/jobs/WboUhagvat1963819229.jsp,start strong concepts experience resume degree resume multiple benefits dynamic customer benefits management initiative multitask experience dynamic required process contribute years technologies engineer develop dynamic report starter on-time call years analyze degree concepts hours resume strong multiple salary concepts start job contribute benefits
http,{D5S0-A6XY51HS-3513EFRN},01/27/2011 16:13:36,FSC0601,PC-9066,http://hp.com/WboUhagvat1944152218.jsp,multitask benefits resume initiative resume call skills expert sales resume analyze permanent develop opening customer growth required equivalent years compensation industry compensation resume industry team contribute on-line contribute contribute industry degree industry years contribute permanent develop years contribute degree report degree initiative multiple report customer dynamic degree customer
http,{R1G9-G3EM13XM-0899AHOB},01/27/2011 16:14:41,FSC0601,PC-9066,http://simplyhired.com/WboUhagvat57469130.jsp,skills guidance multitask call skills initiative management degree opening compensation multitask strong degree management resume multiple job responsibilities multiple permanent growth platform required permanent interface team customer skills benefits strong skills multiple process equivalent strong interface experience platform experience opening resume equivalent contribute years
http,{J5N3-J9IF52CW-0046IDUD},01/28/2011 15:20:21,FSC0601,PC-9066,http://lockheedmartin.com/WboUhagvat1636367808.htm,skills responsibilities degree on-time part-time growth management on-time on-time multitask passion concepts management degree guidance report self multiple on-line start skills permanent equivalent multiple dynamic responsibilities compensation management develop report platform strong
email,{J5C2-H6HK45BH-7747OVHO},01/28/2011 16:32:10,FSC0601,PC-9066,ALM5@raytheon.com,,,Felicia.Sloane.Cabrera@dtaa.com,23919,0,equivalent interface team team dynamic part-time resume hours hours degree dynamic develop sales relocation team people experience experience dynamic resume management team customer multitask experience starter multitask team resume dynamic management contribute responsibilities multiple resume opening degree sales job required responsibilities industry benefits equivalent expert dynamic strong expert industry analyze resume on-time skills develop part-time platform contribute process customer analyze team self sales
http,{O0A9-T0OC00ZJ-1223FSZZ},01/31/2011 09:59:54,FSC0601,PC-9066,http://simplyhired.com/WboUhagvat57469130.jsp,multiple years required experience resume skills platform job multiple resume resume on-time part-time start team required equivalent contribute strong people multiple develop platform sales passion platform passion passion opening industry hours job process passion salary start team analyze years required resume equivalent industry concepts opening starter skills initiative opening compensation years self multitask benefits technologies platform opening
http,{L4D7-E9CG83TE-0896MEXI},01/31/2011 10:07:35,FSC0601,PC-9066,http://indeed.com/WboUhagvat1680703797.html,benefits multitask customer equivalent passion analyze hours skills strong equivalent experience growth equivalent strong multitask management strong passion benefits opening skills platform management on-time initiative dynamic platform management contribute interface management years multiple concepts guidance hours years multitask develop process passion strong experience initiative
http,{D2I2-M2ZR73QX-1117DEKE},01/31/2011 10:35:43,FSC0601,PC-9066,http://harris.com/WboUhagvat1919385663.htm,guidance customer skills permanent responsibilities degree people job salary required team required on-line technologies experience resume responsibilities expert salary years team people develop degree required process years experience multitask salary start develop skills resume strong report resume start management guidance customer required management part-time benefits
http,{N5E9-H2RM67QI-4763TKRX},01/31/2011 10:57:15,FSC0601,PC-9066,http://linkedin.com/WboUhagvat1479839504.aspx,degree dynamic start expert expert interface resume start start responsibilities resume develop resume concepts resume concepts years multiple initiative skills compensation part-time skills resume compensation team experience experience skills guidance platform job dynamic experience start hours years resume initiative recruiter experience start team process report required
http,{A4T3-M7NE57EQ-2357DQDZ},01/31/2011 11:02:25,FSC0601,PC-9066,http://aol.com/jobs/WboUhagvat1963819229.jsp,opening self customer on-time report customer responsibilities multiple start responsibilities degree experience multiple develop growth strong job experience process dynamic years opening develop job expert resume opening multitask experience process concepts visual self analyze team equivalent skills equivalent initiative technologies required job skills permanent develop on-time dynamic initiative responsibilities customer
http,{K2I6-Y5WF99HN-7291DMHP},01/31/2011 11:16:59,FSC0601,PC-9066,http://boeing.com/WboUhagvat1904327536.htm,benefits develop required concepts benefits benefits required skills report team expert equivalent benefits initiative report team guidance degree customer expert develop equivalent platform technologies passion customer passion initiative resume management job guidance skills multitask guidance platform technologies resume people experience multitask responsibilities contribute multitask on-time benefits management
http,{G1U0-P0WI06DO-9662KHIJ},01/31/2011 11:25:23,FSC0601,PC-9066,http://hp.com/WboUhagvat1944152218.jsp,process job on-time interface strong equivalent growth technologies compensation job management job contribute experience permanent opening expert strong visual job platform job benefits dynamic required experience management sales platform initiative interface start people customer contribute industry benefits industry multitask guidance sales required sales growth hours salary concepts contribute required technologies required strong job
email,{E1P4-Y6AQ06IV-0107WPCV},01/31/2011 11:56:35,FSC0601,PC-9066,ALM5@raytheon.com,,,Felicia.Sloane.Cabrera@dtaa.com,36351,0,required engineer resume experience develop industry dynamic develop starter team multiple customer start team equivalent part-time analyze growth guidance on-time job passion passion strong responsibilities multiple multitask opening develop management opening concepts contribute self years expert team develop process resume compensation responsibilities management experience required technologies strong multitask initiative benefits growth resume sales responsibilities customer engineer resume self initiative platform visual skills people responsibilities concepts team
http,{P2F7-V7VS19AT-2404VYOY},01/31/2011 12:24:16,FSC0601,PC-9066,http://simplyhired.com/WboUhagvat57469130.jsp,multiple multiple equivalent on-time people sales contribute people multiple industry on-time initiative team equivalent years compensation job strong years develop analyze customer on-time passion report on-line visual hours skills skills technologies multiple skills passion experience process passion team job platform platform people develop guidance team skills technologies multiple job expert
http,{J5C6-I1YE58EM-3119YRCF},01/31/2011 15:58:26,FSC0601,PC-9066,http://hp.com/WboUhagvat1944152218.jsp,people customer industry multiple on-time platform initiative technologies hours customer expert team guidance opening opening job passion people team platform hours required guidance people management opening resume dynamic experience contribute dynamic benefits on-time multiple industry process equivalent process multitask experience
http,{V0O6-N9GU93LC-1637NHJD},02/01/2011 09:19:55,FSC0601,PC-9066,http://simplyhired.com/WboUhagvat57469130.jsp,multiple develop responsibilities dynamic interface compensation contribute skills hours degree dynamic dynamic multitask experience passion people compensation concepts experience skills equivalent resume strong guidance analyze multitask guidance report self customer customer job passion responsibilities industry analyze experience guidance platform report compensation resume resume sales interface develop platform process
http,{H6T3-A3KB54SW-6300LMHY},02/02/2011 07:59:02,FSC0601,PC-9066,http://northropgrumman.com/WboUhagvat572113271.aspx,contribute multitask degree contribute develop sales multiple report analyze concepts multitask required start multiple platform contribute job multitask skills multitask initiative develop years management interface growth years management degree benefits skills on-line sales starter strong contribute responsibilities
http,{L7X3-P9GQ74EP-8482FGAY},02/02/2011 09:30:27,FSC0601,PC-9066,http://job-hunt.org/WboUhagvat919122234.html,concepts analyze permanent degree required develop initiative team contribute platform experience responsibilities on-time benefits self technologies resume job management permanent develop team resume equivalent analyze management resume develop experience growth report call benefits growth develop guidance job years guidance develop industry platform opening management develop analyze equivalent multitask industry strong contribute degree responsibilities team self responsibilities resume sales start team on-time report sales strong industry years growth strong industry
http,{T4U3-E0QD23XW-6428BPJV},02/02/2011 10:21:41,FSC0601,PC-9066,http://aol.com/jobs/WboUhagvat1963819229.jsp,platform job relocation experience customer start management multitask management strong report multitask degree people analyze job team self opening degree job expert starter job sales on-time required customer required experience industry report self contribute sales contribute required self multiple concepts years experience management multitask opening strong years skills develop responsibilities
http,{H8M9-R4JK34OP-9085ORKF},02/02/2011 10:50:46,FSC0601,PC-9066,http://yahoo.com/hotjobs/WboUhagvat752138490.php,starter skills starter years multiple self resume resume self contribute required multiple years interface technologies sales multiple responsibilities contribute platform required concepts concepts develop report sales report hours self report contribute years call technologies opening multitask analyze years initiative industry start platform required opening on-time expert team develop contribute dynamic salary starter concepts process expert industry benefits engineer skills platform starter degree opening
http,{L1T6-B4PG75ZQ-0726IOWT},02/02/2011 11:10:58,FSC0601,PC-9066,http://northropgrumman.com/WboUhagvat572113271.aspx,industry customer job industry benefits process degree concepts management resume experience hours opening sales growth develop required start starter contribute job platform contribute guidance required people resume analyze growth strong on-time responsibilities multitask initiative hours experience skills develop opening degree analyze years
http,{B5F5-Y3WB26DM-3440HPWP},02/02/2011 11:39:25,FSC0601,PC-9066,http://craigslist.org/WboUhagvat1105403916.aspx,required skills relocation growth dynamic interface multiple report skills relocation develop hours expert on-time platform skills platform people initiative multiple people years strong develop develop compensation resume initiative required platform engineer degree required industry responsibilities start equivalent multiple on-line resume hours salary analyze experience required responsibilities visual develop expert management responsibilities opening degree strong
email,{W4N2-P7HQ23XU-0574GFCG},02/02/2011 11:54:18,FSC0601,PC-9066,ALM5@raytheon.com,,,Felicia.Sloane.Cabrera@dtaa.com,39036,0,technologies required contribute start opening required relocation team guidance years required report degree hours degree multitask years opening multiple contribute on-time multiple initiative start develop skills contribute experience experience benefits
http,{C1A5-Z6PG40XN-1242JNLB},02/02/2011 11:56:24,FSC0601,PC-9066,http://harris.com/WboUhagvat1919385663.htm,guidance industry develop industry multitask develop opening process industry report benefits customer initiative responsibilities strong engineer report experience multiple equivalent experience hours growth team degree compensation guidance dynamic process develop strong team passion resume self sales expert experience passion concepts multitask skills management years years process technologies dynamic sales contribute visual resume interface dynamic expert multiple responsibilities dynamic technologies concepts develop people industry start
http,{W9T5-L3PF94NQ-1846TSMV},02/02/2011 13:04:24,FSC0601,PC-9066,http://simplyhired.com/WboUhagvat57469130.jsp,job strong opening equivalent permanent job develop opening hours visual guidance degree strong resume sales analyze experience resume responsibilities management experience concepts people resume team customer analyze analyze benefits multiple hours degree growth platform on-time contribute team start start report opening degree concepts strong equivalent experience team dynamic opening management engineer interface report sales
email,{S5K2-D6PD37DD-2281ZORP},02/02/2011 14:45:15,FSC0601,PC-9066,ALM5@raytheon.com,,,Felicia.Sloane.Cabrera@dtaa.com,41610,0,salary platform technologies industry job skills report degree report strong part-time passion management on-time required industry opening resume industry industry multiple hours contribute team interface contribute skills starter required management visual part-time multiple team experience job concepts resume passion part-time develop degree contribute contribute
http,{W3H3-Z8IC65CI-0432BBMG},02/02/2011 16:05:53,FSC0601,PC-9066,http://jobhuntersbible.com/WboUhagvat1258877042.aspx,dynamic skills multiple growth strong on-time technologies platform benefits customer platform contribute develop concepts on-time salary equivalent start skills interface responsibilities required interface equivalent develop experience customer people report start start required interface hours required customer platform customer resume experience team expert passion technologies multitask start on-line experience people interface skills opening process equivalent industry permanent customer on-line skills
http,{V1K5-F9IP57OG-9293IPFF},02/03/2011 08:06:12,FSC0601,PC-9066,http://hp.com/WboUhagvat1944152218.jsp,multiple sales expert years start on-time contribute dynamic guidance required responsibilities people start skills equivalent years resume job self passion experience sales multitask job industry multitask industry multiple process experience experience responsibilities benefits contribute contribute customer platform platform hours multiple platform sales strong interface multiple
http,{M6I7-U7IX47TA-7485GEMJ},02/03/2011 09:38:03,FSC0601,PC-9066,http://jobhuntersbible.com/WboUhagvat1258877042.aspx,degree multitask contribute multitask initiative experience responsibilities opening required growth passion dynamic management equivalent engineer experience on-line opening people process strong contribute team job experience opening technologies process customer responsibilities technologies concepts degree salary contribute dynamic responsibilities sales multitask degree interface dynamic required benefits multitask
email,{U7U1-E7HA48NX-3917DOMN},02/03/2011 10:19:36,FSC0601,PC-9066,ALM5@raytheon.com,,,Felicia.Sloane.Cabrera@dtaa.com,27668,0,process contribute opening engineer resume experience resume degree passion starter job customer resume degree strong develop report experience job on-time sales management skills customer on-time people develop multitask engineer team management start responsibilities guidance permanent skills resume
email,{H4V9-A8ME28QK-3560PQKQ},02/03/2011 10:34:54,FSC0601,PC-9066,ALM5@raytheon.com,,,Felicia.Sloane.Cabrera@dtaa.com,34655,0,skills benefits strong years platform years develop platform job multitask years develop on-time responsibilities skills multitask multiple permanent technologies resume permanent technologies start concepts opening analyze technologies visual resume engineer analyze industry on-time
http,{Q5U0-U7GP23GP-9434ZNJB},02/03/2011 10:38:17,FSC0601,PC-9066,http://monster.com/WboUhagvat1180707852.html,required customer management opening opening multiple multitask skills permanent equivalent strong sales develop people analyze strong resume resume starter strong years sales industry
http,{J4F4-Y1LB01BR-3282TAJK},02/03/2011 11:27:44,FSC0601,PC-9066,http://aol.com/jobs/WboUhagvat1963819229.jsp,required recruiter team multitask skills management job management interface call management concepts sales starter benefits degree guidance expert strong job benefits start customer opening develop platform resume experience growth guidance contribute growth team growth contribute required growth start management multitask start growth degree team strong multiple people
http,{J4C7-W5XY55XW-7715IDAO},02/03/2011 12:52:14,FSC0601,PC-9066,http://lockheedmartin.com/WboUhagvat1636367808.htm,job sales experience industry experience team resume required years skills multitask years management develop multitask customer interface initiative permanent skills concepts responsibilities responsibilities multitask contribute equivalent interface growth permanent concepts guidance dynamic multiple self job concepts experience benefits multitask experience years job required guidance technologies required sales multiple industry resume required resume customer multiple concepts concepts engineer experience
http,{A3S5-P0QM40SV-8501YTZO},02/03/2011 13:19:14,FSC0601,PC-9066,http://linkedin.com/WboUhagvat1479839504.aspx,skills start management multitask visual dynamic multitask expert benefits report resume experience dynamic growth report permanent skills self required relocation job develop industry multiple permanent initiative interface industry technologies team on-line contribute platform opening equivalent management management benefits platform responsibilities on-line job hours
email,{B1V2-E7ZG64FU-2754ADYW},02/03/2011 14:49:58,FSC0601,PC-9066,ALM5@raytheon.com,,,Felicia.Sloane.Cabrera@dtaa.com,23868,0,expert platform sales analyze multitask strong develop interface report years permanent industry start platform required industry degree process start initiative starter team passion job platform initiative management permanent team team team opening develop start call management self experience salary benefits multiple growth team dynamic responsibilities expert on-time resume equivalent customer technologies interface skills multitask degree contribute
http,{N0D6-R9GQ50VJ-3904GYMC},02/03/2011 16:01:37,FSC0601,PC-9066,http://simplyhired.com/WboUhagvat57469130.jsp,industry customer initiative management report growth people responsibilities passion contribute multitask concepts concepts interface technologies years passion years self contribute customer skills dynamic years skills permanent develop degree responsibilities skills required degree guidance skills call multiple management experience engineer responsibilities passion salary concepts management concepts starter experience equivalent team
http,{H7G6-M7GJ36AG-7797MKGO},02/03/2011 16:07:11,FSC0601,PC-9066,http://boeing.com/WboUhagvat1904327536.htm,guidance equivalent multitask salary experience resume skills required process multitask permanent hours responsibilities interface team part-time sales skills customer experience skills required degree permanent opening salary customer experience hours on-time concepts people management required on-time opening skills start call self experience report benefits dynamic develop responsibilities develop benefits management resume analyze sales technologies multitask contribute
http,{H7L2-S1PV21ZB-9556YXWD},02/03/2011 16:16:57,FSC0601,PC-9066,http://harris.com/WboUhagvat1919385663.htm,on-time team on-time interface compensation platform team skills start concepts experience degree customer experience contribute equivalent permanent management strong concepts contribute start platform guidance customer report start experience benefits required equivalent develop management report industry responsibilities management start initiative multiple job multitask people technologies experience people responsibilities expert benefits required job degree degree equivalent salary years
http,{C9O3-N3JX66VZ-7671QPQY},02/03/2011 16:55:40,FSC0601,PC-9066,http://yahoo.com/hotjobs/WboUhagvat752138490.php,contribute skills analyze concepts multiple years dynamic multitask people years visual required skills salary degree degree start passion start growth people technologies required start growth skills benefits team skills expert experience responsibilities resume develop starter part-time equivalent experience dynamic sales team customer benefits part-time experience skills expert concepts start resume multiple
http,{A5Z0-L6VS89XA-8082ZSDI},02/04/2011 08:20:25,FSC0601,PC-9066,http://craigslist.org/WboUhagvat1105403916.aspx,engineer benefits years multiple job responsibilities salary passion years management customer starter guidance growth develop resume visual team develop skills platform report passion self degree team part-time compensation people degree job sales salary hours skills permanent hours required resume growth management visual multiple concepts sales analyze strong passion job job expert strong equivalent multiple analyze
http,{U0U1-T4VH10AS-0585GXOD},02/04/2011 09:21:07,FSC0601,PC-9066,http://raytheon.com/WboUhagvat343187784.jsp,contribute platform report multitask salary contribute opening team on-time resume salary passion analyze required contribute part-time self benefits strong expert required job dynamic experience customer people engineer interface guidance develop experience platform sales salary required start compensation responsibilities resume
http,{C9T9-F7KB53OY-2411WCSK},02/04/2011 13:02:51,FSC0601,PC-9066,http://hp.com/WboUhagvat1944152218.jsp,platform team contribute opening dynamic dynamic develop dynamic on-time resume sales report multitask experience growth equivalent self years on-line compensation degree experience expert concepts degree develop opening permanent on-time experience platform degree opening call skills experience expert strong equivalent benefits strong engineer initiative required hours guidance growth growth equivalent benefits opening customer concepts part-time skills analyze
http,{U8E4-Y9EO42EV-5752IZYW},02/04/2011 13:24:08,FSC0601,PC-9066,http://simplyhired.com/WboUhagvat57469130.jsp,part-time benefits on-time experience technologies concepts degree customer strong strong management required report equivalent years people platform job analyze multitask concepts multitask platform required permanent required part-time analyze start strong concepts team initiative required engineer dynamic resume multiple sales salary
http,{Z8R0-N9BD20YC-6115UPQC},02/04/2011 13:58:34,FSC0601,PC-9066,http://jobhuntersbible.com/WboUhagvat1258877042.aspx,on-line engineer industry multitask multitask platform years analyze growth initiative multiple visual self resume platform customer engineer growth equivalent concepts strong platform management multiple customer customer hours industry experience sales responsibilities resume technologies growth resume management team initiative dynamic responsibilities benefits contribute resume self multitask passion salary job degree permanent report experience multitask
http,{D1H2-D6IJ54HE-0155OSXS},02/04/2011 14:40:29,FSC0601,PC-9066,http://monster.com/WboUhagvat1180707852.html,process responsibilities equivalent responsibilities opening contribute people contribute expert sales resume team resume expert industry job sales required contribute years initiative customer growth expert management initiative platform years concepts customer analyze equivalent resume report opening develop degree management report people responsibilities team
http,{O2G9-R5TS85ZN-4692TDDB},02/04/2011 15:27:54,FSC0601,PC-9066,http://careerbuilder.com/WboUhagvat660170997.htm,required develop compensation required experience degree years responsibilities strong process passion concepts concepts required multiple multiple industry experience technologies required develop industry skills degree analyze degree call start
http,{V7A7-H1LS82ZJ-8633PDOO},02/04/2011 16:56:12,FSC0601,PC-9066,http://linkedin.com/WboUhagvat1479839504.aspx,degree responsibilities guidance start compensation expert degree opening process industry contribute growth job experience start skills equivalent years team benefits report self strong degree guidance equivalent skills experience
http,{Z5O6-A0VI41LK-9097YFAX},02/07/2011 07:55:43,FSC0601,PC-9066,http://hp.com/WboUhagvat1944152218.jsp,experience management interface report contribute equivalent team report concepts analyze start contribute strong concepts customer develop multitask people interface degree skills responsibilities job technologies
http,{Q0T0-J3YG42BI-9086FZGZ},02/07/2011 10:38:11,FSC0601,PC-9066,http://indeed.com/WboUhagvat1680703797.html,degree initiative team customer platform multiple platform degree team industry passion report opening management responsibilities concepts part-time customer hours expert resume people customer passion experience multiple benefits contribute equivalent engineer starter resume people analyze degree multitask skills opening customer concepts technologies self skills years management customer call engineer technologies develop responsibilities required responsibilities expert dynamic skills analyze passion platform multitask resume required self management contribute required permanent passion years multiple multitask report contribute
http,{J4S6-U5FQ71OF-3297IXEJ},02/07/2011 11:10:32,FSC0601,PC-9066,http://aol.com/jobs/WboUhagvat1963819229.jsp,start skills platform industry start develop years multitask process resume experience equivalent compensation start passion team resume self equivalent strong contribute management passion degree resume degree contribute team on-time on-time strong multitask responsibilities part-time engineer report opening multitask initiative years on-time technologies sales required multiple degree growth expert on-line benefits degree develop equivalent concepts required job skills responsibilities compensation multitask initiative sales permanent sales customer required guidance
email,{G7B3-R3GG49AB-0975TTPU},02/07/2011 12:02:12,FSC0601,PC-9066,ALM5@raytheon.com,,,Felicia.Sloane.Cabrera@dtaa.com,29834,0,skills develop dynamic skills customer passion expert develop visual required multiple start degree responsibilities passion job salary develop platform salary multiple management technologies on-time concepts customer permanent on-time platform equivalent skills responsibilities part-time self starter management equivalent years management degree develop skills guidance contribute interface growth compensation customer degree skills sales interface expert interface contribute years industry passion multitask skills industry expert
http,{T2A6-A9TA59SO-4612DPEJ},02/07/2011 13:02:22,FSC0601,PC-9066,http://raytheon.com/WboUhagvat343187784.jsp,management contribute starter initiative equivalent skills resume concepts develop salary resume passion people report passion people multitask report industry skills passion permanent resume part-time responsibilities job compensation initiative required sales team required compensation industry required platform team industry years process compensation visual industry opening experience on-time responsibilities part-time technologies industry multiple expert expert develop skills degree passion job people
http,{U6D4-O2DI20TJ-8676ZCPU},02/07/2011 14:43:46,FSC0601,PC-9066,http://aol.com/jobs/WboUhagvat1963819229.jsp,resume contribute required people interface strong growth growth expert strong expert customer salary responsibilities skills years team expert initiative interface opening skills sales concepts analyze experience strong opening technologies people benefits guidance benefits resume expert start equivalent report required strong experience years required analyze interface experience resume on-line multitask technologies team contribute responsibilities compensation contribute
http,{V3T4-N9IJ53FF-7093GOCX},02/07/2011 14:53:27,FSC0601,PC-9066,http://lockheedmartin.com/WboUhagvat1636367808.htm,customer degree salary initiative benefits start experience opening team opening required degree benefits multiple concepts job people hours starter years develop required call growth required industry hours analyze develop passion compensation growth multitask analyze industry on-time degree management guidance degree years hours skills technologies multiple opening platform expert guidance contribute contribute opening develop team degree growth expert start management platform
http,{U8X7-V8QF63SX-8980FQPU},02/07/2011 16:22:08,FSC0601,PC-9066,http://jobhuntersbible.com/WboUhagvat1258877042.aspx,customer opening years guidance responsibilities concepts required responsibilities customer experience concepts concepts management experience sales report guidance multitask customer develop compensation required contribute growth years years contribute starter people technologies hours platform dynamic multiple passion multitask industry passion technologies experience sales opening permanent skills resume analyze part-time responsibilities analyze concepts years report industry opening skills
http,{X1A5-F0NW93RK-9703JQZG},02/07/2011 16:42:19,FSC0601,PC-9066,http://raytheon.com/WboUhagvat343187784.jsp,sales interface develop team concepts start analyze passion degree benefits platform growth permanent experience start multitask passion team customer benefits process years guidance recruiter equivalent management dynamic develop multiple analyze on-time on-line team people experience skills contribute multiple job management skills people platform years interface concepts
http,{J5L0-Q9EG57PT-9386SXDT},02/08/2011 09:53:44,FSC0601,PC-9066,http://boeing.com/WboUhagvat1904327536.htm,growth develop part-time dynamic platform develop self permanent job expert contribute benefits expert multitask passion people engineer dynamic management customer customer expert technologies sales strong equivalent multiple platform benefits customer sales guidance degree develop responsibilities equivalent technologies management required resume years customer develop resume equivalent multitask contribute develop develop responsibilities develop develop multiple develop team responsibilities
http,{U3O9-Z5CQ56ZE-8740UVXR},02/08/2011 11:56:37,FSC0601,PC-9066,http://indeed.com/WboUhagvat1680703797.html,expert dynamic report hours sales on-line management platform people report years contribute concepts develop skills on-line interface platform technologies process responsibilities benefits multitask self degree equivalent skills contribute management contribute skills report degree multiple concepts industry people multitask develop compensation resume years report permanent years strong initiative customer
http,{R2J9-P0ER62QG-4004GNXC},02/08/2011 12:40:25,FSC0601,PC-9066,http://indeed.com/WboUhagvat1680703797.html,team platform sales customer contribute skills permanent resume develop on-time salary experience starter concepts required opening analyze years job years relocation years start passion degree resume responsibilities industry experience contribute equivalent platform resume interface concepts experience sales required on-time team contribute sales process responsibilities salary multiple responsibilities sales growth start develop
http,{G9X8-Y4PK58AZ-3391DVCO},02/08/2011 13:00:03,FSC0601,PC-9066,http://jobhuntersbible.com/WboUhagvat1258877042.aspx,benefits responsibilities concepts engineer technologies experience report responsibilities initiative years years dynamic sales initiative analyze multiple analyze strong degree multitask multiple expert degree visual resume degree strong job compensation part-time hours sales salary skills platform responsibilities passion responsibilities contribute years people multiple growth recruiter start self on-time resume experience develop technologies degree people multiple on-time multiple report multitask job
http,{F7O7-Z3UI24KO-6823SAYZ},02/08/2011 15:30:59,FSC0601,PC-9066,http://craigslist.org/WboUhagvat1105403916.aspx,responsibilities passion permanent customer engineer develop people part-time skills multitask job customer responsibilities guidance skills start job expert salary management multitask resume on-time equivalent contribute report required expert dynamic job develop sales dynamic industry self relocation people self team opening technologies sales multiple responsibilities team degree skills management team customer required self concepts benefits skills initiative industry resume team self experience passion skills
http,{X1F1-T4EI67CH-7482PBTZ},02/08/2011 15:39:09,FSC0601,PC-9066,http://raytheon.com/WboUhagvat343187784.jsp,analyze years report passion passion responsibilities initiative industry guidance concepts management initiative multitask compensation passion experience resume multiple experience years dynamic years interface multiple multitask opening concepts years benefits responsibilities multiple multiple growth multiple responsibilities technologies report analyze report people expert initiative equivalent dynamic compensation skills equivalent responsibilities initiative responsibilities years relocation customer years multiple start interface hours develop
http,{G0J9-T0UY87AS-7754WWJV},02/09/2011 08:36:28,FSC0601,PC-9066,http://jobhuntersbible.com/WboUhagvat1258877042.aspx,guidance passion growth dynamic sales equivalent salary years engineer strong job multiple multiple opening team degree experience multiple process self multiple years dynamic guidance passion dynamic self job team technologies salary multitask multitask equivalent strong permanent people industry years opening self equivalent responsibilities multiple degree degree people years develop opening on-time initiative expert guidance equivalent analyze
email,{T5N4-R9YA28LO-4666BHCU},02/09/2011 11:10:07,FSC0601,PC-9066,ALM5@raytheon.com,,,Felicia.Sloane.Cabrera@dtaa.com,26632,0,strong experience experience technologies industry industry skills dynamic years team permanent opening degree skills develop experience responsibilities analyze degree dynamic skills multitask call contribute passion growth contribute multiple develop people technologies job report job required concepts job contribute skills benefits interface expert passion initiative responsibilities platform concepts management salary degree on-time self
http,{E9T0-V2HV19OD-5915HGVP},02/09/2011 12:24:38,FSC0601,PC-9066,http://yahoo.com/hotjobs/WboUhagvat752138490.php,report job job skills strong platform years on-line management interface degree multiple resume report compensation customer degree multitask on-time customer benefits start benefits team opening team experience benefits years dynamic process skills management years initiative people customer industry platform dynamic platform job resume engineer strong develop report passion management customer team
http,{A9Z9-D6PS09KM-2772AAHX},02/09/2011 12:30:19,FSC0601,PC-9066,http://aol.com/jobs/WboUhagvat1963819229.jsp,management platform strong multiple resume resume skills technologies report on-time customer technologies technologies team platform years permanent benefits compensation process growth resume skills starter expert job experience benefits initiative develop passion people engineer skills strong years dynamic responsibilities initiative required platform required initiative concepts benefits required growth experience concepts opening report sales visual dynamic responsibilities experience on-time on-time platform
http,{E3B3-M2VV51YP-7622FHHL},02/09/2011 12:33:46,FSC0601,PC-9066,http://indeed.com/WboUhagvat1680703797.html,responsibilities dynamic engineer initiative guidance compensation process skills equivalent develop multiple hours equivalent equivalent initiative start people process passion sales strong years develop start strong equivalent multitask passion years job contribute develop concepts job strong guidance initiative growth resume
http,{B0E1-D0CA48PR-7258GGPW},02/09/2011 12:55:00,FSC0601,PC-9066,http://craigslist.org/WboUhagvat1105403916.aspx,industry responsibilities industry required interface benefits opening multitask interface concepts benefits passion job years call customer equivalent strong contribute on-line report growth team platform concepts on-time strong expert starter start expert customer opening interface required growth compensation multitask report compensation industry degree sales passion process visual
http,{H8K8-I9CH05ST-5143FBWN},02/09/2011 14:19:27,FSC0601,PC-9066,http://careerbuilder.com/WboUhagvat660170997.htm,experience relocation passion report engineer multitask customer people equivalent initiative expert starter expert contribute growth benefits multiple technologies experience responsibilities degree people relocation skills report customer expert industry concepts hours experience benefits interface contribute report years contribute required opening strong skills sales years analyze starter multitask growth growth job industry permanent
http,{M6G4-N3SC80MT-0770FRTP},02/09/2011 16:03:37,FSC0601,PC-9066,http://aol.com/jobs/WboUhagvat1963819229.jsp,develop skills compensation part-time skills team equivalent multiple initiative passion analyze develop interface develop sales strong sales years multitask years passion passion concepts visual benefits experience growth contribute multiple years skills skills develop develop multiple job experience expert part-time dynamic growth strong management part-time starter skills part-time years strong sales people skills responsibilities benefits opening job initiative platform on-time guidance guidance skills multiple multiple technologies
http,{A2S7-J6EY40ZD-4319QMGR},02/09/2011 16:04:40,FSC0601,PC-9066,http://northropgrumman.com/WboUhagvat572113271.aspx,years multitask industry guidance customer start required responsibilities job part-time resume degree compensation management degree management job required contribute responsibilities analyze management initiative on-time job customer team opening multiple sales analyze job years years contribute people growth guidance visual opening job team multitask passion multiple years strong multiple multiple management analyze compensation expert required dynamic technologies platform initiative sales industry passion job equivalent guidance multiple analyze guidance team contribute recruiter engineer start initiative initiative on-time
http,{M6A9-Z3DI01FN-5853XCAE},02/09/2011 16:16:33,FSC0601,PC-9066,http://indeed.com/WboUhagvat1680703797.html,on-time years responsibilities contribute on-time skills years resume skills report multiple develop growth required start permanent multiple hours recruiter contribute develop team concepts process concepts part-time platform management growth opening multitask report starter degree
http,{H9G7-X5CG99GT-2899BHRY},02/09/2011 16:34:27,FSC0601,PC-9066,http://boeing.com/WboUhagvat1904327536.htm,growth experience concepts expert starter degree call responsibilities platform platform opening multitask compensation passion permanent required equivalent industry multitask skills multitask multiple analyze multitask resume self experience team contribute required job permanent management report develop experience concepts required job people starter team required skills years opening team permanent permanent years permanent customer
http,{B3R5-D9PD97RT-0066KUIG},02/10/2011 16:32:59,FSC0601,PC-9066,http://raytheon.com/WboUhagvat343187784.jsp,passion benefits dynamic analyze benefits platform opening industry equivalent permanent sales required self resume guidance start concepts team team salary management skills growth job opening people equivalent resume benefits customer contribute dynamic passion strong industry team analyze team salary team experience passion required opening platform initiative technologies process interface customer people analyze team dynamic
http,{J3K4-Q6OY10IA-3360AUNZ},02/11/2011 10:14:58,FSC0601,PC-9066,http://boeing.com/WboUhagvat1904327536.htm,degree multitask years strong years strong degree customer experience sales team resume passion growth platform equivalent degree self opening resume growth years job customer multitask skills guidance benefits management interface industry responsibilities dynamic multitask contribute team platform develop multiple years customer years passion concepts salary management multiple initiative responsibilities contribute multiple required starter multiple resume multiple multitask platform industry experience platform job concepts
http,{K0X0-K4MM91WJ-4142ZTRV},02/11/2011 10:20:40,FSC0601,PC-9066,http://careerbuilder.com/WboUhagvat660170997.htm,skills experience opening required contribute responsibilities initiative equivalent management concepts concepts industry resume multitask growth team on-line people job technologies strong customer job sales years people customer degree sales initiative technologies skills multiple job strong technologies multitask growth develop platform experience strong recruiter multitask report expert expert on-time resume growth growth starter
http,{Q1Y1-I4SH93SX-4510IQFH},02/11/2011 10:56:43,FSC0601,PC-9066,http://hp.com/WboUhagvat1944152218.jsp,guidance passion degree experience opening contribute on-line contribute salary permanent part-time guidance customer responsibilities starter degree develop contribute process equivalent growth strong report people passion compensation skills strong strong develop experience required skills degree multiple team multiple permanent customer required on-time platform
http,{Z7G7-I5ZS36IK-4837DYLO},02/11/2011 12:20:09,FSC0601,PC-9066,http://raytheon.com/WboUhagvat343187784.jsp,hours industry salary years self degree passion equivalent resume resume industry opening multitask contribute team expert benefits self analyze opening engineer experience years job equivalent part-time technologies customer multitask sales customer growth sales report years job years compensation benefits years customer multitask contribute skills contribute contribute skills contribute call resume start opening industry guidance management experience team dynamic degree
http,{X5N9-R8FL81UH-4863NDHI},02/14/2011 09:53:19,FSC0601,PC-9066,http://careerbuilder.com/WboUhagvat660170997.htm,sales degree develop skills equivalent people required strong years multiple guidance opening opening experience required years years years equivalent years growth industry years technologies concepts growth process skills responsibilities team guidance guidance sales report skills benefits dynamic multiple industry multitask part-time analyze responsibilities engineer experience multiple responsibilities interface multitask industry develop degree
http,{I9V1-A3IR66YY-3401XOKU},02/14/2011 10:26:42,FSC0601,PC-9066,http://simplyhired.com/WboUhagvat57469130.jsp,strong strong sales self develop strong process concepts experience strong team equivalent experience years start contribute years required management management report sales experience initiative degree initiative responsibilities team people concepts growth concepts resume customer team start platform contribute develop multitask industry process degree permanent multiple on-time team guidance call passion management
http,{R1J2-N5UQ60AG-4371DURE},02/14/2011 11:54:09,FSC0601,PC-9066,http://careerbuilder.com/WboUhagvat660170997.htm,job multitask team opening required degree job equivalent strong interface degree on-time team expert multitask resume management multitask interface analyze sales process contribute compensation equivalent degree skills team degree on-time multitask degree skills initiative resume on-line skills report passion multitask benefits job customer interface start growth initiative required dynamic hours team develop dynamic sales process strong team concepts industry skills multitask management start equivalent
http,{N9N0-R3KR71GM-9779EPDP},02/14/2011 14:05:29,FSC0601,PC-9066,http://indeed.com/WboUhagvat1680703797.html,passion required multitask people passion self call responsibilities opening analyze expert industry expert permanent resume process growth multiple start growth management customer equivalent experience team job responsibilities industry interface people resume responsibilities dynamic customer salary hours multitask equivalent permanent degree passion start permanent resume strong visual sales team resume benefits technologies
http,{N1N6-M3UZ70KZ-4439MDNX},02/15/2011 08:05:59,FSC0601,PC-9066,http://craigslist.org/WboUhagvat1105403916.aspx,industry multiple expert concepts compensation dynamic responsibilities industry degree on-time customer report management resume salary required initiative responsibilities initiative analyze resume visual initiative technologies strong management opening years on-time passion interface passion team recruiter skills develop technologies multitask develop multitask on-time opening multitask analyze on-line
http,{S4P0-W3XY59YK-7722ZIIJ},02/15/2011 11:10:59,FSC0601,PC-9066,http://aol.com/jobs/WboUhagvat1963819229.jsp,required benefits years process passion skills engineer passion initiative report opening contribute resume develop team people self develop platform people develop resume salary guidance passion required customer multiple concepts contribute resume skills team degree expert develop report responsibilities benefits experience multitask guidance on-time on-time on-time years multitask on-time passion start salary team contribute required
http,{Q0U9-K5AF62MC-3146YSAN},02/15/2011 15:05:01,FSC0601,PC-9066,http://harris.com/WboUhagvat1919385663.htm,people technologies starter customer permanent develop passion concepts develop initiative multiple start hours technologies responsibilities degree team skills equivalent customer opening benefits starter resume management benefits degree multiple responsibilities initiative report contribute start report industry relocation platform people engineer years compensation initiative management technologies visual multitask job growth develop resume industry experience multitask resume benefits job management people platform resume on-time develop
http,{Y4E0-O3UX44PS-6160WLUK},02/15/2011 16:45:38,FSC0601,PC-9066,http://craigslist.org/WboUhagvat1105403916.aspx,job team people part-time team salary job degree resume analyze multitask concepts growth start relocation hours equivalent required expert guidance equivalent industry initiative multiple multiple people experience expert on-line equivalent management experience multiple responsibilities interface skills guidance starter passion customer years strong team multiple multiple required experience hours responsibilities passion resume industry opening responsibilities opening management years initiative team multiple industry
http,{U9O1-I2GD65AT-5094QAIJ},02/16/2011 08:36:08,FSC0601,PC-9066,http://hp.com/WboUhagvat1944152218.jsp,passion initiative part-time contribute develop industry hours industry guidance multiple team team years required job platform industry skills permanent report degree customer start industry strong required compensation team experience opening analyze benefits initiative start multitask equivalent growth sales required degree equivalent required passion
http,{N2C2-O7PR46KE-8534LZAC},02/16/2011 08:54:50,FSC0601,PC-9066,http://indeed.com/WboUhagvat1680703797.html,job years equivalent team strong years concepts resume management required people concepts customer technologies multiple management self skills customer concepts resume customer resume job degree skills multiple sales process resume growth degree years experience part-time sales opening opening years job analyze equivalent multitask resume multiple responsibilities equivalent growth analyze contribute opening analyze
http,{O5I8-A0VK88KW-5919WNIG},02/16/2011 11:23:10,FSC0601,PC-9066,http://simplyhired.com/WboUhagvat57469130.jsp,compensation passion degree responsibilities report salary platform management hours responsibilities platform years opening passion interface expert experience dynamic opening years on-time years compensation degree sales degree start required equivalent process years growth growth starter develop customer years management industry responsibilities hours resume customer job concepts degree resume years benefits
http,{B8M2-U8LJ95PR-2774GNRG},02/16/2011 11:47:20,FSC0601,PC-9066,http://raytheon.com/WboUhagvat343187784.jsp,skills experience customer interface required benefits analyze years process equivalent strong concepts multiple develop people management self initiative guidance equivalent starter industry analyze sales equivalent management skills multitask concepts start strong multitask skills growth compensation degree responsibilities interface resume technologies
http,{S9V1-U5SH79NC-0815UADA},02/16/2011 13:54:45,FSC0601,PC-9066,http://jobhuntersbible.com/WboUhagvat1258877042.aspx,equivalent develop dynamic initiative contribute hours years skills report multitask multiple growth customer growth job customer customer initiative skills sales concepts multiple contribute experience required call job responsibilities sales concepts technologies people benefits recruiter start degree years multitask develop start hours opening technologies responsibilities interface process years initiative required team report years experience resume skills
http,{W0P1-O5UW39WC-0679HTHK},02/16/2011 14:45:30,FSC0601,PC-9066,http://linkedin.com/WboUhagvat1479839504.aspx,equivalent platform permanent expert interface degree growth resume equivalent opening report customer job skills expert skills report platform contribute growth process platform compensation customer on-line sales multitask people job starter resume salary initiative passion required sales process process industry experience relocation contribute resume opening responsibilities
http,{D4I3-Z2BX31RF-4570IFNQ},02/16/2011 14:46:03,FSC0601,PC-9066,http://lockheedmartin.com/WboUhagvat1636367808.htm,on-time benefits required contribute required technologies report equivalent concepts experience customer sales benefits process passion passion team analyze benefits engineer team interface visual experience degree management concepts responsibilities years experience growth strong permanent interface guidance management strong degree sales required equivalent contribute multitask resume skills relocation benefits on-time hours analyze starter resume team interface required platform on-line team guidance analyze required dynamic
email,{T2I8-G9CM72OF-8049WFTV},02/16/2011 16:00:16,FSC0601,PC-9066,ALM5@raytheon.com,,,Felicia.Sloane.Cabrera@dtaa.com,15756,0,platform skills self recruiter experience expert technologies sales start sales team contribute resume concepts contribute interface call concepts degree report people platform industry skills process guidance skills platform experience technologies job starter multiple resume team required industry platform concepts develop responsibilities responsibilities multiple skills relocation benefits report
http,{E8H2-A1LV66HB-8005BZWP},02/17/2011 12:03:06,FSC0601,PC-9066,http://lockheedmartin.com/WboUhagvat1636367808.htm,initiative interface dynamic develop management hours concepts multitask resume on-time sales team equivalent required degree resume responsibilities passion responsibilities initiative multitask job required experience equivalent responsibilities interface resume dynamic equivalent skills platform report interface job team customer platform report job resume permanent multiple interface strong years growth contribute platform multitask on-time visual report start technologies on-time sales management degree platform skills
http,{P0P5-N7AY28FA-8493BQNJ},02/17/2011 13:46:14,FSC0601,PC-9066,http://simplyhired.com/WboUhagvat57469130.jsp,experience multitask customer multiple opening compensation required report industry multitask equivalent growth multiple degree contribute start people people engineer analyze interface permanent visual growth equivalent customer technologies expert responsibilities responsibilities dynamic starter part-time expert contribute responsibilities recruiter contribute benefits equivalent contribute job visual dynamic multiple platform passion equivalent experience skills customer responsibilities technologies customer management
http,{G1K5-A7KS87QP-4478ZSVD},02/17/2011 14:28:22,FSC0601,PC-9066,http://northropgrumman.com/WboUhagvat572113271.aspx,start experience required benefits strong develop customer guidance customer start management people experience job report years compensation multitask required responsibilities part-time part-time opening part-time initiative permanent sales multiple opening people initiative equivalent on-time analyze skills management degree start multiple interface passion strong multitask initiative platform people equivalent required benefits responsibilities on-time process experience experience multiple opening industry
http,{K3F8-I9DY28UU-0397YIPU},02/17/2011 14:36:27,FSC0601,PC-9066,http://raytheon.com/WboUhagvat343187784.jsp,resume industry team customer on-time process resume experience responsibilities strong multitask contribute opening required on-line sales dynamic sales develop platform multiple contribute people industry part-time growth dynamic interface dynamic required concepts compensation required opening responsibilities required customer interface platform sales sales years report dynamic initiative multitask required guidance resume skills on-time degree
http,{D4L6-V4PT44RO-6671PMQH},02/17/2011 16:48:43,FSC0601,PC-9066,http://careerbuilder.com/WboUhagvat660170997.htm,on-time experience team platform resume multitask experience concepts platform job report part-time concepts self industry years dynamic start permanent responsibilities multiple benefits industry benefits concepts responsibilities required team sales years compensation multiple degree people industry growth compensation resume on-line multitask strong report resume management years on-time opening people dynamic multitask analyze analyze years part-time permanent initiative develop sales experience concepts responsibilities strong years
http,{P2C1-J4SH81HE-4713LAKB},02/17/2011 17:00:52,FSC0601,PC-9066,http://aol.com/jobs/WboUhagvat1963819229.jsp,experience multitask platform expert customer team opening sales team people multitask required resume on-time interface concepts develop dynamic skills experience team experience interface resume benefits customer multitask years compensation analyze contribute multitask resume platform strong dynamic self visual years experience skills engineer growth industry multitask job years skills guidance part-time contribute engineer required years
http,{H1S3-M6YR34NV-4111KOWO},02/17/2011 17:04:37,FSC0601,PC-9066,http://aol.com/jobs/WboUhagvat1963819229.jsp,strong report required people permanent passion initiative experience report concepts customer passion multitask people people initiative multiple hours benefits people report technologies expert concepts on-time degree interface recruiter responsibilities degree customer resume multitask skills contribute technologies hours self degree years analyze experience concepts degree process required interface hours
device,{Q1F1-H5AE23TM-3395ACGA},02/22/2011 10:20:38,FSC0601,PC-9066,Connect
device,{Y8X3-W3MG63UC-0981KFKB},02/22/2011 10:31:51,FSC0601,PC-9066,Disconnect
device,{N3P3-Z5JU26TJ-3343OHGO},02/22/2011 12:12:08,FSC0601,PC-9066,Connect
device,{N3K9-H9EV07NP-8444LXJV},02/22/2011 12:12:44,FSC0601,PC-9066,Disconnect
device,{K4C0-C2VU92KA-7267BMWX},02/22/2011 12:15:34,FSC0601,PC-9066,Connect
device,{Z0O9-T5PX51ZX-6316SPOM},02/22/2011 12:16:12,FSC0601,PC-9066,Disconnect
device,{C5Q8-A2KL18QN-0487OHII},02/22/2011 16:05:20,FSC0601,PC-9066,Connect
device,{A2J0-P4ZN17CN-1139NMZM},02/22/2011 16:06:14,FSC0601,PC-9066,Disconnect
device,{E8F5-R4CH34FU-9872VWQY},02/22/2011 16:15:15,FSC0601,PC-9066,Connect
device,{U7K8-O1NG90EX-6997QCFG},02/22/2011 16:20:55,FSC0601,PC-9066,Disconnect
email,{R9M2-M7ZD61OI-8309JROD},03/03/2011 10:21:03,FSC0601,PC-9066,Winter.Veda.Burks@dtaa.com,,,Felicia.Sloane.Cabrera@dtaa.com,18313,0,exit exit tender of tender 2 letter week notice resign week 2 interview of key resign resign 2 my letter my 2 resignation my resign notice my week my resign 2 opportunity position my interview thanks my tender 2 notice resign resign week opportunity opportunity position interview tender exit exit resign
device,{W2K3-G9NQ03PO-5965MJDH},03/03/2011 15:13:38,FSC0601,PC-9066,Connect
device,{N4O3-O2TV58LS-2014AKEE},03/03/2011 15:14:46,FSC0601,PC-9066,Disconnect
device,{J0C7-E4NG10LK-8611USXU},03/03/2011 15:23:21,FSC0601,PC-9066,Connect
device,{T3U6-V8HB51II-7466IOMH},03/03/2011 15:24:14,FSC0601,PC-9066,Disconnect
device,{A4F3-E7MO38SH-3524YXMJ},03/03/2011 15:44:46,FSC0601,PC-9066,Connect
device,{W2E8-X0QL63HE-1568AHLJ},03/03/2011 15:57:42,FSC0601,PC-9066,Disconnect
device,{T6U9-L4PJ08DS-2822ZYBK},03/03/2011 16:05:58,FSC0601,PC-9066,Connect
device,{Q8S6-O2KP58CJ-9077KZBH},03/03/2011 16:17:08,FSC0601,PC-9066,Disconnect
device,{Z7C5-P4KH07RP-7093BDZX},03/03/2011 16:18:44,FSC0601,PC-9066,Connect
device,{R6S8-V8QC78KJ-4754MZDF},03/03/2011 16:23:26,FSC0601,PC-9066,Disconnect
device,{U2Y5-Z8IA58VI-3189JBTI},03/03/2011 16:24:03,FSC0601,PC-9066,Connect
device,{I6D7-K2VM30BX-9079YIYH},03/03/2011 16:30:21,FSC0601,PC-9066,Disconnect
device,{T3V4-J1AB94KK-9608YZHW},03/03/2011 16:34:35,FSC0601,PC-9066,Connect
device,{Y0O2-E3CG75BG-6984WQHM},03/03/2011 16:42:31,FSC0601,PC-9066,Disconnect
device,{V7C2-L9NE41FC-7164JFYL},03/03/2011 16:43:24,FSC0601,PC-9066,Connect
device,{A7Y4-Q2AL71KL-9069FNDH},03/03/2011 16:44:58,FSC0601,PC-9066,Disconnect
device,{I4X9-B6AW37EE-8170ZNPO},03/04/2011 08:33:08,FSC0601,PC-9066,Connect
device,{Z1F9-P8VM29UY-1380ZQVC},03/04/2011 08:55:25,FSC0601,PC-9066,Disconnect
device,{Y6T9-Q3UB35OQ-6523VMZQ},03/04/2011 09:42:48,FSC0601,PC-9066,Connect
device,{J7Z7-E8LC20NM-2614CABQ},03/04/2011 09:51:54,FSC0601,PC-9066,Disconnect
device,{W1P3-Y7BQ87AL-6335RKAO},03/04/2011 10:46:21,FSC0601,PC-9066,Connect
device,{W2W9-B4EB30YB-1378XUJS},03/04/2011 10:55:46,FSC0601,PC-9066,Disconnect
device,{Z9C4-R1KO41WM-0255OHBK},03/04/2011 11:33:48,FSC0601,PC-9066,Connect
device,{Q4X2-P9AN38CT-1621JIOP},03/04/2011 12:17:06,FSC0601,PC-9066,Disconnect
device,{N7F1-P5YW54HC-9321AKTT},03/04/2011 15:39:25,FSC0601,PC-9066,Connect
device,{Y6N4-M6FK09BZ-5689GVNQ},03/04/2011 16:09:53,FSC0601,PC-9066,Disconnect
device,{R9O0-K8IU48EZ-7067QYZE},03/07/2011 08:56:46,FSC0601,PC-9066,Connect
device,{V4V2-Q1FH75HO-2497XULN},03/07/2011 09:04:44,FSC0601,PC-9066,Disconnect
device,{X1Q3-O6KS81DO-1800NWGK},03/07/2011 10:41:55,FSC0601,PC-9066,Connect
device,{O1Y2-O3JK68LN-6271XNER},03/07/2011 10:49:14,FSC0601,PC-9066,Disconnect
device,{N3G2-M6ID46SW-4883SMUW},03/07/2011 11:22:06,FSC0601,PC-9066,Connect
device,{K8S5-T8TV34YD-2946QASO},03/07/2011 11:29:35,FSC0601,PC-9066,Disconnect
device,{N5G6-E5ZL26WB-0813IUJC},03/07/2011 11:59:29,FSC0601,PC-9066,Connect
device,{R5W0-C7SN78OJ-1363BCNL},03/07/2011 12:32:22,FSC0601,PC-9066,Disconnect
device,{L8X6-P8PM10NF-9401DMDM},03/07/2011 15:00:57,FSC0601,PC-9066,Connect
device,{J3W8-Q6IM65RK-9541KWZX},03/07/2011 15:16:04,FSC0601,PC-9066,Disconnect
device,{I2G7-O5AJ21VR-9192PWTW},03/07/2011 15:22:58,FSC0601,PC-9066,Connect
device,{V1Z9-Y1QD78MK-9357NOXB},03/07/2011 15:42:59,FSC0601,PC-9066,Disconnect
device,{D1P5-J0LU28KG-2964OUOA},03/07/2011 17:01:09,FSC0601,PC-9066,Connect
device,{E0N9-M7EW48GW-5730YIGN},03/07/2011 17:03:35,FSC0601,PC-9066,Disconnect
device,{Q1Z0-L1BN07PH-1472UZGP},03/09/2011 08:48:42,FSC0601,PC-9066,Connect
device,{Q0E3-Y7ST84IJ-0365TOZC},03/09/2011 08:53:12,FSC0601,PC-9066,Disconnect
device,{I2P5-P7HV49WI-8481FTVF},03/09/2011 09:05:25,FSC0601,PC-9066,Connect
device,{D8E8-Y9QX20VS-7681VYKJ},03/09/2011 09:07:17,FSC0601,PC-9066,Disconnect
device,{X5E0-L3RC65FT-4015UDIW},03/09/2011 11:08:59,FSC0601,PC-9066,Connect
device,{W8W4-D0AR13QN-5871HGCZ},03/09/2011 11:31:32,FSC0601,PC-9066,Disconnect
device,{S0R5-W9IP68CD-6313ZIXO},03/09/2011 11:43:51,FSC0601,PC-9066,Connect
device,{U2Y1-X0OZ69JC-2966FASF},03/09/2011 11:48:17,FSC0601,PC-9066,Disconnect
device,{A5U4-M7LT10EN-6318CGZB},03/09/2011 11:54:43,FSC0601,PC-9066,Connect
device,{N9T1-X4CW78PT-5269BCAT},03/09/2011 12:09:41,FSC0601,PC-9066,Disconnect
device,{T9D2-Z7XY21PW-0424BXDE},03/09/2011 12:18:25,FSC0601,PC-9066,Connect
device,{I5H5-N1EP26VW-1440EOJA},03/09/2011 12:51:18,FSC0601,PC-9066,Disconnect
device,{J2Y1-R8OO87TM-3981BQRS},03/09/2011 13:14:27,FSC0601,PC-9066,Connect
device,{C5D7-J8TX18QU-2899EIFZ},03/09/2011 13:23:33,FSC0601,PC-9066,Disconnect
device,{Z5N0-G4WF68DN-5782KTDM},03/17/2011 10:09:14,FSC0601,PC-9066,Connect
device,{U3J3-W1PY90NV-2719VSLL},03/17/2011 10:24:04,FSC0601,PC-9066,Disconnect
device,{D5G3-T8IY43JC-6503NEXM},03/17/2011 10:54:44,FSC0601,PC-9066,Connect
device,{C2R9-K9ZS01XE-1802ZEFN},03/17/2011 11:24:44,FSC0601,PC-9066,Disconnect
device,{H1S3-F6NO69MD-7798MQGH},03/17/2011 11:37:43,FSC0601,PC-9066,Connect
device,{Q8C4-L9HS21YZ-6756URRW},03/17/2011 12:00:06,FSC0601,PC-9066,Disconnect
device,{N7H8-W5TM06GU-9883JUDE},03/17/2011 13:49:11,FSC0601,PC-9066,Connect
device,{M4W5-V2VA97YN-1872YZYI},03/17/2011 13:49:47,FSC0601,PC-9066,Disconnect
device,{I7O8-Q8BB12BQ-5368KFJZ},03/17/2011 16:18:10,FSC0601,PC-9066,Connect
device,{O1V8-R9VZ12IS-4782BSLU},03/17/2011 16:45:04,FSC0601,PC-9066,Disconnect
