http,{U7C9-F2CS53VZ-2698MPEF},12/27/2010 09:20:16,CCL0068,PC-7699,http://craigslist.org/WboUhagvat1105403916.aspx,on-time degree benefits skills growth concepts platform start process contribute platform dynamic concepts equivalent technologies industry responsibilities resume dynamic report benefits passion experience equivalent technologies concepts skills compensation resume degree passion salary multiple years analyze sales management salary sales resume resume resume multiple interface degree team team resume degree call expert develop opening skills team experience opening hours guidance engineer guidance customer on-line required
http,{K6Q6-R0QT13DW-9330TEBA},12/27/2010 13:43:36,CCL0068,PC-7699,http://monster.com/WboUhagvat1180707852.html,relocation degree concepts team multitask contribute technologies benefits on-line benefits team industry degree resume technologies interface required years start contribute resume experience initiative opening experience expert degree analyze degree
http,{Q9D7-G7OF50RN-2066HFBJ},12/27/2010 15:20:34,CCL0068,PC-7699,http://simplyhired.com/WboUhagvat57469130.jsp,concepts benefits resume responsibilities equivalent resume passion experience skills industry required multiple technologies industry equivalent required contribute part-time platform multiple platform responsibilities resume start degree guidance analyze technologies dynamic equivalent resume team recruiter dynamic initiative starter required opening job growth technologies dynamic start industry responsibilities start compensation industry customer skills process years start job job industry degree strong starter degree analyze equivalent report
http,{N6M0-O9UZ93BK-7115XJNG},12/27/2010 15:42:39,CCL0068,PC-7699,http://monster.com/WboUhagvat1180707852.html,degree growth strong expert team guidance process visual years opening permanent experience opening benefits skills strong multitask strong multitask contribute interface dynamic dynamic industry compensation required management skills management self responsibilities benefits equivalent management salary experience benefits degree customer required visual initiative
http,{Z4D4-Z3CR36AF-1802OHDQ},12/27/2010 17:38:48,CCL0068,PC-7699,http://aol.com/jobs/WboUhagvat1963819229.jsp,sales responsibilities develop industry resume customer skills on-time technologies experience resume experience team multitask industry concepts degree skills team concepts contribute years platform develop years platform passion benefits platform concepts multiple resume sales skills equivalent start dynamic starter skills sales benefits customer degree benefits skills job industry degree develop
http,{R2X1-K2EL35UQ-9537NOEH},12/28/2010 09:42:08,CCL0068,PC-7699,http://raytheon.com/WboUhagvat343187784.jsp,on-time start skills report platform resume years opening customer start interface degree sales contribute guidance platform customer customer multitask initiative guidance equivalent experience skills self visual experience sales call skills benefits guidance expert dynamic contribute customer platform equivalent recruiter interface experience dynamic
http,{O7U6-F6GP95KW-1331FWNP},12/28/2010 10:06:35,CCL0068,PC-7699,http://yahoo.com/hotjobs/WboUhagvat752138490.php,required start interface dynamic team contribute process resume benefits salary passion resume job opening equivalent skills opening passion expert job responsibilities required on-time multiple management management develop analyze skills experience multitask job dynamic concepts customer skills team degree self start multiple growth industry
http,{I5N9-L7MU70HA-0300PSXK},12/28/2010 11:59:09,CCL0068,PC-7699,http://raytheon.com/WboUhagvat343187784.jsp,job contribute relocation start concepts dynamic technologies concepts guidance technologies sales team degree resume degree start multitask salary multitask start years required on-time initiative required concepts analyze contribute years multitask benefits develop experience guidance resume initiative dynamic equivalent team opening report responsibilities dynamic team required experience degree develop
http,{V7Q2-L3KT13WU-8685ZGWF},12/28/2010 12:48:03,CCL0068,PC-7699,http://hp.com/WboUhagvat1944152218.jsp,report start experience management passion engineer opening multiple multitask experience visual concepts platform permanent multiple passion experience contribute interface part-time benefits on-line technologies permanent strong permanent platform interface management years experience years management team sales permanent on-time passion resume benefits responsibilities dynamic customer dynamic visual skills growth experience multiple equivalent team sales concepts skills management
http,{Z2P6-N2LU04KP-7483UACK},12/28/2010 13:19:35,CCL0068,PC-7699,http://simplyhired.com/WboUhagvat57469130.jsp,management multiple passion concepts customer strong responsibilities multitask strong dynamic growth strong sales sales initiative job develop platform team sales dynamic guidance guidance equivalent customer interface degree multitask dynamic initiative engineer sales degree multitask degree resume on-line resume growth growth multiple hours resume permanent equivalent compensation degree interface report passion analyze skills passion passion platform
http,{N1H9-S9BV75SE-1343BOAJ},12/29/2010 15:43:36,CCL0068,PC-7699,http://indeed.com/WboUhagvat1680703797.html,industry sales develop salary growth technologies concepts experience resume growth equivalent equivalent management growth multitask multitask degree customer required people concepts initiative equivalent platform years on-line sales strong start experience skills part-time visual skills opening initiative skills required skills visual growth team management on-line technologies responsibilities
http,{D8U6-T5PG30SW-1082TAAA},12/30/2010 09:08:36,CCL0068,PC-7699,http://monster.com/WboUhagvat1180707852.html,opening on-time interface benefits growth multitask resume skills contribute strong management on-time report multiple report skills job years skills call platform multiple job on-line passion expert benefits interface passion management customer people customer strong platform multiple industry contribute opening management platform opening growth visual equivalent passion growth initiative
http,{F6E5-Y5ML37YF-1267XDBZ},12/30/2010 09:21:32,CCL0068,PC-7699,http://jobhuntersbible.com/WboUhagvat1258877042.aspx,contribute experience management contribute guidance engineer concepts self platform initiative customer multitask degree years experience skills on-time on-time management permanent team develop hours resume develop responsibilities sales initiative skills equivalent resume opening customer expert required opening industry skills opening degree passion multiple degree passion job platform resume starter concepts industry start responsibilities technologies
http,{A2D8-Y7NF95FR-6232JEJS},12/30/2010 09:43:07,CCL0068,PC-7699,http://craigslist.org/WboUhagvat1105403916.aspx,relocation equivalent technologies develop team team report process dynamic relocation start multitask initiative team platform platform salary required responsibilities contribute on-line required equivalent industry starter management hours industry passion passion start initiative required opening expert technologies guidance develop on-time opening develop hours engineer skills multitask visual growth years benefits passion on-time team platform customer multiple years guidance call multitask degree benefits responsibilities strong platform
http,{M8D9-V5XK18MU-1350SEAA},12/30/2010 10:19:25,CCL0068,PC-7699,http://careerbuilder.com/WboUhagvat660170997.htm,customer guidance develop hours hours skills experience platform resume passion resume compensation equivalent years guidance responsibilities benefits management initiative job required multiple industry opening strong develop platform experience customer contribute contribute sales degree analyze part-time customer equivalent responsibilities on-line responsibilities platform equivalent technologies platform dynamic benefits platform equivalent responsibilities on-time team degree passion responsibilities platform industry concepts passion hours start team years concepts
http,{G3F8-O4RE28FH-8783JODN},12/30/2010 10:38:40,CCL0068,PC-7699,http://indeed.com/WboUhagvat1680703797.html,multitask degree process degree on-time skills multitask responsibilities self contribute industry on-time salary develop customer resume strong visual start concepts skills platform permanent people develop multitask experience guidance expert degree responsibilities multitask sales years concepts process passion opening job concepts develop team contribute degree multitask process experience opening starter people opening multitask relocation analyze passion initiative
http,{V5O7-J0AO67XV-6724LOBO},12/30/2010 11:04:35,CCL0068,PC-7699,http://linkedin.com/WboUhagvat1479839504.aspx,responsibilities process industry customer degree years customer initiative skills visual starter develop strong interface multitask process experience interface team initiative multitask multitask dynamic industry on-time team sales experience team technologies process starter responsibilities people call multitask develop required benefits sales develop experience multitask
http,{B7F7-M1KD45BC-5666UOID},12/30/2010 12:04:57,CCL0068,PC-7699,http://monster.com/WboUhagvat1180707852.html,years years industry develop engineer contribute skills required years sales degree interface contribute permanent passion call experience visual on-time skills on-line growth customer start strong report management platform develop resume team start interface multiple part-time interface analyze process concepts initiative skills required people benefits strong resume expert multiple permanent opening sales equivalent passion process people report hours skills
http,{N6A8-H4QN14RK-1025JVCH},12/30/2010 12:41:59,CCL0068,PC-7699,http://yahoo.com/hotjobs/WboUhagvat752138490.php,strong resume industry multitask customer strong sales years interface resume part-time industry skills growth skills job platform passion resume skills team growth permanent benefits opening concepts team platform
http,{N8Y9-L2BU12LB-0001MVKJ},12/30/2010 13:02:30,CCL0068,PC-7699,http://indeed.com/WboUhagvat1680703797.html,customer management opening resume job experience skills contribute dynamic resume growth people benefits technologies management multitask degree equivalent initiative job resume growth develop visual concepts hours permanent multitask responsibilities job develop multitask on-line passion dynamic management experience industry report responsibilities salary dynamic analyze resume concepts contribute hours customer equivalent start technologies equivalent industry multitask technologies resume
http,{G7V6-C8EQ00FC-0676PBHF},12/30/2010 14:11:07,CCL0068,PC-7699,http://craigslist.org/WboUhagvat1105403916.aspx,opening part-time technologies technologies strong degree passion on-time platform opening interface contribute industry equivalent customer hours hours responsibilities guidance required skills skills resume dynamic multiple job benefits required compensation platform contribute start initiative years contribute skills required team opening salary
email,{S3K7-O5GM98ES-3958UVVT},12/30/2010 16:36:23,CCL0068,PC-7699,ANG91@harris.com,,,Camilla.Camille.Leach@dtaa.com,39369,0,resume growth initiative responsibilities sales initiative team process multitask multitask job call skills degree customer sales growth growth initiative technologies hours equivalent responsibilities responsibilities platform required dynamic job multiple responsibilities multiple years job initiative opening required experience degree growth permanent team part-time hours experience years starter develop equivalent report technologies equivalent compensation self contribute guidance resume growth years industry skills on-time start report opening concepts strong engineer develop growth develop develop skills opening people initiative
http,{X5K3-D3SW55KU-7855XXZN},01/03/2011 14:03:44,CCL0068,PC-7699,http://monster.com/WboUhagvat1180707852.html,customer analyze equivalent dynamic opening team salary responsibilities opening growth management opening multitask develop years passion strong customer multitask resume starter strong hours visual multiple job platform initiative equivalent required initiative sales on-line resume concepts analyze degree on-time customer contribute responsibilities passion experience responsibilities start job analyze on-time salary responsibilities required guidance analyze starter platform team dynamic
http,{F9S7-D4CI36MH-8591YMHD},01/03/2011 14:11:12,CCL0068,PC-7699,http://job-hunt.org/WboUhagvat919122234.html,interface management resume sales on-time process responsibilities hours dynamic concepts benefits part-time benefits multiple initiative report platform develop equivalent industry passion analyze experience compensation people team interface multitask dynamic concepts passion experience compensation sales dynamic benefits start multiple job sales management management experience starter degree experience passion customer
http,{Y0T2-D5RK22WB-8051TBOZ},01/03/2011 16:43:16,CCL0068,PC-7699,http://raytheon.com/WboUhagvat343187784.jsp,responsibilities required resume part-time compensation opening required job years strong interface start industry years years opening start skills years report starter strong technologies degree expert process customer skills analyze responsibilities start concepts management job team years report starter technologies salary concepts sales passion develop job part-time dynamic passion
email,{N4R1-N2OB17ND-5374SICF},01/04/2011 11:39:48,CCL0068,PC-7699,ANG91@harris.com,,,Camilla.Camille.Leach@dtaa.com,35709,0,expert experience opening develop permanent resume benefits multitask contribute industry multitask technologies platform strong self years people required passion permanent team equivalent report growth industry analyze expert process multiple contribute dynamic people team compensation industry growth industry resume platform multitask develop start initiative sales passion benefits skills team resume skills initiative guidance process analyze expert customer start compensation
http,{D0Y9-V0KD04PV-1402UNRF},01/04/2011 12:33:13,CCL0068,PC-7699,http://craigslist.org/WboUhagvat1105403916.aspx,contribute resume report opening develop guidance resume passion benefits expert degree sales on-time strong customer technologies analyze technologies opening start benefits job required team contribute required responsibilities start management customer skills interface start multitask
email,{P5D5-D7EY59QD-1882ESBI},01/04/2011 15:05:21,CCL0068,PC-7699,ANG91@harris.com,,,Camilla.Camille.Leach@dtaa.com,24291,0,benefits visual guidance job responsibilities process skills customer equivalent degree dynamic hours platform technologies team start multiple management sales strong initiative contribute opening required experience interface technologies multitask contribute expert multitask initiative required industry customer contribute salary self team responsibilities engineer report responsibilities skills customer industry contribute contribute skills passion report job part-time dynamic hours dynamic responsibilities resume people required hours part-time experience required part-time multiple growth responsibilities sales resume experience platform
http,{O1D6-K6PT55ZX-8234NKBI},01/05/2011 08:50:49,CCL0068,PC-7699,http://boeing.com/WboUhagvat1904327536.htm,skills on-time start contribute concepts contribute on-time strong responsibilities job years job benefits starter benefits hours process technologies engineer opening platform industry dynamic contribute growth experience on-line guidance salary required team required team process equivalent skills contribute analyze guidance years job equivalent strong degree analyze required responsibilities expert years passion resume technologies
http,{Z6N9-J6AL80DW-9972YYBA},01/05/2011 11:26:51,CCL0068,PC-7699,http://monster.com/WboUhagvat1180707852.html,strong concepts experience people degree opening job industry skills skills growth concepts passion resume job required degree multitask salary degree permanent analyze years management growth starter experience passion management team skills interface skills expert people analyze people start passion multiple expert technologies multiple multiple opening initiative management on-time customer develop initiative job hours
http,{L5Z2-G6ZM42TS-8325JPJS},01/05/2011 13:32:10,CCL0068,PC-7699,http://yahoo.com/hotjobs/WboUhagvat752138490.php,interface required benefits report permanent growth degree customer multitask degree job passion growth people develop passion required responsibilities strong on-time technologies skills multitask opening opening develop customer experience customer passion growth guidance resume customer start team sales self start team interface multitask resume resume years report industry customer technologies
http,{W6T1-Y1EV70IB-4534KOIW},01/05/2011 14:01:52,CCL0068,PC-7699,http://monster.com/WboUhagvat1180707852.html,required required relocation on-line experience develop team sales concepts report degree start technologies degree relocation job benefits contribute strong experience experience management responsibilities analyze platform multitask report on-line degree degree skills develop equivalent report expert develop report skills years starter compensation analyze management required initiative permanent
http,{D6U2-A5OG21GJ-1753BJSC},01/05/2011 16:08:55,CCL0068,PC-7699,http://lockheedmartin.com/WboUhagvat1636367808.htm,people management years management contribute multiple develop concepts required call customer multitask strong benefits responsibilities expert multitask initiative degree self part-time responsibilities dynamic opening hours salary growth years required dynamic responsibilities growth skills experience contribute permanent experience opening people strong strong dynamic responsibilities customer equivalent develop people management skills guidance passion process contribute self customer on-time engineer
http,{N4D9-J2WL61MU-5231VODX},01/06/2011 09:53:53,CCL0068,PC-7699,http://lockheedmartin.com/WboUhagvat1636367808.htm,responsibilities expert concepts develop starter skills dynamic salary on-line permanent interface contribute skills contribute responsibilities process permanent initiative multitask develop experience sales team resume contribute contribute resume customer years technologies years team experience degree analyze people visual growth report required engineer process strong starter customer multiple resume required
http,{I3S3-K0ZI90RX-9100FTAM},01/06/2011 17:34:57,CCL0068,PC-7699,http://linkedin.com/WboUhagvat1479839504.aspx,on-time permanent salary initiative growth industry multitask dynamic skills benefits team platform resume required skills required degree experience required skills concepts salary experience platform multiple resume develop people degree industry develop management concepts experience
http,{Q8J8-P9TT26EE-2542DPJS},01/07/2011 08:11:18,CCL0068,PC-7699,http://aol.com/jobs/WboUhagvat1963819229.jsp,concepts required on-time multiple required team responsibilities start responsibilities skills opening resume guidance skills multiple process guidance on-time experience job multitask experience contribute starter strong start experience passion skills hours degree degree industry opening on-line benefits years opening report skills industry years interface
email,{A6H1-I7RU88RJ-6260EIJC},01/07/2011 08:44:56,CCL0068,PC-7699,ANG91@harris.com,,,Camilla.Camille.Leach@dtaa.com,20184,0,interface management degree people industry platform process required opening develop on-line opening contribute permanent dynamic concepts platform skills responsibilities passion responsibilities job starter equivalent passion platform platform degree required on-time multiple hours interface responsibilities equivalent multitask industry interface multitask report sales develop multitask concepts part-time opening on-time initiative team process self team customer analyze multitask team guidance interface sales process permanent technologies experience degree
http,{X6L3-M6IX90VC-0643DGPY},01/07/2011 10:23:27,CCL0068,PC-7699,http://raytheon.com/WboUhagvat343187784.jsp,contribute report technologies starter initiative start start years self years customer benefits on-time develop strong relocation multitask experience resume team industry management required start growth opening guidance equivalent team self platform job report initiative engineer platform responsibilities skills start guidance expert recruiter people concepts
http,{C6W0-A2BH94YI-5842ERTU},01/07/2011 15:55:36,CCL0068,PC-7699,http://craigslist.org/WboUhagvat1105403916.aspx,strong experience resume management multitask initiative equivalent concepts multitask visual develop job contribute required skills experience permanent passion report analyze sales guidance responsibilities passion contribute start analyze strong platform self skills customer visual skills concepts benefits recruiter permanent skills on-time resume opening multiple responsibilities benefits dynamic degree resume skills concepts salary resume
email,{L8R4-F1ZK69AA-6021VZCK},01/07/2011 15:56:30,CCL0068,PC-7699,ANG91@harris.com,,,Camilla.Camille.Leach@dtaa.com,60305,0,develop resume guidance resume job growth expert starter sales contribute salary degree equivalent expert analyze multitask years on-time growth growth equivalent responsibilities multitask platform experience part-time job team compensation contribute sales benefits
http,{X1T5-E1HH31IC-7015SYLA},01/07/2011 17:37:30,CCL0068,PC-7699,http://raytheon.com/WboUhagvat343187784.jsp,responsibilities platform part-time engineer platform opening industry platform industry resume develop required multitask interface responsibilities guidance equivalent contribute management team years skills starter team degree expert customer analyze initiative start technologies required years dynamic contribute platform people multiple expert relocation resume start multiple dynamic management equivalent process
http,{J1W0-M2MD90LC-0910PJZR},01/07/2011 17:42:17,CCL0068,PC-7699,http://lockheedmartin.com/WboUhagvat1636367808.htm,platform part-time concepts growth growth experience platform technologies sales required passion interface concepts multitask people industry team required team skills report concepts contribute engineer visual platform required initiative benefits opening resume job compensation on-line concepts sales people guidance skills industry interface team job self growth experience develop contribute industry experience process responsibilities responsibilities develop management degree
http,{K8I9-A8TK07VO-9590CSJK},01/10/2011 08:31:27,CCL0068,PC-7699,http://monster.com/WboUhagvat1180707852.html,responsibilities technologies benefits growth analyze degree self start required self guidance years skills guidance degree people required opening develop permanent expert initiative benefits contribute contribute resume analyze growth multitask management report sales people engineer analyze equivalent on-time opening passion industry on-time required team equivalent skills skills part-time experience compensation resume resume people
http,{K5A9-B8CK53NC-1493DMXZ},01/10/2011 09:11:22,CCL0068,PC-7699,http://indeed.com/WboUhagvat1680703797.html,interface strong benefits team technologies starter required platform equivalent skills management industry permanent degree team on-time required initiative years multitask initiative multiple expert on-time strong responsibilities on-line customer experience degree growth experience guidance customer sales contribute compensation benefits expert opening required on-time guidance management skills job process
http,{Y5V9-A4EG59EY-9061LXNJ},01/10/2011 10:10:12,CCL0068,PC-7699,http://hp.com/WboUhagvat1944152218.jsp,degree process dynamic skills skills salary team engineer multitask multitask team opening multitask multiple multiple concepts customer resume responsibilities equivalent starter develop develop sales skills multitask years on-line required multitask start develop technologies job industry engineer equivalent interface sales responsibilities management resume expert required opening start job equivalent
http,{O7U8-Q2NN06MP-0296SKZW},01/10/2011 10:34:59,CCL0068,PC-7699,http://simplyhired.com/WboUhagvat57469130.jsp,self job multiple equivalent customer starter call growth on-line people develop degree contribute multiple responsibilities platform engineer compensation sales on-time multiple people guidance industry benefits report opening start passion job years degree job responsibilities engineer multiple permanent start required management guidance years multiple on-line hours required engineer responsibilities engineer degree resume concepts
http,{R9A4-H9RS88MX-6924IPAV},01/10/2011 11:31:34,CCL0068,PC-7699,http://lockheedmartin.com/WboUhagvat1636367808.htm,visual opening start report multitask dynamic report part-time engineer opening permanent platform required industry skills years engineer report degree years skills opening on-time expert growth part-time passion customer opening concepts degree dynamic benefits management permanent people visual skills strong salary visual degree dynamic platform start multiple passion team multiple part-time responsibilities
http,{F2P9-F8AV42ZY-3717LQPM},01/10/2011 11:53:52,CCL0068,PC-7699,http://craigslist.org/WboUhagvat1105403916.aspx,management resume initiative years management analyze technologies report industry equivalent on-time required management required experience opening team develop skills years team hours contribute passion skills benefits multiple permanent sales years technologies process sales degree platform skills guidance strong develop contribute job responsibilities expert process years initiative resume opening multitask multiple guidance contribute degree guidance analyze analyze industry
http,{M4C2-V2EK52FM-6664SSNF},01/10/2011 12:11:39,CCL0068,PC-7699,http://job-hunt.org/WboUhagvat919122234.html,technologies multitask management self multiple responsibilities concepts responsibilities skills management years skills platform report years salary multiple starter management salary contribute report dynamic interface job experience multitask multiple customer responsibilities experience team team multiple relocation on-line opening permanent multiple required customer call
http,{X0K3-X7TA60VN-7026PMZY},01/10/2011 15:09:01,CCL0068,PC-7699,http://simplyhired.com/WboUhagvat57469130.jsp,multitask resume passion required interface compensation concepts job growth degree starter interface start degree part-time responsibilities concepts multitask multiple people customer technologies visual guidance develop compensation opening job required passion degree salary start starter contribute responsibilities concepts customer industry responsibilities dynamic job strong degree passion equivalent develop recruiter
http,{P8A0-V5DY47ND-3443BTDR},01/10/2011 16:50:04,CCL0068,PC-7699,http://simplyhired.com/WboUhagvat57469130.jsp,responsibilities years analyze years compensation team sales benefits job start responsibilities dynamic management team platform equivalent salary responsibilities strong multiple platform analyze visual interface initiative benefits opening team develop contribute expert industry sales team sales job skills develop sales on-line team report skills benefits sales responsibilities required sales required contribute guidance
http,{B7O3-N7CU06RI-7382VERT},01/11/2011 11:24:28,CCL0068,PC-7699,http://raytheon.com/WboUhagvat343187784.jsp,multiple growth team experience growth permanent required multiple skills required permanent starter platform strong required multiple sales experience compensation growth report initiative experience part-time multitask opening platform responsibilities required opening skills initiative team contribute required people resume dynamic multitask resume job degree skills platform
email,{E3K3-B8ZB62CQ-8979QVEN},01/11/2011 13:06:08,CCL0068,PC-7699,ANG91@harris.com,,,Camilla.Camille.Leach@dtaa.com,21431,0,dynamic engineer expert skills team interface strong compensation interface strong start responsibilities years salary years sales industry customer report required opening experience process report opening skills responsibilities starter expert degree customer industry customer sales multiple dynamic required initiative expert develop platform on-time technologies multitask opening people technologies salary responsibilities dynamic technologies resume team relocation permanent multitask contribute passion guidance team experience multitask process management initiative report required experience
email,{A0J0-K5CJ01SV-7622BTNQ},01/11/2011 15:13:53,CCL0068,PC-7699,ANG91@harris.com,,,Camilla.Camille.Leach@dtaa.com,35471,0,sales guidance self initiative technologies multitask concepts resume platform guidance opening starter passion salary visual concepts process compensation responsibilities years initiative years resume expert management expert team permanent experience contribute degree management self people compensation degree
http,{Z6Q1-F8IM06DO-0293PIHD},01/11/2011 15:15:52,CCL0068,PC-7699,http://job-hunt.org/WboUhagvat919122234.html,interface opening report management on-time people develop develop technologies years permanent concepts experience develop customer develop call permanent experience report required responsibilities on-time expert responsibilities platform salary strong technologies customer passion management customer initiative multiple team degree benefits passion hours responsibilities skills guidance self on-time experience analyze strong responsibilities degree sales industry years resume
email,{N3G9-J2YF23TW-8289IFVQ},01/11/2011 16:58:06,CCL0068,PC-7699,ANG91@harris.com,,,Camilla.Camille.Leach@dtaa.com,32594,0,interface dynamic team years skills required equivalent benefits required hours interface team opening start job years report expert expert people resume equivalent platform part-time self customer people degree technologies industry job responsibilities concepts required job job start initiative degree skills permanent equivalent skills dynamic platform opening degree customer multiple relocation equivalent
http,{K4A6-A1HD21ML-1703XMUL},01/12/2011 09:53:37,CCL0068,PC-7699,http://job-hunt.org/WboUhagvat919122234.html,develop management industry resume people required required contribute growth expert contribute people permanent on-time people skills growth part-time guidance opening contribute team part-time industry call platform responsibilities responsibilities concepts customer relocation interface skills analyze people start guidance part-time engineer multitask people process multitask years passion on-time platform management platform people multitask interface degree sales customer responsibilities job develop years management management develop process industry required sales
http,{U3F2-V4JG39EY-1109JTMN},01/12/2011 10:20:28,CCL0068,PC-7699,http://aol.com/jobs/WboUhagvat1963819229.jsp,technologies permanent multitask part-time technologies degree degree report concepts opening contribute required process interface part-time equivalent team process resume responsibilities skills engineer industry skills multitask degree skills industry platform team hours benefits
http,{W9O6-X7ZM44TX-0336AEER},01/12/2011 10:40:32,CCL0068,PC-7699,http://craigslist.org/WboUhagvat1105403916.aspx,concepts management responsibilities industry benefits people degree contribute sales multitask develop guidance part-time platform permanent multiple resume team guidance skills contribute growth team initiative strong sales contribute growth industry compensation salary concepts self customer opening job job concepts start team multitask platform initiative resume report technologies job
http,{I9S8-P1KE21KV-6033NJKI},01/12/2011 11:43:54,CCL0068,PC-7699,http://aol.com/jobs/WboUhagvat1963819229.jsp,initiative people equivalent growth analyze resume guidance self growth years concepts resume benefits multitask platform degree responsibilities engineer sales years responsibilities opening multitask starter experience permanent job growth sales experience management concepts industry equivalent responsibilities multiple growth opening degree benefits strong responsibilities years industry platform responsibilities
http,{U6B0-O1QQ34PF-3327AIZE},01/12/2011 13:08:42,CCL0068,PC-7699,http://boeing.com/WboUhagvat1904327536.htm,required benefits responsibilities years years platform opening passion resume permanent engineer permanent skills passion call dynamic responsibilities develop experience strong job job skills expert call analyze concepts analyze contribute management management multitask call people dynamic develop engineer starter initiative expert contribute customer multitask develop start start management
http,{E1M8-U0FN34ZU-5459ASHR},01/12/2011 14:27:21,CCL0068,PC-7699,http://northropgrumman.com/WboUhagvat572113271.aspx,permanent self degree dynamic multiple concepts team resume customer part-time strong analyze customer years develop growth skills process resume strong years responsibilities permanent team technologies customer hours degree starter industry required industry growth resume resume start multiple initiative self report on-time contribute part-time strong multiple interface start salary responsibilities experience expert initiative initiative contribute team compensation experience skills on-time start technologies job permanent initiative contribute job recruiter growth
http,{V8F5-C2GH09KJ-7480IXQD},01/12/2011 15:18:15,CCL0068,PC-7699,http://job-hunt.org/WboUhagvat919122234.html,expert equivalent develop opening strong responsibilities job required customer part-time multiple opening salary responsibilities platform interface permanent management initiative analyze required report platform sales resume growth years expert develop growth resume contribute dynamic multiple equivalent start resume job guidance skills concepts industry develop degree opening team contribute growth multitask contribute equivalent report process technologies contribute initiative
http,{S6P3-H8YG07JJ-9818GHJU},01/13/2011 08:17:03,CCL0068,PC-7699,http://jobhuntersbible.com/WboUhagvat1258877042.aspx,responsibilities sales degree concepts interface expert growth equivalent required relocation responsibilities develop permanent expert multitask passion concepts contribute recruiter experience resume start customer technologies required management degree team benefits call opening start interface part-time opening experience guidance passion years report degree multiple skills report management engineer interface sales passion on-time permanent job
http,{L5B3-J4VQ76NO-9946RCOZ},01/13/2011 08:48:45,CCL0068,PC-7699,http://indeed.com/WboUhagvat1680703797.html,equivalent people analyze develop job required concepts salary team passion years skills interface skills start skills start management opening experience sales resume skills start hours recruiter skills self analyze degree years multitask report years resume on-time technologies self management hours contribute equivalent interface strong multiple hours experience growth experience growth dynamic skills job resume hours experience years passion dynamic sales
http,{O8B7-R5NY73CT-3374GGVF},01/13/2011 10:25:39,CCL0068,PC-7699,http://boeing.com/WboUhagvat1904327536.htm,compensation required develop equivalent resume develop passion responsibilities industry platform interface equivalent job recruiter technologies resume required management guidance job years engineer multiple industry report years industry multitask experience initiative compensation required interface management sales opening on-time multitask salary part-time
http,{Z4W4-R7LJ79JT-7683WNFE},01/13/2011 11:12:57,CCL0068,PC-7699,http://indeed.com/WboUhagvat1680703797.html,platform experience multitask job industry initiative on-time resume analyze management multiple sales benefits permanent permanent growth interface analyze relocation dynamic responsibilities multitask concepts years resume degree required team benefits compensation on-line expert opening process starter required industry years platform strong sales expert self benefits required compensation
http,{Y6G1-I5TE48NU-6521ZXES},01/13/2011 16:11:03,CCL0068,PC-7699,http://yahoo.com/hotjobs/WboUhagvat752138490.php,industry experience platform permanent multitask on-line contribute start expert concepts benefits multiple team start required experience hours required job concepts people years part-time process dynamic people opening growth guidance people on-time benefits opening equivalent responsibilities years benefits guidance dynamic start growth opening job expert guidance guidance multitask technologies management team hours technologies skills passion
email,{K6O9-C7HG34UR-3858LBBG},01/13/2011 17:00:15,CCL0068,PC-7699,ANG91@harris.com,,,Camilla.Camille.Leach@dtaa.com,40667,0,team multitask salary develop platform contribute resume opening team team develop required equivalent start multitask contribute resume technologies job skills resume concepts develop multitask years interface process people compensation experience growth permanent customer salary process people concepts opening on-time skills salary strong platform interface technologies responsibilities responsibilities opening
http,{H4F7-B3WO12RA-4975JOJE},01/13/2011 17:38:22,CCL0068,PC-7699,http://yahoo.com/hotjobs/WboUhagvat752138490.php,responsibilities management skills responsibilities equivalent passion opening people initiative analyze salary technologies contribute concepts experience customer self degree interface dynamic equivalent analyze multiple equivalent contribute opening analyze team develop years equivalent visual analyze people industry experience equivalent start team benefits growth concepts hours part-time years benefits process multiple develop expert responsibilities benefits analyze
email,{J5R9-U0WM89II-5292HXPX},01/13/2011 17:59:54,CCL0068,PC-7699,ANG91@harris.com,,,Camilla.Camille.Leach@dtaa.com,33144,0,platform visual guidance guidance platform guidance responsibilities develop contribute years multiple initiative opening expert years contribute hours passion sales sales job required resume required platform experience opening degree strong experience resume interface platform multiple process develop initiative sales skills responsibilities process interface customer technologies job multiple passion develop on-time years
http,{Y0M3-Y1FG81GT-1881LJQA},01/14/2011 08:06:23,CCL0068,PC-7699,http://northropgrumman.com/WboUhagvat572113271.aspx,industry sales visual on-time start responsibilities expert years required dynamic part-time benefits growth opening technologies industry resume customer people multiple multitask multitask benefits team people equivalent contribute expert expert people equivalent recruiter job platform customer equivalent
http,{B8W6-Q6OD33RQ-1406HPWX},01/14/2011 08:31:21,CCL0068,PC-7699,http://jobhuntersbible.com/WboUhagvat1258877042.aspx,degree benefits strong technologies industry salary report responsibilities initiative guidance responsibilities benefits contribute dynamic management responsibilities expert permanent report platform experience passion equivalent multiple experience industry initiative opening responsibilities concepts on-time expert industry job experience call resume management multiple analyze dynamic contribute opening guidance job start required customer opening
http,{V8H1-Q0MG93PW-8596SPRA},01/14/2011 09:18:50,CCL0068,PC-7699,http://northropgrumman.com/WboUhagvat572113271.aspx,call process degree multitask initiative resume dynamic industry visual skills passion multiple develop report process contribute expert required skills starter job on-time develop strong multitask job part-time job years industry experience develop required dynamic develop engineer self experience skills
http,{H3N0-I4YW55CG-2221LXYS},01/14/2011 09:28:27,CCL0068,PC-7699,http://monster.com/WboUhagvat1180707852.html,customer job compensation years resume guidance opening technologies management multitask years skills sales multiple benefits passion equivalent guidance strong multitask salary team compensation technologies on-line required concepts strong sales responsibilities years initiative contribute benefits dynamic develop skills on-time analyze dynamic process degree resume opening multitask strong growth dynamic passion platform skills management initiative multitask team required required dynamic skills start start analyze platform job skills skills analyze interface responsibilities years compensation
http,{C4E0-G6UW87KG-8714YQKH},01/14/2011 09:53:47,CCL0068,PC-7699,http://northropgrumman.com/WboUhagvat572113271.aspx,responsibilities skills management on-time contribute responsibilities team hours technologies customer interface on-time required passion years interface customer management expert contribute sales required passion benefits salary
http,{O4Z0-K2QW95EM-0845YVDI},01/14/2011 10:57:01,CCL0068,PC-7699,http://northropgrumman.com/WboUhagvat572113271.aspx,skills starter required report industry on-time required responsibilities on-line industry customer contribute report experience permanent degree growth salary strong people sales contribute job dynamic team concepts years passion expert customer develop people analyze team years years resume start start multitask degree opening self permanent on-time customer
http,{H8J8-C6HG36PD-0942FGPI},01/14/2011 14:33:51,CCL0068,PC-7699,http://simplyhired.com/WboUhagvat57469130.jsp,interface technologies multiple multitask initiative permanent develop dynamic equivalent strong resume report platform growth team multiple initiative sales opening dynamic customer opening resume expert opening resume required develop experience equivalent resume management responsibilities experience experience starter multiple equivalent benefits degree growth interface dynamic guidance platform resume growth
email,{Q3S6-T9LT40XY-0802LAAZ},01/14/2011 14:51:29,CCL0068,PC-7699,ANG91@harris.com,,,Camilla.Camille.Leach@dtaa.com,40663,0,resume skills required dynamic people degree strong part-time sales job interface customer develop process engineer experience permanent responsibilities equivalent engineer platform responsibilities resume hours equivalent equivalent technologies required years customer initiative degree start initiative job permanent experience responsibilities multitask management process dynamic guidance permanent degree multitask management team industry growth platform interface starter passion multiple expert permanent on-time
http,{A3W3-V8RW87VF-8927FJBY},01/14/2011 15:21:31,CCL0068,PC-7699,http://raytheon.com/WboUhagvat343187784.jsp,on-time concepts process people contribute initiative on-line industry multiple multiple platform develop develop people team industry guidance responsibilities resume skills management call degree multiple dynamic required multiple multiple years platform technologies strong experience resume industry on-line management sales multitask job permanent team resume platform initiative skills growth concepts
http,{K4Y4-F8TK55MD-3207JCQC},01/14/2011 15:50:05,CCL0068,PC-7699,http://aol.com/jobs/WboUhagvat1963819229.jsp,required equivalent passion report benefits degree people opening degree compensation contribute expert resume multiple multiple opening contribute equivalent opening visual experience on-time multitask dynamic people on-time start concepts opening job resume platform compensation report experience engineer experience self concepts interface technologies resume required years permanent equivalent benefits guidance responsibilities skills platform contribute sales years people report develop customer people multitask strong
email,{W2I4-K1RP43ZO-5794FNVJ},01/14/2011 16:37:12,CCL0068,PC-7699,ANG91@harris.com,,,Camilla.Camille.Leach@dtaa.com,11743,0,multitask dynamic people skills part-time dynamic customer responsibilities equivalent management customer permanent expert expert on-line initiative contribute develop on-time industry start resume years self equivalent start expert experience growth required concepts sales years on-time multiple sales team concepts strong initiative management technologies equivalent multitask resume management
http,{J9T2-Q3PX61KO-2884KFQQ},01/14/2011 17:42:41,CCL0068,PC-7699,http://job-hunt.org/WboUhagvat919122234.html,responsibilities responsibilities job team opening guidance years experience management job multiple equivalent benefits resume develop technologies report degree technologies people management benefits responsibilities start hours develop customer on-time growth customer customer process skills guidance industry analyze opening skills interface starter team benefits growth job technologies experience technologies concepts passion start degree required skills platform expert
http,{U3Y7-W8HI43VR-7107GHPF},01/17/2011 10:32:17,CCL0068,PC-7699,http://job-hunt.org/WboUhagvat919122234.html,start on-time industry degree interface start required analyze on-time start opening passion team dynamic platform team initiative compensation multitask guidance recruiter initiative develop job customer platform multitask analyze required required interface multitask self report benefits sales management opening team platform multiple multitask required multiple sales technologies passion job process dynamic management passion job platform multiple experience resume skills resume years required report management
http,{C3F2-S7AN51KU-9067HZDQ},01/17/2011 10:58:29,CCL0068,PC-7699,http://linkedin.com/WboUhagvat1479839504.aspx,strong analyze years sales contribute compensation customer analyze interface customer concepts contribute initiative salary team passion dynamic expert passion technologies benefits starter management concepts experience platform degree experience platform interface multitask growth responsibilities contribute sales equivalent management passion hours team on-time multiple report resume passion responsibilities skills years concepts report recruiter skills start equivalent develop multiple interface customer skills resume customer salary years
http,{U1P2-M0WT52AU-6956QAQW},01/17/2011 11:39:25,CCL0068,PC-7699,http://yahoo.com/hotjobs/WboUhagvat752138490.php,starter guidance on-time concepts degree responsibilities start permanent opening management experience interface opening concepts sales sales report team resume initiative strong experience report job hours job concepts team management team resume recruiter resume technologies expert management team engineer multiple growth contribute strong contribute experience management starter starter compensation visual opening process opening contribute on-time process engineer equivalent compensation on-time multitask industry required platform equivalent contribute start people
http,{A2J2-F7YD42CV-3464BLDA},01/17/2011 13:19:56,CCL0068,PC-7699,http://careerbuilder.com/WboUhagvat660170997.htm,management sales multiple resume resume industry expert required sales dynamic team part-time sales degree team contribute customer process team multiple platform management skills guidance dynamic contribute passion concepts job call skills industry contribute sales multitask resume skills on-time starter degree
http,{F7E9-G7ON21SR-9103DSLW},01/17/2011 13:41:49,CCL0068,PC-7699,http://monster.com/WboUhagvat1180707852.html,growth multiple start report responsibilities skills customer start compensation hours opening customer growth multiple years relocation job degree report benefits relocation growth years required multitask experience industry experience team management report people part-time interface develop team skills guidance years part-time guidance start strong initiative management start concepts experience experience resume people equivalent on-time compensation required required equivalent equivalent resume skills growth customer develop contribute interface degree
http,{P3H0-F7ST17CL-5033RVPK},01/17/2011 14:27:10,CCL0068,PC-7699,http://indeed.com/WboUhagvat1680703797.html,sales job job management contribute team required contribute hours part-time start industry interface required technologies sales job years team degree sales technologies dynamic skills passion degree experience growth years skills multitask equivalent responsibilities opening team multiple people report contribute degree contribute
http,{B0W6-G2QR50OM-7521ZCRR},01/17/2011 16:43:44,CCL0068,PC-7699,http://hp.com/WboUhagvat1944152218.jsp,multiple report engineer degree contribute people salary guidance guidance interface required years report technologies compensation resume analyze required resume develop contribute on-time expert resume resume process degree resume growth team multitask interface passion dynamic job starter strong opening start experience platform multiple compensation job industry management industry industry initiative analyze degree guidance guidance self platform multiple sales multiple on-line team job platform develop
http,{X3T2-Q9VO74DM-0170IBTX},01/17/2011 17:03:33,CCL0068,PC-7699,http://boeing.com/WboUhagvat1904327536.htm,multiple skills skills degree platform team concepts start management team permanent required part-time interface salary self multitask customer responsibilities required contribute degree job self develop experience years on-time customer hours concepts strong years interface permanent expert industry job skills start equivalent on-line contribute customer years years analyze strong
http,{T2X8-Z9TA53NB-4093SHNO},01/18/2011 10:51:04,CCL0068,PC-7699,http://monster.com/WboUhagvat1180707852.html,required recruiter sales passion multiple technologies people multitask responsibilities experience management multitask dynamic process industry develop self required passion start dynamic interface technologies start years customer start interface sales contribute benefits equivalent concepts report on-line multitask on-time passion
http,{Q6K9-T2EO20SH-8610UZLN},01/18/2011 11:21:28,CCL0068,PC-7699,http://job-hunt.org/WboUhagvat919122234.html,call develop team growth customer job salary expert years on-time salary recruiter develop opening job years sales multitask develop interface years concepts sales process skills report skills start industry visual industry responsibilities strong required opening degree degree start experience growth benefits growth technologies sales skills permanent multitask years initiative job analyze resume resume job report salary technologies multitask responsibilities team experience growth starter years skills management part-time customer sales
http,{Q2M1-F4AE10AD-3632DSET},01/18/2011 16:38:15,CCL0068,PC-7699,http://craigslist.org/WboUhagvat1105403916.aspx,concepts team expert years years experience process multiple multitask resume required platform expert benefits technologies opening technologies people experience permanent skills multiple experience salary engineer growth resume process interface guidance passion years multitask
http,{N7U6-B8RS84AD-2054EYQJ},01/18/2011 17:03:31,CCL0068,PC-7699,http://careerbuilder.com/WboUhagvat660170997.htm,platform initiative resume guidance on-time dynamic degree start job interface job experience multitask equivalent benefits guidance report opening on-time part-time concepts concepts sales multiple management contribute dynamic years concepts hours responsibilities permanent years resume benefits strong sales multitask opening multitask guidance benefits customer team required dynamic team growth analyze multitask skills responsibilities relocation growth contribute strong report experience on-time salary responsibilities degree
http,{C5X1-J8CW11MO-0176TEMV},01/19/2011 08:49:28,CCL0068,PC-7699,http://job-hunt.org/WboUhagvat919122234.html,starter equivalent customer report develop growth salary engineer technologies people customer responsibilities platform analyze strong industry growth process experience resume contribute years growth multitask expert degree degree job platform required part-time multiple sales platform on-time degree experience start report platform part-time guidance job growth multitask part-time contribute opening develop salary job analyze resume benefits management permanent resume platform growth permanent expert start contribute permanent platform required
http,{I9J0-S4KZ46GA-3831WISI},01/19/2011 10:07:29,CCL0068,PC-7699,http://northropgrumman.com/WboUhagvat572113271.aspx,responsibilities self growth analyze interface growth multiple analyze degree part-time opening skills develop dynamic opening skills dynamic benefits customer skills equivalent contribute multitask guidance degree concepts years develop analyze skills dynamic strong contribute team develop team responsibilities benefits technologies job initiative
http,{G5I2-X8RR57QF-5801NTRP},01/19/2011 13:30:08,CCL0068,PC-7699,http://hp.com/WboUhagvat1944152218.jsp,guidance multiple permanent strong strong responsibilities passion opening team experience opening self resume sales technologies opening equivalent opening resume responsibilities initiative resume required job opening experience resume contribute years expert customer self technologies dynamic growth guidance job degree strong platform customer guidance team start people
http,{Z4H7-S8AH23JP-3948AVTB},01/19/2011 14:50:27,CCL0068,PC-7699,http://lockheedmartin.com/WboUhagvat1636367808.htm,degree job starter sales years people concepts expert technologies opening start concepts growth permanent skills strong permanent strong experience hours permanent initiative analyze industry customer visual dynamic experience initiative benefits part-time contribute report analyze industry responsibilities interface benefits degree platform benefits people team permanent multitask
http,{Q9C4-H8FG20JW-6568JDUS},01/20/2011 09:36:28,CCL0068,PC-7699,http://aol.com/jobs/WboUhagvat1963819229.jsp,technologies report required dynamic years skills salary start people required develop required responsibilities call degree experience customer degree platform benefits guidance concepts sales multitask report equivalent sales multiple years multiple people team opening team multiple dynamic equivalent interface customer resume start guidance dynamic benefits resume job benefits management develop skills opening
http,{R1E0-G7BA09CU-2814LCFN},01/20/2011 14:26:51,CCL0068,PC-7699,http://monster.com/WboUhagvat1180707852.html,resume guidance analyze concepts resume develop on-line responsibilities process salary responsibilities required industry concepts multitask platform responsibilities experience team technologies dynamic sales contribute multitask strong experience experience management concepts customer on-time permanent job concepts equivalent guidance years required team degree opening passion resume required required customer develop interface strong concepts resume years part-time sales industry experience expert on-time industry resume dynamic report responsibilities concepts customer resume job passion
http,{Z5L2-B7BD39TT-8977JYPE},01/20/2011 14:35:37,CCL0068,PC-7699,http://linkedin.com/WboUhagvat1479839504.aspx,team team experience sales multiple analyze contribute interface skills strong passion years management on-line opening people report growth customer management concepts job skills technologies resume skills people experience people compensation develop degree interface concepts interface dynamic management skills passion skills permanent
http,{K0Q2-J5OU56GE-7048KFPQ},01/20/2011 15:08:12,CCL0068,PC-7699,http://harris.com/WboUhagvat1919385663.htm,resume equivalent benefits develop platform concepts degree develop resume interface compensation self team responsibilities starter sales required self required required resume salary initiative responsibilities contribute years industry on-time responsibilities interface responsibilities platform experience develop resume passion management engineer growth analyze experience multiple recruiter dynamic responsibilities growth responsibilities on-time report multitask customer platform degree strong degree opening opening equivalent multiple multiple permanent part-time years opening equivalent contribute
http,{P1W5-F8ZV03IS-9348FFAZ},01/20/2011 17:26:07,CCL0068,PC-7699,http://yahoo.com/hotjobs/WboUhagvat752138490.php,start team growth degree degree platform growth hours multiple multitask contribute team degree required concepts required platform expert guidance platform sales customer team equivalent management required call multitask sales platform start start years benefits team degree on-time multitask start equivalent guidance experience management years responsibilities platform job customer interface analyze skills multiple platform job benefits report job skills dynamic
http,{A5B7-G3JL27ER-9418MNGM},01/21/2011 15:05:54,CCL0068,PC-7699,http://linkedin.com/WboUhagvat1479839504.aspx,develop on-line management opening skills platform call report report salary strong interface on-time years responsibilities industry resume platform permanent interface technologies industry responsibilities experience job opening guidance passion opening required resume team multitask responsibilities on-time compensation
http,{W5Y7-C7VN19MR-3903ODFV},01/21/2011 16:47:19,CCL0068,PC-7699,http://craigslist.org/WboUhagvat1105403916.aspx,develop management benefits report passion skills hours on-time growth required report responsibilities platform opening job concepts contribute initiative people opening team benefits passion salary benefits platform equivalent responsibilities process strong sales years passion benefits equivalent multiple growth responsibilities experience dynamic skills opening
device,{S1V3-M6ZI07JI-3341WQWE},01/24/2011 08:43:51,CCL0068,PC-7699,Connect
device,{J8O7-Z9ND95AQ-9187WKRW},01/24/2011 08:54:49,CCL0068,PC-7699,Disconnect
http,{A5R8-A0NA07KY-9969FMTH},01/24/2011 09:37:35,CCL0068,PC-7699,http://simplyhired.com/WboUhagvat57469130.jsp,strong industry responsibilities multiple report interface process benefits on-line call skills customer customer equivalent team years on-time degree platform develop responsibilities multiple starter required strong team job expert concepts sales salary industry equivalent contribute equivalent guidance people interface customer permanent job opening interface technologies people guidance process hours develop customer on-time salary multiple strong responsibilities experience process concepts benefits customer concepts experience report management customer years
device,{C3A1-C5LD69HI-6896HOKP},01/24/2011 09:56:14,CCL0068,PC-7699,Connect
http,{F3J4-S3WJ39EE-5564JYYF},01/24/2011 10:13:53,CCL0068,PC-7699,http://jobhuntersbible.com/WboUhagvat1258877042.aspx,customer permanent hours degree degree salary job self responsibilities strong industry skills resume years customer hours report self multitask industry responsibilities technologies people starter dynamic multitask required permanent starter opening on-time team resume required passion initiative responsibilities part-time skills salary responsibilities technologies sales on-time years equivalent responsibilities
http,{S3C2-D2PQ57YT-8970KQLQ},01/24/2011 10:32:52,CCL0068,PC-7699,http://indeed.com/WboUhagvat1680703797.html,years sales interface degree permanent resume engineer customer degree contribute multitask experience hours report call develop required sales experience multiple benefits initiative analyze compensation team analyze growth concepts develop industry required develop salary concepts experience permanent contribute job develop sales management contribute years sales team initiative develop initiative process opening equivalent job hours on-time benefits team hours opening job relocation degree salary
device,{G2R0-H2NH30GQ-5108AXOF},01/24/2011 10:45:59,CCL0068,PC-7699,Disconnect
device,{L6I0-K0NA62LA-4760PTEX},01/24/2011 11:29:54,CCL0068,PC-7699,Connect
device,{C4U7-I3MX26GN-2231GKLR},01/24/2011 11:31:46,CCL0068,PC-7699,Disconnect
http,{G7B4-I6BN57WI-2837OCVG},01/24/2011 11:53:58,CCL0068,PC-7699,http://harris.com/WboUhagvat1919385663.htm,skills salary part-time hours industry expert team self sales analyze analyze technologies strong experience self part-time dynamic develop degree strong experience industry resume compensation job analyze required resume multitask required technologies technologies responsibilities resume growth platform self resume start team experience customer benefits resume platform starter part-time report expert required management technologies contribute sales multitask industry years engineer sales required required guidance passion
http,{I9W8-H1BK56BK-6724ANGT},01/24/2011 11:57:32,CCL0068,PC-7699,http://lockheedmartin.com/WboUhagvat1636367808.htm,industry develop develop contribute expert strong starter team responsibilities sales skills opening guidance expert starter part-time passion dynamic strong degree responsibilities concepts experience initiative initiative report responsibilities technologies permanent platform responsibilities platform strong resume multiple degree growth skills people degree people experience concepts strong strong required people expert contribute growth concepts develop degree equivalent develop years people management passion resume people visual people multitask start
http,{G4Q4-L0HW41EG-5128OXSF},01/24/2011 12:25:06,CCL0068,PC-7699,http://lockheedmartin.com/WboUhagvat1636367808.htm,equivalent process years responsibilities contribute strong responsibilities on-time industry customer expert strong resume years dynamic dynamic permanent equivalent required on-time start industry permanent develop growth concepts opening team develop multiple industry management expert multiple guidance hours growth required required dynamic permanent contribute management guidance responsibilities multitask concepts
http,{R2D9-D9UK60AS-0064AMTP},01/24/2011 12:28:22,CCL0068,PC-7699,http://indeed.com/WboUhagvat1680703797.html,permanent initiative analyze industry engineer industry permanent technologies platform people management growth people report skills permanent multitask on-time sales experience permanent on-line guidance part-time opening platform interface sales responsibilities management multiple experience resume concepts team people resume concepts concepts team resume degree equivalent degree responsibilities required contribute self skills
device,{V1C8-Z6DF62IY-3429LLFA},01/24/2011 13:26:11,CCL0068,PC-7699,Connect
http,{B4H5-E9OC57WN-7435OTVM},01/24/2011 13:51:23,CCL0068,PC-7699,http://hp.com/WboUhagvat1944152218.jsp,develop permanent job equivalent job dynamic skills interface management resume responsibilities resume benefits responsibilities develop experience team experience job opening opening multitask skills equivalent experience management opening growth multiple start on-time platform strong hours permanent required sales contribute team resume platform responsibilities hours years multiple responsibilities resume process equivalent multitask experience guidance call years multitask initiative
device,{W3A5-A0OY46YC-9278AEUV},01/24/2011 13:58:09,CCL0068,PC-7699,Disconnect
email,{M9D2-E4GK61VG-7776XBHY},01/24/2011 14:10:30,CCL0068,PC-7699,ANG91@harris.com,,,Camilla.Camille.Leach@dtaa.com,36232,2,responsibilities management skills skills contribute start years salary report self permanent contribute job industry contribute on-time equivalent passion responsibilities concepts develop expert management strong salary team skills compensation concepts resume on-line self develop permanent
http,{Y8V7-H8EC79RA-2955LLOT},01/24/2011 14:15:10,CCL0068,PC-7699,http://job-hunt.org/WboUhagvat919122234.html,dynamic responsibilities develop passion guidance resume equivalent platform part-time benefits concepts equivalent sales years visual self process engineer multiple job sales contribute people growth interface resume develop engineer initiative resume benefits sales equivalent equivalent resume responsibilities growth multitask initiative self on-time expert passion strong multitask job
device,{P0L4-G3AU65II-7932VJVL},01/24/2011 14:21:37,CCL0068,PC-7699,Connect
http,{P7V7-K7LF26EI-6645NBPW},01/24/2011 14:34:47,CCL0068,PC-7699,http://hp.com/WboUhagvat1944152218.jsp,strong experience required benefits opening benefits engineer team permanent on-time growth passion permanent degree multiple contribute multitask management opening develop resume growth multitask management develop visual concepts management degree growth multiple management people process contribute team responsibilities process experience guidance initiative management engineer management years industry multitask responsibilities experience part-time years opening people customer degree multiple multitask equivalent
device,{F7K3-G9PR59CH-8755ERPT},01/24/2011 15:14:15,CCL0068,PC-7699,Disconnect
device,{C0J2-J7GX26HH-0478HWNW},01/24/2011 15:14:54,CCL0068,PC-7699,Connect
device,{S2M9-J8ZW01WR-0147LFXE},01/24/2011 15:23:20,CCL0068,PC-7699,Disconnect
device,{H8R1-P0QU37XY-3440LRQU},01/24/2011 16:35:19,CCL0068,PC-7699,Connect
device,{N2M2-D5SU99GQ-7961XVBY},01/24/2011 17:16:30,CCL0068,PC-7699,Disconnect
device,{C8D1-E1WO00RA-5415UPTG},02/01/2011 07:52:40,CCL0068,PC-7699,Connect
device,{P1Q7-H2FD87HB-1571NDQB},02/01/2011 08:11:17,CCL0068,PC-7699,Disconnect
device,{L4P1-B5PZ03AP-1009QUUG},02/01/2011 08:57:06,CCL0068,PC-7699,Connect
device,{X2I5-O4GN33VD-6367RKDF},02/01/2011 10:41:36,CCL0068,PC-7699,Disconnect
device,{M2Q6-Y7MV76NU-0419RKUB},02/01/2011 10:59:52,CCL0068,PC-7699,Connect
device,{U2L5-F3BL28AG-3610FCQO},02/01/2011 11:45:53,CCL0068,PC-7699,Disconnect
device,{S5Z3-P2QK23CU-8005THJQ},02/01/2011 14:23:46,CCL0068,PC-7699,Connect
device,{H3Q4-T2UF32LR-6163UMVG},02/01/2011 15:55:54,CCL0068,PC-7699,Disconnect
device,{M0E3-G2VP82SS-2769QGZS},02/01/2011 16:12:23,CCL0068,PC-7699,Connect
device,{L2L2-X3UA40CS-0655CMFQ},02/01/2011 16:15:40,CCL0068,PC-7699,Disconnect
device,{Y2T0-H2TS35GF-0176OQSK},02/03/2011 08:28:55,CCL0068,PC-7699,Connect
device,{D9Q5-Q1CS42SS-3116FBMJ},02/03/2011 09:00:21,CCL0068,PC-7699,Disconnect
device,{G9S0-H4EG48SL-8251MGTF},02/03/2011 09:00:46,CCL0068,PC-7699,Connect
device,{Y4S6-N0KF02SN-6217QIWP},02/03/2011 09:15:48,CCL0068,PC-7699,Disconnect
device,{G8A2-D6BV25WA-9887SBJK},02/03/2011 13:52:54,CCL0068,PC-7699,Connect
device,{B2W1-X7CE75JR-2511ENRI},02/03/2011 14:51:31,CCL0068,PC-7699,Disconnect
device,{J5S8-N0JQ28JY-1415IRLG},02/03/2011 16:05:46,CCL0068,PC-7699,Connect
device,{H1X1-W0NG13GT-3217OAQJ},02/03/2011 16:21:10,CCL0068,PC-7699,Disconnect
device,{E9C4-R4KD66EH-5485HLWZ},02/03/2011 16:58:38,CCL0068,PC-7699,Connect
device,{J1S5-N2TW73HR-2619QUQC},02/03/2011 17:28:41,CCL0068,PC-7699,Disconnect
device,{J8V7-P9CB02JC-4961WJYR},02/04/2011 08:26:34,CCL0068,PC-7699,Connect
device,{Q2S2-N5KO61SY-7627EWGH},02/04/2011 08:27:53,CCL0068,PC-7699,Disconnect
device,{F2K3-T8PU40AV-0734HHIG},02/04/2011 08:29:30,CCL0068,PC-7699,Connect
device,{I6X7-D6SQ38TS-8073KISP},02/04/2011 08:35:33,CCL0068,PC-7699,Disconnect
device,{T7M7-A2ML70FV-7767EFCG},02/04/2011 08:39:46,CCL0068,PC-7699,Connect
device,{Q3H4-L5QN63UH-6848LFJT},02/04/2011 08:40:27,CCL0068,PC-7699,Disconnect
device,{N3X6-Z6KW89CH-7052HCWZ},02/04/2011 15:57:02,CCL0068,PC-7699,Connect
device,{A2N0-J4OV58IT-0404DYYN},02/04/2011 16:00:19,CCL0068,PC-7699,Disconnect
device,{O1M2-S3AB29OF-1793ZEFJ},02/04/2011 16:02:57,CCL0068,PC-7699,Connect
device,{P2N9-L8QM74II-8575ZEYQ},02/04/2011 16:08:30,CCL0068,PC-7699,Disconnect
device,{S4Q7-E5BB42DS-1221WFMJ},02/04/2011 16:14:56,CCL0068,PC-7699,Connect
device,{B3B9-O6SV86CG-4480CFAX},02/04/2011 16:21:56,CCL0068,PC-7699,Disconnect
device,{S6H4-C4RW55LF-0548TCFQ},02/07/2011 08:55:02,CCL0068,PC-7699,Connect
device,{S1Y0-C5LI49FH-7673KDXY},02/07/2011 08:55:34,CCL0068,PC-7699,Disconnect
device,{I9H5-I3ZW94ZF-6572EOGN},02/07/2011 09:37:27,CCL0068,PC-7699,Connect
device,{X4I6-X3EV04ZS-0085MKFV},02/07/2011 09:42:05,CCL0068,PC-7699,Disconnect
device,{N7Q4-N6JL22ZX-8534EZCH},02/07/2011 10:45:37,CCL0068,PC-7699,Connect
device,{R8E4-U6LV23ZL-3941ZPGJ},02/07/2011 10:46:29,CCL0068,PC-7699,Disconnect
device,{T9O1-B7UJ62BY-1434GFYZ},02/07/2011 11:36:51,CCL0068,PC-7699,Connect
device,{J1M6-K8RW43OM-0779SJYX},02/07/2011 11:40:45,CCL0068,PC-7699,Disconnect
device,{G1M3-G5ME78ZL-4386FVVW},02/07/2011 12:44:44,CCL0068,PC-7699,Connect
device,{T7A2-G9KL61IB-7686CCGN},02/07/2011 13:36:09,CCL0068,PC-7699,Disconnect
device,{Z9L1-A4TV00GK-6221SOME},02/07/2011 16:51:55,CCL0068,PC-7699,Connect
device,{E2Q4-E3IH43IY-3949OQGX},02/07/2011 17:06:59,CCL0068,PC-7699,Disconnect
device,{J4I3-B2SH59CF-5589AVBD},02/08/2011 10:55:06,CCL0068,PC-7699,Connect
device,{P7H3-E6JJ81JD-9155DIGM},02/08/2011 11:00:48,CCL0068,PC-7699,Disconnect
device,{V5I0-N3CC44RP-5771GDSB},02/08/2011 11:07:26,CCL0068,PC-7699,Connect
device,{C5Q8-C7EU66CL-3926PLBQ},02/08/2011 11:11:34,CCL0068,PC-7699,Disconnect
device,{E9U8-F9GU62RB-7962RXEE},02/08/2011 11:17:05,CCL0068,PC-7699,Connect
device,{M3S4-I7XA62WU-8425KQCG},02/08/2011 11:20:20,CCL0068,PC-7699,Disconnect
device,{E8S5-A3KW27KA-9870RFHB},02/08/2011 11:20:39,CCL0068,PC-7699,Connect
device,{K4U7-L8MK38AD-2014GLPT},02/08/2011 11:25:36,CCL0068,PC-7699,Disconnect
device,{S7O5-P5CM65KD-6252RQVY},02/08/2011 11:27:22,CCL0068,PC-7699,Connect
device,{Z1F0-G0CJ75HD-8693XUHO},02/08/2011 11:31:50,CCL0068,PC-7699,Disconnect
email,{F9J0-Y4XE19RF-7841MOIF},02/08/2011 12:33:59,CCL0068,PC-7699,Vance.Ira.Alston@dtaa.com,,,Camilla.Camille.Leach@dtaa.com,22142,0,resignation letter resign my interview key 2 interview interview notice my resign week resign resignation week resign resignation position my of week 2 of resignation notice of position week interview week position my letter letter 2 resign week position letter notice exit resignation my exit resignation opportunity resignation letter
device,{V1P5-L4PY15GV-4376ITLX},02/08/2011 14:32:44,CCL0068,PC-7699,Connect
device,{Y3I9-N0JQ33VV-1935YORM},02/08/2011 14:46:13,CCL0068,PC-7699,Disconnect
device,{B1B2-Q6IV84RP-0482HYSO},02/08/2011 14:56:24,CCL0068,PC-7699,Connect
device,{O2L4-E3JM88RL-3941HJYK},02/08/2011 14:56:27,CCL0068,PC-7699,Disconnect
device,{B6P3-Y1NK96EF-7169AEWW},02/10/2011 07:59:29,CCL0068,PC-7699,Connect
device,{Z1V8-K1DX70QT-9980ZFYK},02/10/2011 08:13:36,CCL0068,PC-7699,Disconnect
device,{P3D4-O4DS58GM-6346ZUUF},02/10/2011 08:36:11,CCL0068,PC-7699,Connect
device,{H7C3-S8XZ76BG-5760KWXF},02/10/2011 09:06:42,CCL0068,PC-7699,Disconnect
device,{R3X5-T6HO02ID-1913TBLH},02/10/2011 10:52:35,CCL0068,PC-7699,Connect
device,{B0Y9-U7GS26BN-1891KAIW},02/10/2011 10:54:44,CCL0068,PC-7699,Disconnect
device,{J8W3-I1HU90FD-2034LQIV},02/10/2011 13:45:43,CCL0068,PC-7699,Connect
device,{B6Z5-W0JA90OU-1609QCFU},02/10/2011 14:36:35,CCL0068,PC-7699,Disconnect
device,{H2J8-C2FI51KC-2459DEOR},02/10/2011 14:44:31,CCL0068,PC-7699,Connect
device,{F5K6-Y9AV59TP-8923WPHV},02/10/2011 15:04:20,CCL0068,PC-7699,Disconnect
device,{H4O8-K3OI70EH-1455ZWPY},02/10/2011 15:42:39,CCL0068,PC-7699,Connect
device,{D1N5-M4KK57JA-6630KGXJ},02/10/2011 16:08:02,CCL0068,PC-7699,Disconnect
device,{H4U6-C7IU38UJ-4067TGWG},02/11/2011 08:12:28,CCL0068,PC-7699,Connect
device,{F3U8-I4RU37JS-4112HKNL},02/11/2011 08:22:36,CCL0068,PC-7699,Disconnect
device,{E6R4-S7UA75YU-9515OVNP},02/11/2011 10:30:06,CCL0068,PC-7699,Connect
device,{I7E8-K1DP81BN-1292UOVD},02/11/2011 10:30:24,CCL0068,PC-7699,Disconnect
device,{N8E0-M5YB74MT-7980PNEL},02/11/2011 10:46:13,CCL0068,PC-7699,Connect
device,{M9K4-I5CP33AL-9500PESZ},02/11/2011 10:53:06,CCL0068,PC-7699,Disconnect
device,{F0W9-Y7BA24WG-9115CNAL},02/11/2011 10:56:09,CCL0068,PC-7699,Connect
device,{T5W6-R9XM63VV-9459NNKG},02/11/2011 11:24:47,CCL0068,PC-7699,Disconnect
device,{B3O0-E8AO36UF-5110RFLX},02/11/2011 15:13:26,CCL0068,PC-7699,Connect
device,{E0N4-U7OC75AN-6268HGGF},02/11/2011 15:37:43,CCL0068,PC-7699,Disconnect
device,{F1W0-F4CC95AM-6763PAGX},02/11/2011 16:12:53,CCL0068,PC-7699,Connect
device,{O7E0-A4ZX98JW-0274TMXL},02/11/2011 16:14:03,CCL0068,PC-7699,Disconnect
device,{R0V5-N4JJ81TI-5735LFAR},02/17/2011 08:46:26,CCL0068,PC-7699,Connect
device,{C4W4-I3UN20HO-6354UOAX},02/17/2011 08:47:20,CCL0068,PC-7699,Disconnect
device,{F3K0-J0CN58HK-8982SLCU},02/17/2011 10:25:46,CCL0068,PC-7699,Connect
device,{H7Q0-F8JG36IM-1709ACEG},02/17/2011 10:36:31,CCL0068,PC-7699,Disconnect
device,{D8P2-U1CU30BO-9485ZQOQ},02/17/2011 12:16:58,CCL0068,PC-7699,Connect
device,{O7I2-B2GX84CN-6283HEFT},02/17/2011 13:01:34,CCL0068,PC-7699,Disconnect
device,{P9A1-J4YD35DV-6958NXSF},02/17/2011 14:29:42,CCL0068,PC-7699,Connect
device,{M1F1-Y3DD18QI-6027WIYM},02/17/2011 14:31:50,CCL0068,PC-7699,Disconnect
device,{U1I6-I6KW14HW-0340KWJU},02/17/2011 15:08:20,CCL0068,PC-7699,Connect
device,{M6N9-J7XX05NW-0270TSBV},02/17/2011 15:38:23,CCL0068,PC-7699,Disconnect
device,{R1O7-N2DG17FC-3285BGVW},02/17/2011 16:18:25,CCL0068,PC-7699,Connect
device,{L8Y4-O3KJ40MT-5906ZHPB},02/17/2011 16:53:14,CCL0068,PC-7699,Disconnect
device,{W1E0-R7FK47CN-4378CVAS},02/18/2011 07:59:31,CCL0068,PC-7699,Connect
device,{D0K9-C0YW97IW-8312UUAV},02/18/2011 08:07:12,CCL0068,PC-7699,Disconnect
device,{R3W9-D8ZP22AG-7426ENZU},02/18/2011 11:56:01,CCL0068,PC-7699,Connect
device,{U1I0-W9KI45IF-5283FWCA},02/18/2011 12:14:39,CCL0068,PC-7699,Disconnect
device,{Y6L3-V7QK34AG-0822UUXS},02/18/2011 13:16:42,CCL0068,PC-7699,Connect
device,{X0R2-K9BM82QO-7367OCCW},02/18/2011 13:19:05,CCL0068,PC-7699,Disconnect
device,{Q8O4-W1KS80PD-6176QCYP},02/18/2011 14:07:06,CCL0068,PC-7699,Connect
device,{G0D6-F5WN96IY-0927VWBK},02/18/2011 14:31:05,CCL0068,PC-7699,Disconnect
device,{A8B4-T1OZ82IW-8200RFMA},02/18/2011 16:41:54,CCL0068,PC-7699,Connect
device,{H4V1-K2HM98GH-3773TDME},02/18/2011 17:12:13,CCL0068,PC-7699,Disconnect
device,{I7S7-Z8NV45LU-2687YMXD},02/18/2011 17:38:20,CCL0068,PC-7699,Connect
device,{I6T6-F0HZ91UP-9166PUXF},02/18/2011 17:44:41,CCL0068,PC-7699,Disconnect
device,{B7I0-T6FK40DV-3648OURF},02/21/2011 07:59:10,CCL0068,PC-7699,Connect
device,{J4K6-W1VZ63EW-7096VBXF},02/21/2011 07:59:21,CCL0068,PC-7699,Disconnect
device,{Y0V9-H2BD60JO-3992OFHP},02/21/2011 08:01:38,CCL0068,PC-7699,Connect
device,{F2N9-U4YH58FL-6672RPWC},02/21/2011 08:03:32,CCL0068,PC-7699,Disconnect
device,{B0K0-W7PW90AM-8817MCVN},02/21/2011 08:03:35,CCL0068,PC-7699,Connect
device,{W1D0-I0OD89YG-6898CUWR},02/21/2011 08:06:56,CCL0068,PC-7699,Disconnect
device,{D7Q7-P1IP04QK-6184SNKS},02/21/2011 08:12:50,CCL0068,PC-7699,Connect
device,{B4Q3-D4LF11NI-6706CTNH},02/21/2011 08:15:56,CCL0068,PC-7699,Disconnect
device,{L3L7-W6PK84PB-7439UFHT},02/21/2011 08:16:28,CCL0068,PC-7699,Connect
device,{Q5P6-V0HM85UB-6731UZEF},02/21/2011 08:23:50,CCL0068,PC-7699,Disconnect
device,{Q5M3-X7PW00UY-6837VKKS},02/21/2011 08:24:17,CCL0068,PC-7699,Connect
device,{Q0L9-I3XM68TZ-3595HBFM},02/21/2011 08:25:17,CCL0068,PC-7699,Disconnect
