http,{V2E4-Z6HV31KB-5707CSHL},01/04/2011 09:13:35,MDH0580,PC-4579,http://monster.com/WboUhagvat1180707852.html,people guidance develop benefits opening on-time concepts dynamic starter industry responsibilities strong multiple engineer multiple resume self technologies guidance industry required dynamic interface sales job job multitask experience self sales expert customer strong management customer interface benefits strong initiative multitask passion experience team permanent team technologies team analyze expert industry
http,{B0A1-P5YV42RH-3464ZYXZ},01/04/2011 11:33:21,MDH0580,PC-4579,http://job-hunt.org/WboUhagvat919122234.html,skills benefits multitask multiple people experience benefits customer resume growth develop team resume opening people passion benefits multiple on-line passion analyze team passion starter responsibilities responsibilities on-line guidance initiative customer opening concepts skills salary develop experience initiative skills customer team contribute
http,{T1K4-S7BK27EN-0568EJVM},01/04/2011 12:18:48,MDH0580,PC-4579,http://yahoo.com/hotjobs/WboUhagvat752138490.php,management experience platform report strong guidance contribute interface process initiative passion start expert salary passion customer growth years expert permanent resume resume growth customer self team required sales permanent customer develop management multitask multitask sales concepts on-time industry multitask multitask guidance platform
http,{S1G9-N6QG09IW-2650CGQK},01/04/2011 13:43:42,MDH0580,PC-4579,http://boeing.com/WboUhagvat1904327536.htm,engineer passion strong report degree interface report years job experience responsibilities skills multitask strong management dynamic initiative start skills expert growth people passion concepts required analyze permanent multiple contribute strong experience degree responsibilities self interface opening required multitask on-time responsibilities on-line dynamic benefits interface analyze resume on-time growth required report job
http,{C5G6-V6RU70WM-9522QXXB},01/04/2011 14:10:57,MDH0580,PC-4579,http://boeing.com/WboUhagvat1904327536.htm,contribute opening multiple start multiple customer years degree develop start start multitask permanent experience start team years skills required interface customer customer management start hours degree growth skills multitask required guidance report develop develop interface strong
http,{Z6B3-Y2WL56IZ-6982BEIU},01/05/2011 09:52:20,MDH0580,PC-4579,http://boeing.com/WboUhagvat1904327536.htm,contribute customer multiple required multitask develop permanent benefits team process experience team opening equivalent multiple guidance dynamic start required initiative team salary salary skills platform team hours passion process customer required experience equivalent concepts growth platform process required responsibilities customer passion call resume skills people sales required initiative starter responsibilities required dynamic
http,{G0Z5-D5QW64PK-9098SIYW},01/05/2011 17:04:02,MDH0580,PC-4579,http://aol.com/jobs/WboUhagvat1963819229.jsp,permanent multitask contribute start industry required resume initiative interface recruiter sales interface start benefits passion customer required management resume job degree growth degree platform analyze management management permanent part-time permanent start growth passion resume dynamic salary required visual concepts self required job equivalent equivalent responsibilities multitask multiple start multiple degree industry concepts report required initiative
http,{S0B5-D6OF89DF-8191RBMW},01/06/2011 13:03:46,MDH0580,PC-4579,http://aol.com/jobs/WboUhagvat1963819229.jsp,multiple growth guidance on-time multitask hours skills degree compensation experience technologies platform start job starter starter on-line platform interface starter multitask required equivalent interface multiple concepts job years multitask benefits team dynamic multitask years analyze industry responsibilities team engineer team analyze team guidance skills interface
http,{F3X5-W0TY62JM-7829RIJL},01/06/2011 13:07:35,MDH0580,PC-4579,http://aol.com/jobs/WboUhagvat1963819229.jsp,degree degree passion recruiter required job people passion interface interface guidance develop hours compensation relocation relocation people strong contribute responsibilities responsibilities process years contribute skills report analyze compensation platform job responsibilities growth job multiple management job benefits resume relocation multiple start
http,{Y6M6-K9UV87EK-0950ABTD},01/06/2011 13:47:37,MDH0580,PC-4579,http://boeing.com/WboUhagvat1904327536.htm,equivalent industry guidance people engineer multiple resume resume equivalent growth sales people management call call growth start required contribute skills strong skills years analyze experience degree develop customer sales required skills benefits responsibilities multitask growth part-time analyze equivalent technologies growth skills responsibilities experience benefits people passion dynamic degree multitask industry part-time guidance degree technologies process growth start
http,{A4S4-A4VL67TR-3151FDKT},01/06/2011 14:19:32,MDH0580,PC-4579,http://careerbuilder.com/WboUhagvat660170997.htm,years multitask job strong contribute required expert develop skills management concepts contribute years process years experience required part-time dynamic concepts multiple guidance engineer passion skills customer multitask team growth salary industry years initiative degree multitask skills passion degree concepts contribute degree benefits part-time hours interface platform resume multiple interface growth degree job technologies equivalent platform
http,{C7W8-J1EY62WZ-5082PLZS},01/06/2011 16:51:09,MDH0580,PC-4579,http://monster.com/WboUhagvat1180707852.html,dynamic multitask resume dynamic process customer develop guidance required platform multiple responsibilities on-time on-time degree compensation concepts people resume management industry concepts interface customer skills sales multiple skills responsibilities passion interface degree starter hours self passion growth required skills years required engineer analyze develop responsibilities report required industry team team hours multitask growth management job experience skills management responsibilities starter years required
http,{T2F5-R2KV69EN-7389MDOX},01/06/2011 18:08:44,MDH0580,PC-4579,http://aol.com/jobs/WboUhagvat1963819229.jsp,degree job strong contribute sales platform degree sales skills compensation benefits passion experience resume job customer opening on-line resume guidance resume salary concepts years platform on-line report degree team years years benefits on-time report skills team self opening contribute responsibilities part-time contribute required growth industry multitask required
http,{C2E6-S6VQ23JX-5529WFRA},01/07/2011 08:46:48,MDH0580,PC-4579,http://jobhuntersbible.com/WboUhagvat1258877042.aspx,start technologies start management dynamic skills customer job technologies team customer resume industry multitask process growth equivalent equivalent on-time degree growth strong resume opening interface required growth dynamic degree expert analyze years job customer people analyze passion develop team expert guidance management starter contribute start expert responsibilities expert initiative initiative
http,{R7T2-J4IU82DE-5932XKLI},01/07/2011 09:49:30,MDH0580,PC-4579,http://jobhuntersbible.com/WboUhagvat1258877042.aspx,team skills degree responsibilities degree contribute multitask sales degree process on-time salary dynamic job skills expert years platform analyze people experience opening required multitask multitask multitask resume job contribute concepts required visual multitask report technologies strong job experience growth contribute guidance required contribute visual responsibilities technologies self passion contribute on-time skills benefits process sales process benefits multitask dynamic
http,{Q0O8-A1EB55QC-5870XEIT},01/07/2011 10:28:36,MDH0580,PC-4579,http://jobhuntersbible.com/WboUhagvat1258877042.aspx,years starter management technologies years multiple benefits experience platform technologies experience equivalent multitask multitask responsibilities technologies experience passion skills customer technologies concepts passion initiative team
http,{F9M6-W6WO12AM-6568XGZY},01/07/2011 15:16:29,MDH0580,PC-4579,http://indeed.com/WboUhagvat1680703797.html,opening customer customer strong guidance required required responsibilities process salary degree job industry report dynamic guidance dynamic benefits resume years part-time skills responsibilities people degree opening industry management concepts resume opening multiple interface on-time start multiple benefits sales degree dynamic dynamic sales growth job team people skills contribute resume multitask interface hours self equivalent dynamic
http,{J2P8-T1AG16KA-3561UYFX},01/07/2011 18:11:34,MDH0580,PC-4579,http://simplyhired.com/WboUhagvat57469130.jsp,self job equivalent experience multiple initiative guidance multiple compensation industry start benefits customer experience job call job responsibilities process customer experience initiative dynamic analyze required team starter develop process start degree equivalent starter people multiple dynamic responsibilities develop contribute equivalent contribute multiple develop degree industry analyze platform technologies growth call customer develop platform skills expert dynamic passion experience required experience job job equivalent technologies permanent platform self opening resume customer equivalent industry starter engineer initiative industry responsibilities hours
http,{F2T4-J7BB67FQ-1905NLIW},01/10/2011 10:19:27,MDH0580,PC-4579,http://indeed.com/WboUhagvat1680703797.html,contribute required industry skills multitask develop team experience salary interface contribute multiple visual skills job interface management management platform engineer contribute compensation develop engineer strong starter platform start report multiple contribute permanent process expert platform starter starter technologies years benefits multiple opening equivalent people experience growth develop
http,{A6T6-L8RW83ZP-6818BNHK},01/10/2011 10:58:13,MDH0580,PC-4579,http://simplyhired.com/WboUhagvat57469130.jsp,guidance technologies resume growth benefits dynamic skills skills growth years resume experience years sales industry benefits develop on-time people skills equivalent concepts required management growth customer concepts skills multitask skills contribute strong dynamic guidance contribute resume skills on-time report industry compensation concepts passion industry equivalent expert on-time
http,{B1J3-L5BL87WN-6570TJXH},01/10/2011 16:27:53,MDH0580,PC-4579,http://jobhuntersbible.com/WboUhagvat1258877042.aspx,concepts on-time sales people equivalent technologies people responsibilities contribute benefits management visual people resume customer dynamic team dynamic people develop sales relocation management multitask skills contribute resume benefits permanent customer degree customer resume team multiple start skills compensation job guidance permanent passion passion experience management interface years analyze develop permanent
http,{Z3O9-E3KB48AA-2665IDEM},01/10/2011 17:07:51,MDH0580,PC-4579,http://careerbuilder.com/WboUhagvat660170997.htm,on-time growth job passion required multitask platform multiple permanent on-time develop analyze compensation opening experience develop visual technologies years develop skills years technologies resume passion dynamic expert salary multiple contribute interface experience degree self team equivalent concepts technologies resume contribute team platform call customer interface contribute process passion
http,{H0G8-V8AN94WA-1069PXIT},01/10/2011 17:17:57,MDH0580,PC-4579,http://lockheedmartin.com/WboUhagvat1636367808.htm,on-line job passion salary people benefits strong required initiative required hours resume experience develop equivalent compensation contribute degree required guidance contribute required team job guidance responsibilities contribute multitask multiple develop multiple multiple initiative skills report customer responsibilities expert on-time skills customer people benefits management experience opening resume
http,{G4I6-T9UD49XZ-8660OXJS},01/10/2011 17:56:31,MDH0580,PC-4579,http://jobhuntersbible.com/WboUhagvat1258877042.aspx,skills years team passion required on-line salary process resume years start interface permanent people resume people years concepts passion management sales contribute customer develop expert technologies benefits passion analyze job interface interface platform start part-time customer people team degree opening concepts on-time interface years sales required multiple concepts years management opening multiple contribute management opening technologies process starter interface strong hours permanent technologies report interface platform degree skills compensation customer skills opening
email,{E9I1-A9UL01MP-5136YVVM},01/11/2011 09:59:44,MDH0580,PC-4579,Francis.P.Edwards@harris.com,,,Morgan.Deborah.Hoover@dtaa.com,17162,2,growth starter self responsibilities industry multitask benefits resume degree dynamic industry platform permanent self opening multiple part-time industry resume hours people experience contribute sales experience required process experience experience experience analyze job dynamic team resume years recruiter interface skills multitask job part-time industry people passion job
email,{V1W9-O5ZX35RQ-6706QQBR},01/11/2011 12:18:48,MDH0580,PC-4579,Francis.P.Edwards@harris.com,,,Morgan.Deborah.Hoover@dtaa.com,25956,0,part-time multiple on-line analyze on-time resume multitask sales years contribute required concepts benefits responsibilities customer dynamic resume customer concepts required experience industry expert job permanent responsibilities experience required dynamic people on-time experience visual starter strong part-time required management resume industry skills start initiative platform expert equivalent skills skills
http,{T7U2-N2GT90GD-7142LJCZ},01/11/2011 14:21:51,MDH0580,PC-4579,http://careerbuilder.com/WboUhagvat660170997.htm,contribute required permanent customer interface required responsibilities skills interface growth industry process contribute years analyze management interface passion responsibilities strong multitask sales resume degree starter benefits skills degree growth opening interface dynamic team management years initiative dynamic growth multitask permanent sales opening responsibilities years process initiative industry
http,{D0U0-C5CZ29FC-4780PHZZ},01/11/2011 14:26:19,MDH0580,PC-4579,http://craigslist.org/WboUhagvat1105403916.aspx,initiative equivalent experience team report start part-time contribute management degree job responsibilities multiple start responsibilities on-time starter dynamic expert multiple report responsibilities part-time permanent concepts required strong contribute customer multiple responsibilities contribute expert benefits experience management technologies starter compensation industry hours salary hours skills develop relocation report
http,{R2O3-I2VZ55AZ-5601FBQQ},01/11/2011 18:07:47,MDH0580,PC-4579,http://yahoo.com/hotjobs/WboUhagvat752138490.php,contribute multiple engineer team strong strong start growth job expert resume degree required salary team people management concepts responsibilities resume team interface resume responsibilities responsibilities self degree resume management compensation multiple part-time compensation guidance experience compensation resume customer relocation platform strong multiple job required compensation management initiative
http,{T4Q6-S2AP84PX-2364ITRH},01/12/2011 08:44:05,MDH0580,PC-4579,http://monster.com/WboUhagvat1180707852.html,self develop people develop degree required on-line skills equivalent report degree industry resume initiative years years expert responsibilities contribute resume permanent people passion passion dynamic guidance team resume starter recruiter dynamic required benefits on-line team engineer interface responsibilities on-time customer skills on-time develop degree benefits process report salary experience years concepts multitask required industry resume job growth benefits dynamic part-time
http,{Q4V4-T0AO73AF-6003KKWA},01/13/2011 09:55:32,MDH0580,PC-4579,http://job-hunt.org/WboUhagvat919122234.html,engineer years responsibilities opening degree resume start guidance team initiative strong skills interface analyze platform opening platform resume technologies process years salary multiple contribute sales platform equivalent years equivalent start job benefits starter industry years experience equivalent hours sales people experience management hours interface experience process permanent people degree initiative platform start passion develop process customer platform self passion technologies benefits start opening process sales team
http,{W4F1-J7JL92TW-9576WZUE},01/13/2011 12:18:21,MDH0580,PC-4579,http://simplyhired.com/WboUhagvat57469130.jsp,develop develop relocation management concepts equivalent sales growth expert contribute report equivalent degree sales initiative responsibilities years multitask skills years growth salary people degree industry start on-time contribute multiple degree initiative sales on-line required permanent permanent industry permanent customer interface technologies years interface multitask skills equivalent
http,{R4O8-B3SM09NN-8913YRUJ},01/13/2011 13:47:31,MDH0580,PC-4579,http://job-hunt.org/WboUhagvat919122234.html,years start industry initiative starter interface concepts opening process dynamic required on-time job equivalent sales report concepts passion compensation dynamic years required benefits develop multitask years experience passion multitask benefits resume skills experience multiple team process multitask industry hours engineer benefits call part-time technologies passion initiative years required initiative start
http,{H8T6-T9IY68LA-8242CAFX},01/13/2011 15:10:03,MDH0580,PC-4579,http://lockheedmartin.com/WboUhagvat1636367808.htm,report people salary expert resume industry job dynamic strong job part-time dynamic start initiative technologies visual degree team salary develop required skills multiple customer on-time develop equivalent resume permanent skills required starter customer interface years platform experience expert concepts starter industry degree people people management concepts technologies contribute contribute hours opening start industry equivalent job experience
http,{J0W4-M0HJ11SK-1856XKZE},01/13/2011 15:29:29,MDH0580,PC-4579,http://monster.com/WboUhagvat1180707852.html,develop experience skills recruiter required growth opening contribute multiple initiative technologies develop on-time multitask concepts relocation experience on-line responsibilities dynamic people process interface industry analyze resume salary salary analyze develop report interface experience technologies guidance compensation salary growth permanent strong skills job concepts management multiple resume hours expert report resume start skills permanent industry benefits compensation opening analyze relocation growth platform skills on-line industry industry equivalent contribute
http,{Y7A6-U6MQ02IE-8946HSTJ},01/13/2011 16:25:00,MDH0580,PC-4579,http://raytheon.com/WboUhagvat343187784.jsp,years self permanent on-line benefits platform concepts passion experience initiative industry self benefits visual on-line interface hours required self develop degree starter customer experience dynamic multiple multiple salary management platform resume report contribute develop platform analyze process visual strong people dynamic responsibilities platform multitask part-time multiple analyze growth resume analyze industry skills technologies guidance develop
http,{B8B7-T5BD28YS-2565LJWN},01/13/2011 17:35:34,MDH0580,PC-4579,http://job-hunt.org/WboUhagvat919122234.html,multitask contribute years initiative opening platform customer people on-time team team multitask passion growth opening multiple customer concepts on-line degree management required start people salary guidance develop visual equivalent degree interface visual passion sales resume start team benefits multiple platform industry hours customer opening engineer experience guidance responsibilities resume process years degree resume degree responsibilities report
http,{G0Q5-B0CX98XI-1654ANHE},01/14/2011 08:44:42,MDH0580,PC-4579,http://boeing.com/WboUhagvat1904327536.htm,industry contribute multitask skills interface strong multiple process strong required multitask responsibilities equivalent experience concepts benefits expert benefits contribute dynamic resume contribute degree engineer permanent analyze dynamic analyze dynamic equivalent management starter degree skills management platform people expert years people contribute growth
http,{T2F6-W8RF36TF-8499MSNY},01/14/2011 09:13:41,MDH0580,PC-4579,http://job-hunt.org/WboUhagvat919122234.html,responsibilities experience growth degree expert start benefits years expert degree degree resume degree experience guidance on-line skills responsibilities team sales team process required experience guidance multiple interface passion starter permanent job process sales years experience management dynamic contribute hours multitask equivalent customer degree multitask required required growth management multiple hours report relocation report start responsibilities
http,{T0O8-J9GR56BQ-9230VFXW},01/14/2011 10:18:36,MDH0580,PC-4579,http://job-hunt.org/WboUhagvat919122234.html,permanent on-time benefits hours opening initiative resume platform permanent dynamic initiative engineer team self skills expert salary multitask industry resume multiple resume initiative initiative responsibilities expert team required passion years skills analyze compensation resume concepts management engineer required process growth interface call years people team strong on-line part-time team management industry multiple responsibilities skills process compensation team experience job part-time develop responsibilities job team develop expert degree
http,{P2G7-W8BB49XN-7999KGHY},01/14/2011 14:11:31,MDH0580,PC-4579,http://yahoo.com/hotjobs/WboUhagvat752138490.php,analyze dynamic industry industry multiple multitask years growth start team concepts management report growth technologies required job develop responsibilities skills start management concepts dynamic multiple customer develop benefits process expert customer contribute growth permanent skills platform management job degree technologies sales required analyze sales develop equivalent people management skills engineer contribute develop passion sales starter years experience multiple multitask experience multiple customer opening resume multiple
http,{O6K6-E2OG27VT-4098WZMV},01/14/2011 17:25:22,MDH0580,PC-4579,http://boeing.com/WboUhagvat1904327536.htm,start years experience analyze on-time customer degree self degree interface resume dynamic required responsibilities multitask years passion customer multitask years degree growth degree process part-time degree initiative expert sales on-line experience interface concepts customer report develop start visual report expert required report sales years degree job initiative resume years salary customer sales part-time skills passion benefits years experience skills required strong degree sales team report initiative
http,{L2T9-Y4IN67IU-2108BENV},01/17/2011 08:55:53,MDH0580,PC-4579,http://linkedin.com/WboUhagvat1479839504.aspx,initiative opening required permanent analyze years develop degree people growth initiative strong starter on-time benefits interface growth dynamic interface required degree analyze contribute years skills growth people degree opening team degree required required expert sales job team people customer multitask job passion degree required sales interface multiple multitask develop engineer team responsibilities required strong dynamic management skills permanent industry expert customer salary sales
http,{P1A2-H7OX64PI-0294RORJ},01/17/2011 11:42:45,MDH0580,PC-4579,http://linkedin.com/WboUhagvat1479839504.aspx,people equivalent engineer responsibilities contribute sales required platform concepts years required report multiple hours process on-line sales skills technologies team required technologies equivalent degree degree salary people team years responsibilities skills responsibilities team report benefits expert platform contribute experience multitask
http,{W4C1-F1GO67HI-6979KLZQ},01/17/2011 12:53:23,MDH0580,PC-4579,http://monster.com/WboUhagvat1180707852.html,visual required concepts customer opening opening equivalent salary on-line develop on-time experience compensation customer strong technologies skills years years strong part-time guidance skills opening equivalent management initiative required on-time start concepts strong contribute on-time guidance on-time guidance permanent degree strong permanent self customer opening customer dynamic sales required multiple develop equivalent resume concepts multitask skills on-time strong experience multitask multiple team
email,{T7A1-G6VV20FG-1979TURS},01/17/2011 12:55:02,MDH0580,PC-4579,Francis.P.Edwards@harris.com,,,Morgan.Deborah.Hoover@dtaa.com,21582,0,growth job required initiative job responsibilities skills initiative call growth contribute experience job skills on-time multiple benefits resume skills permanent report strong industry develop team technologies people experience multitask starter guidance interface technologies concepts resume management benefits strong equivalent guidance equivalent sales skills concepts multiple report compensation guidance growth guidance equivalent management
http,{T7S2-C6YA67CS-8641THTE},01/17/2011 15:35:20,MDH0580,PC-4579,http://indeed.com/WboUhagvat1680703797.html,contribute management skills contribute skills start dynamic strong platform experience opening experience growth opening engineer passion multitask hours responsibilities hours self growth experience engineer people equivalent years part-time technologies responsibilities management industry concepts job guidance contribute industry equivalent interface people interface
http,{Y4X8-Q9FJ40WB-6768BPIA},01/17/2011 15:39:13,MDH0580,PC-4579,http://linkedin.com/WboUhagvat1479839504.aspx,industry multitask expert initiative report initiative dynamic on-time responsibilities contribute job multiple compensation on-time opening report skills team experience experience permanent degree years multitask skills skills equivalent sales experience equivalent
email,{A8R1-K9NP64SN-0005LUFO},01/17/2011 17:44:24,MDH0580,PC-4579,Francis.P.Edwards@harris.com,,,Morgan.Deborah.Hoover@dtaa.com,39900,1,strong job degree people job call strong platform people passion self customer develop multiple industry multitask required opening responsibilities dynamic required initiative responsibilities permanent expert growth starter multiple resume strong dynamic initiative growth management concepts part-time contribute skills process opening industry people equivalent customer develop concepts responsibilities on-time job equivalent start customer growth permanent years start
http,{L2S1-O4OO25EC-6570DUNJ},01/17/2011 17:44:59,MDH0580,PC-4579,http://linkedin.com/WboUhagvat1479839504.aspx,skills job responsibilities start industry dynamic degree opening responsibilities compensation resume expert team team customer growth concepts passion initiative job on-time customer resume strong people responsibilities concepts multitask analyze growth relocation analyze responsibilities concepts concepts passion multitask experience people dynamic years sales management platform years required required team responsibilities start
http,{S1P6-G2QY90YL-5356ZRNS},01/18/2011 11:00:22,MDH0580,PC-4579,http://job-hunt.org/WboUhagvat919122234.html,years customer customer multitask multitask multitask dynamic opening job required start growth contribute analyze technologies platform develop degree people industry start required starter on-time platform job dynamic self dynamic self contribute industry industry required job expert start multitask industry strong develop multitask team required permanent
http,{X0E3-P8SU32ZY-3327CPUP},01/19/2011 08:52:35,MDH0580,PC-4579,http://jobhuntersbible.com/WboUhagvat1258877042.aspx,equivalent customer salary initiative responsibilities report visual salary customer people part-time permanent technologies part-time resume start dynamic job compensation develop dynamic equivalent recruiter initiative required engineer on-time growth part-time industry start salary management analyze years dynamic initiative sales
http,{M4M4-O0NE10VR-0412NAEN},01/19/2011 11:01:04,MDH0580,PC-4579,http://yahoo.com/hotjobs/WboUhagvat752138490.php,develop management passion degree benefits team strong compensation sales team experience start process customer dynamic guidance industry growth starter management permanent on-line interface degree multiple team required responsibilities sales management industry experience management experience process job responsibilities technologies experience platform interface hours contribute multitask resume concepts required platform skills engineer years people
http,{O7T2-L5HI85AF-0149UCPC},01/19/2011 11:05:48,MDH0580,PC-4579,http://raytheon.com/WboUhagvat343187784.jsp,required passion degree job people responsibilities people strong team strong experience industry develop team platform concepts job responsibilities expert multitask develop sales skills engineer process multiple dynamic years team dynamic required customer permanent contribute platform required resume strong multiple develop customer self resume start job initiative opening on-line
http,{S9B3-Y1CG71FR-2295OLSP},01/19/2011 12:09:41,MDH0580,PC-4579,http://raytheon.com/WboUhagvat343187784.jsp,starter responsibilities experience hours concepts years guidance required engineer skills team permanent required team report contribute dynamic opening resume expert strong initiative hours experience years customer sales compensation interface customer engineer compensation analyze experience opening on-time multiple sales on-time on-time hours people skills job technologies management benefits contribute management industry industry skills compensation resume job initiative develop opening
http,{W5K4-V5BJ43FT-4181INNY},01/19/2011 15:42:34,MDH0580,PC-4579,http://simplyhired.com/WboUhagvat57469130.jsp,analyze contribute growth skills multitask experience strong years skills industry contribute starter experience benefits skills contribute skills responsibilities contribute degree customer resume team degree job multitask develop management part-time years multitask develop strong years multitask start benefits management initiative degree contribute experience on-time multiple
http,{Q5U2-A6ZL24AH-2520SZJM},01/20/2011 08:46:24,MDH0580,PC-4579,http://harris.com/WboUhagvat1919385663.htm,develop equivalent dynamic process growth passion analyze experience resume team passion benefits hours industry strong opening opening interface resume required engineer team sales strong customer customer technologies team skills required multitask skills team customer passion on-time job benefits job experience salary permanent customer team compensation opening benefits team contribute years passion opening guidance analyze opening
http,{K3X0-B0DW96SA-0553XIXV},01/20/2011 10:10:02,MDH0580,PC-4579,http://job-hunt.org/WboUhagvat919122234.html,develop initiative multiple dynamic resume expert equivalent passion interface passion resume permanent platform on-line permanent years visual growth job visual technologies interface years customer skills opening strong on-time self sales resume degree on-line resume management dynamic visual strong technologies multitask sales contribute develop opening customer multiple report multitask passion
http,{U2L3-P8YL29GD-7485UFKQ},01/20/2011 10:39:13,MDH0580,PC-4579,http://northropgrumman.com/WboUhagvat572113271.aspx,develop benefits people skills strong team call dynamic guidance initiative dynamic initiative interface team responsibilities interface multiple degree opening initiative equivalent skills resume multiple process permanent develop analyze permanent job develop develop hours interface salary starter degree on-line interface opening skills years relocation develop start years start multiple industry passion degree degree customer on-time resume
http,{O1R8-S8VC39PK-6604OJNN},01/20/2011 10:52:31,MDH0580,PC-4579,http://hp.com/WboUhagvat1944152218.jsp,years skills equivalent required concepts years years dynamic resume resume job multiple dynamic part-time growth call equivalent equivalent multiple multitask compensation degree required responsibilities industry initiative team multitask team on-time benefits strong dynamic passion multiple develop years experience passion resume resume engineer
email,{C0Q0-U2RI75HM-6848LOQF},01/20/2011 11:09:43,MDH0580,PC-4579,Francis.P.Edwards@harris.com,,,Morgan.Deborah.Hoover@dtaa.com,33637,0,on-line growth people equivalent passion customer expert process skills report concepts initiative years experience resume start degree required concepts analyze skills hours start dynamic customer people passion strong start part-time interface benefits contribute concepts people skills industry platform required skills multiple experience permanent degree concepts recruiter multiple contribute skills years guidance management equivalent
http,{Y4P6-U4HS26NV-7399LSKO},01/20/2011 11:14:43,MDH0580,PC-4579,http://raytheon.com/WboUhagvat343187784.jsp,technologies interface customer expert responsibilities management contribute start team responsibilities customer growth benefits responsibilities on-time multiple growth equivalent concepts people degree team team multitask passion experience initiative on-time passion skills growth self job start initiative report interface experience permanent interface contribute concepts sales equivalent responsibilities start customer hours opening multiple platform
http,{E8Y2-Z0SC81BG-6142HWLI},01/20/2011 12:05:05,MDH0580,PC-4579,http://aol.com/jobs/WboUhagvat1963819229.jsp,degree initiative technologies on-time develop platform platform responsibilities years passion multiple experience degree required job resume expert visual experience report required multiple people responsibilities technologies job skills responsibilities part-time team customer guidance degree start guidance contribute on-time experience interface resume contribute customer self interface multiple
email,{Z8V7-I2KW73FX-5896LDWL},01/20/2011 13:44:47,MDH0580,PC-4579,Francis.P.Edwards@harris.com,,,Morgan.Deborah.Hoover@dtaa.com,30853,0,sales opening management skills multitask contribute concepts expert salary starter resume develop platform growth develop process part-time technologies compensation degree required job strong passion multitask equivalent passion degree team team hours multitask skills report analyze growth technologies equivalent management compensation on-time report on-line
http,{H4F0-D2BO66NZ-8244GDCZ},01/20/2011 15:47:51,MDH0580,PC-4579,http://aol.com/jobs/WboUhagvat1963819229.jsp,self degree strong customer on-time platform starter team platform skills expert contribute years people technologies equivalent sales passion multiple multiple develop interface sales responsibilities years skills skills years dynamic report concepts initiative management self equivalent skills opening part-time report process years years benefits industry expert required multitask degree
email,{M0W4-U9FY19AF-8193WSFC},01/20/2011 16:55:22,MDH0580,PC-4579,Francis.P.Edwards@harris.com,,,Morgan.Deborah.Hoover@dtaa.com,51405,0,guidance opening skills permanent job analyze passion years experience degree responsibilities equivalent dynamic equivalent years multiple dynamic degree resume guidance opening responsibilities multitask report responsibilities degree growth management people multiple job on-time job people people job benefits salary concepts skills technologies
http,{T6I9-C6OS28NO-8173SXCK},01/20/2011 17:43:11,MDH0580,PC-4579,http://aol.com/jobs/WboUhagvat1963819229.jsp,process years required opening responsibilities start expert contribute years technologies years develop growth initiative guidance recruiter resume self equivalent technologies team sales platform experience recruiter dynamic required skills job industry report dynamic start develop guidance interface expert management concepts degree required experience equivalent job responsibilities experience job engineer industry skills develop concepts responsibilities on-time
http,{T6J9-P1VS61QG-9179EBCI},01/21/2011 11:03:25,MDH0580,PC-4579,http://job-hunt.org/WboUhagvat919122234.html,resume dynamic process start years multiple years multitask expert strong part-time years required skills analyze resume start opening people contribute analyze job years people initiative multitask starter hours years equivalent industry concepts years industry degree skills salary report team equivalent call strong technologies customer interface job initiative interface skills management contribute resume degree analyze team equivalent develop skills opening responsibilities
http,{P1F7-B6JB56ZX-5763JTLL},01/21/2011 12:27:20,MDH0580,PC-4579,http://job-hunt.org/WboUhagvat919122234.html,sales develop multitask sales required industry experience permanent job responsibilities analyze equivalent self relocation concepts sales resume resume starter management on-line benefits people customer analyze experience interface customer sales job people starter multitask hours compensation dynamic degree develop call
http,{L9X2-M8OV19RM-8447NKQO},01/21/2011 14:15:55,MDH0580,PC-4579,http://yahoo.com/hotjobs/WboUhagvat752138490.php,technologies equivalent hours team expert resume visual customer platform process multitask management degree starter multitask required experience people customer expert process on-time years growth growth job equivalent self experience responsibilities interface resume engineer dynamic self customer people dynamic self management job team permanent permanent equivalent analyze technologies interface start report years team job equivalent salary self multiple people skills benefits platform opening required interface growth
http,{J5A5-B5BM75XU-4204QLCF},01/21/2011 17:14:49,MDH0580,PC-4579,http://craigslist.org/WboUhagvat1105403916.aspx,recruiter guidance hours benefits degree growth years skills start management customer starter interface job initiative on-time customer equivalent interface technologies multitask skills dynamic team customer multitask growth team industry develop customer initiative hours concepts multiple skills interface industry multitask team multiple concepts required multiple experience
http,{Y6M6-B8RN98MI-3757JUPB},01/21/2011 18:16:21,MDH0580,PC-4579,http://monster.com/WboUhagvat1180707852.html,team analyze compensation start analyze skills growth concepts passion degree develop platform part-time customer concepts team growth contribute analyze part-time team on-time develop passion interface equivalent platform benefits start years interface permanent required starter management analyze guidance
http,{I5D1-N6HC83AE-9518FTBB},01/24/2011 08:47:33,MDH0580,PC-4579,http://linkedin.com/WboUhagvat1479839504.aspx,part-time report develop responsibilities start customer develop degree strong visual responsibilities benefits multiple platform technologies multiple compensation report on-time sales experience opening technologies industry industry guidance multitask years strong start opening process passion industry years opening multitask management passion guidance hours industry equivalent self interface management develop self concepts report platform customer resume
http,{W1W8-V3VR04BF-6732SMZU},01/24/2011 09:14:48,MDH0580,PC-4579,http://hp.com/WboUhagvat1944152218.jsp,technologies permanent job relocation develop compensation interface on-time interface part-time people interface multiple resume job strong start responsibilities responsibilities opening benefits develop industry starter sales required initiative report skills sales guidance resume develop resume responsibilities dynamic degree industry multitask management permanent engineer platform multitask dynamic growth job team experience multitask interface resume job required team years platform people
http,{H8K1-Z1IR28CE-9229UHXZ},01/24/2011 09:22:52,MDH0580,PC-4579,http://monster.com/WboUhagvat1180707852.html,concepts job resume sales starter interface strong develop resume years resume process contribute required develop interface technologies dynamic starter degree initiative growth self analyze benefits job people hours industry start benefits industry skills degree concepts report passion skills interface growth develop process skills develop degree analyze customer years
http,{F0C5-M1AV31WZ-6750GLWR},01/24/2011 11:02:42,MDH0580,PC-4579,http://job-hunt.org/WboUhagvat919122234.html,concepts develop salary process technologies management passion on-time people on-time job permanent multitask expert starter guidance process sales industry contribute contribute people technologies customer concepts hours equivalent required visual required
http,{B9U8-R2ZR99NE-6032XQDY},01/24/2011 13:04:17,MDH0580,PC-4579,http://simplyhired.com/WboUhagvat57469130.jsp,relocation industry resume industry benefits interface resume responsibilities industry multitask compensation multitask growth interface engineer responsibilities hours team team multitask management develop job multiple required industry people customer benefits opening benefits passion strong on-line technologies experience develop industry people opening resume required growth call develop develop experience people starter develop analyze industry contribute platform
http,{V0S0-G4CU88QR-7636UBAS},01/24/2011 14:43:36,MDH0580,PC-4579,http://aol.com/jobs/WboUhagvat1963819229.jsp,develop experience concepts visual develop opening experience skills job opening compensation platform skills self degree experience management years growth guidance platform responsibilities required hours dynamic skills industry report degree compensation concepts benefits analyze concepts benefits dynamic management resume degree degree industry multitask sales multitask multiple guidance required concepts platform required management responsibilities process degree starter multiple skills visual skills resume
http,{V9T4-P7DH97ZG-4106WULM},01/24/2011 16:03:49,MDH0580,PC-4579,http://yahoo.com/hotjobs/WboUhagvat752138490.php,develop years start sales report report starter degree visual years growth interface platform platform multitask initiative required salary opening technologies analyze salary compensation visual industry start develop people multiple start start analyze opening multitask required on-line multitask dynamic resume skills technologies job opening job part-time customer report passion growth required people
http,{Q2T0-Z9OV20DD-1458QOUS},01/24/2011 17:58:33,MDH0580,PC-4579,http://aol.com/jobs/WboUhagvat1963819229.jsp,equivalent hours dynamic responsibilities experience benefits initiative technologies start compensation technologies permanent customer team platform experience sales interface degree on-line resume experience people experience degree initiative customer multitask contribute years skills people skills initiative customer
http,{X0G5-V6BB77NJ-4878UVHE},01/24/2011 18:34:10,MDH0580,PC-4579,http://boeing.com/WboUhagvat1904327536.htm,experience job equivalent people management develop expert contribute part-time guidance years years guidance required growth resume initiative responsibilities initiative job opening initiative guidance report on-line report years compensation concepts job start responsibilities starter equivalent strong job degree on-time responsibilities management starter
http,{K8S1-D2MV86UE-3488GGCW},01/24/2011 18:37:02,MDH0580,PC-4579,http://boeing.com/WboUhagvat1904327536.htm,permanent permanent initiative resume on-time technologies customer process starter part-time experience permanent benefits on-time multitask experience hours experience management management required sales guidance starter required required concepts platform contribute process experience degree develop opening skills sales on-time interface platform industry skills required initiative compensation initiative multitask analyze sales technologies report analyze hours platform multitask
http,{J8O8-Z1XX13XU-7649JZMV},01/25/2011 08:52:24,MDH0580,PC-4579,http://monster.com/WboUhagvat1180707852.html,guidance develop job part-time multiple team dynamic multiple sales sales dynamic sales salary technologies degree equivalent concepts required expert starter on-line required management interface part-time resume visual interface passion multiple equivalent multiple guidance guidance responsibilities opening permanent management people interface years dynamic visual skills experience responsibilities industry experience guidance job visual expert permanent industry team
http,{M6N0-D7KG63VD-9405WGKF},01/25/2011 09:34:11,MDH0580,PC-4579,http://northropgrumman.com/WboUhagvat572113271.aspx,required interface technologies passion equivalent job report years multiple contribute permanent degree required strong report skills technologies hours customer sales platform multiple strong starter visual degree multitask customer salary interface develop required responsibilities responsibilities multitask years management platform management concepts people hours technologies report required technologies skills platform expert
http,{O9M9-X1UV29UF-7393VKET},01/25/2011 09:51:42,MDH0580,PC-4579,http://careerbuilder.com/WboUhagvat660170997.htm,contribute required technologies salary experience recruiter permanent contribute required technologies resume develop on-time required required opening degree people skills customer self contribute management dynamic contribute concepts job job job degree dynamic concepts salary starter job team passion customer skills required opening engineer multiple team job self report strong initiative customer platform contribute platform growth years job growth management
http,{V6Z1-Q4AV06VO-5524PWQS},01/25/2011 09:52:15,MDH0580,PC-4579,http://hp.com/WboUhagvat1944152218.jsp,initiative engineer degree management degree analyze sales passion opening concepts report required hours develop years required multiple skills benefits develop required customer responsibilities team opening team start salary contribute concepts degree resume people process multitask interface industry degree job start industry strong interface part-time multitask sales report develop initiative report equivalent guidance interface responsibilities multiple required strong years multiple growth concepts management multiple team interface job
http,{N3H3-G3GB80BA-5820JTHY},01/25/2011 10:14:38,MDH0580,PC-4579,http://simplyhired.com/WboUhagvat57469130.jsp,permanent experience experience concepts process concepts required job people report on-time compensation hours multitask customer years years strong equivalent compensation concepts report guidance develop degree report skills experience years dynamic resume required part-time dynamic opening report sales experience relocation permanent dynamic experience job industry team equivalent part-time starter opening management dynamic responsibilities experience responsibilities
http,{K8F9-Q9DC53LG-9501FRYT},01/25/2011 11:20:39,MDH0580,PC-4579,http://craigslist.org/WboUhagvat1105403916.aspx,dynamic expert engineer passion required interface years resume sales multitask team start concepts experience multiple part-time sales years strong guidance platform develop skills required opening degree multitask resume platform dynamic degree contribute interface growth experience process platform visual equivalent years passion contribute resume degree on-time initiative
http,{A2P4-F4SE10SP-3203MNEB},01/25/2011 13:17:05,MDH0580,PC-4579,http://linkedin.com/WboUhagvat1479839504.aspx,opening initiative industry equivalent interface responsibilities concepts required multitask experience dynamic analyze benefits experience technologies experience technologies technologies start interface degree develop report industry team start platform passion team develop analyze growth required opening starter on-line responsibilities permanent growth
http,{C2C2-H4MU45YV-0712QBIV},01/25/2011 14:54:27,MDH0580,PC-4579,http://craigslist.org/WboUhagvat1105403916.aspx,team team required technologies concepts sales equivalent hours engineer process resume initiative interface growth customer permanent develop growth strong interface on-line responsibilities experience visual management permanent industry interface resume experience team resume passion benefits relocation concepts interface contribute growth responsibilities hours technologies opening initiative passion
http,{P4G3-U7DE03ZY-9600DWEM},01/25/2011 14:59:46,MDH0580,PC-4579,http://lockheedmartin.com/WboUhagvat1636367808.htm,dynamic experience growth contribute customer opening permanent growth permanent multiple initiative resume skills multitask dynamic platform technologies customer start initiative contribute contribute self technologies opening start customer years contribute compensation management hours self equivalent opening self responsibilities compensation resume equivalent equivalent passion multitask platform strong team team years technologies initiative hours guidance part-time resume required technologies sales sales required resume people contribute
email,{R8U1-G7QN89EM-1827NWHT},01/26/2011 09:09:23,MDH0580,PC-4579,Francis.P.Edwards@harris.com,,,Morgan.Deborah.Hoover@dtaa.com,28356,1,benefits years skills opening industry growth growth contribute responsibilities customer start people team growth analyze permanent multiple years resume responsibilities report experience job benefits people skills multiple on-time sales compensation team required contribute multitask opening starter skills interface experience experience permanent resume equivalent passion opening start contribute start resume experience team visual required strong
http,{I7X5-K5FU79ML-5440FHOE},01/26/2011 09:18:23,MDH0580,PC-4579,http://hp.com/WboUhagvat1944152218.jsp,multitask resume multitask sales permanent industry contribute contribute strong technologies job team multitask interface job multitask resume recruiter part-time develop passion passion multiple multiple platform job skills required job on-line technologies platform develop required equivalent people permanent equivalent self starter degree skills equivalent
http,{V2U8-W0DJ36ZO-2516GNFH},01/26/2011 10:20:00,MDH0580,PC-4579,http://harris.com/WboUhagvat1919385663.htm,passion develop job on-time benefits start benefits required benefits responsibilities opening hours management opening strong opening resume skills passion required start equivalent management equivalent industry interface concepts degree responsibilities relocation technologies team passion passion degree degree required opening experience benefits develop sales job required customer concepts compensation self benefits opening passion technologies growth growth experience skills
http,{K8M1-U2ZK80BG-3957VRWS},01/26/2011 11:09:45,MDH0580,PC-4579,http://craigslist.org/WboUhagvat1105403916.aspx,platform experience resume start customer team degree concepts engineer expert passion multiple multitask multiple on-line opening report people develop management benefits permanent platform equivalent start experience process process benefits hours compensation starter permanent interface passion contribute equivalent years equivalent multiple visual people interface years contribute industry analyze experience develop team required start degree equivalent on-line skills process resume analyze experience skills degree team degree job degree report team
http,{W0K6-M1ES93QS-9271UVYI},01/26/2011 14:25:04,MDH0580,PC-4579,http://indeed.com/WboUhagvat1680703797.html,engineer multitask multiple sales years strong benefits years starter passion job skills report sales analyze job develop responsibilities platform concepts multiple skills sales expert strong sales concepts develop degree develop experience strong multitask years required interface multiple required industry
http,{I3A6-O6SN20YL-1955JUFC},01/26/2011 15:30:50,MDH0580,PC-4579,http://northropgrumman.com/WboUhagvat572113271.aspx,required years starter customer degree develop experience permanent report industry required concepts job self equivalent self expert sales sales skills develop experience job interface starter degree industry part-time develop team skills responsibilities concepts resume team equivalent team technologies experience benefits technologies growth industry years develop guidance management opening industry permanent analyze management
http,{K0T9-Y6RV73OU-1206XLIA},01/26/2011 16:07:39,MDH0580,PC-4579,http://craigslist.org/WboUhagvat1105403916.aspx,technologies job compensation on-time team compensation customer required expert experience resume sales dynamic sales job required experience develop experience job customer permanent responsibilities required degree degree contribute contribute expert sales job contribute visual management report
http,{S3H9-M8CT37NJ-1464XKTZ},01/26/2011 16:17:42,MDH0580,PC-4579,http://harris.com/WboUhagvat1919385663.htm,equivalent permanent years on-time report benefits customer start team visual management team skills sales initiative team compensation part-time skills salary years on-time visual job skills resume relocation growth engineer technologies initiative industry develop on-time equivalent analyze analyze resume responsibilities job customer equivalent permanent growth opening management guidance develop initiative initiative on-time passion sales on-time industry multiple management on-line self degree degree self passion visual multitask opening degree dynamic industry experience resume responsibilities concepts required starter
http,{F5I6-Q0PL07TG-0061LYTK},01/26/2011 17:45:53,MDH0580,PC-4579,http://indeed.com/WboUhagvat1680703797.html,technologies required start interface guidance technologies people sales industry degree multiple job growth team contribute responsibilities opening years years customer equivalent concepts platform start initiative part-time years technologies multiple strong platform industry equivalent multitask multitask start required recruiter contribute multitask contribute technologies equivalent degree
http,{E5J7-F4EX56XF-7297MRMP},01/27/2011 10:04:59,MDH0580,PC-4579,http://harris.com/WboUhagvat1919385663.htm,part-time people responsibilities dynamic hours required responsibilities visual opening multitask technologies dynamic people develop management skills years growth guidance strong multiple on-time people degree experience starter multiple passion team multitask permanent guidance multitask team contribute permanent starter report visual
http,{H9T9-J3WA95KJ-9959RJRJ},01/27/2011 10:21:40,MDH0580,PC-4579,http://simplyhired.com/WboUhagvat57469130.jsp,technologies develop years concepts guidance contribute process starter salary experience expert report multitask multitask on-time benefits dynamic sales management degree opening skills years multiple degree develop years technologies report concepts contribute people passion team job years permanent degree multiple growth contribute job growth growth team compensation required self skills passion equivalent on-time interface
http,{M7E2-V4OE52QS-4145THXT},01/27/2011 17:48:34,MDH0580,PC-4579,http://boeing.com/WboUhagvat1904327536.htm,degree management job technologies multiple years passion develop permanent on-time people degree growth resume technologies guidance industry start visual multitask people equivalent contribute people customer people recruiter years permanent skills team years experience experience contribute opening self platform develop experience multitask skills people customer degree
http,{S6K5-M1ST69JR-9742RURL},01/28/2011 09:54:43,MDH0580,PC-4579,http://job-hunt.org/WboUhagvat919122234.html,resume concepts team develop hours on-time team multitask platform contribute part-time permanent years job customer growth contribute people skills platform years required engineer customer required strong equivalent required passion customer sales years customer years initiative contribute industry contribute people develop passion years dynamic recruiter initiative skills
http,{Q4O1-S4LJ91QE-6883PIZZ},01/28/2011 11:36:39,MDH0580,PC-4579,http://hp.com/WboUhagvat1944152218.jsp,customer on-line initiative equivalent self opening on-time years job process passion management required opening passion required job concepts on-time team multiple opening industry resume dynamic responsibilities multiple resume job people analyze contribute resume multitask contribute part-time platform platform sales
http,{M7J3-T5VC05YS-6143MBVN},01/28/2011 13:45:08,MDH0580,PC-4579,http://indeed.com/WboUhagvat1680703797.html,job on-time develop resume platform benefits people expert sales process concepts industry equivalent opening multitask industry years guidance benefits degree years multitask process growth on-time skills contribute required permanent passion experience multitask customer contribute customer opening interface opening multitask dynamic equivalent job equivalent process job analyze contribute management customer multiple people management opening develop initiative
http,{X0D6-O3JQ75QH-9362PCFR},01/28/2011 15:32:16,MDH0580,PC-4579,http://lockheedmartin.com/WboUhagvat1636367808.htm,equivalent passion job concepts on-line industry dynamic salary job permanent permanent part-time opening report passion team compensation multitask passion experience required concepts concepts benefits skills strong platform initiative benefits equivalent expert passion guidance self multiple process hours multitask responsibilities customer guidance industry concepts required permanent permanent technologies opening industry part-time team hours resume team platform on-time multitask
http,{K7E3-F9UA64UF-8861QCBZ},01/28/2011 16:04:17,MDH0580,PC-4579,http://hp.com/WboUhagvat1944152218.jsp,contribute job skills degree industry responsibilities passion expert responsibilities job concepts required people technologies required compensation report team degree responsibilities responsibilities develop years analyze people industry multiple engineer opening multitask part-time experience on-line resume report strong interface passion equivalent report concepts self relocation develop strong sales equivalent required skills customer skills strong
http,{S0R4-S0IQ11QU-1568YXKY},01/31/2011 09:08:52,MDH0580,PC-4579,http://linkedin.com/WboUhagvat1479839504.aspx,required part-time degree self customer self engineer strong platform management compensation customer interface degree opening compensation years team multitask analyze degree passion report multitask people report engineer team resume years interface initiative contribute on-line team call passion report responsibilities years dynamic analyze customer technologies equivalent analyze customer sales responsibilities resume benefits multitask start required process start guidance permanent technologies dynamic years resume opening
http,{G8S9-T3WH15CR-7707KGDA},01/31/2011 12:24:18,MDH0580,PC-4579,http://careerbuilder.com/WboUhagvat660170997.htm,permanent team required skills years equivalent concepts customer interface experience customer responsibilities analyze people required growth industry technologies report responsibilities contribute skills initiative salary compensation skills passion resume salary people platform concepts job permanent opening passion degree skills strong start degree degree years people concepts required degree benefits industry guidance engineer dynamic contribute on-line customer passion multiple management
http,{U3V7-O4WT33KM-7155RMIC},01/31/2011 13:02:29,MDH0580,PC-4579,http://jobhuntersbible.com/WboUhagvat1258877042.aspx,develop expert required sales self starter responsibilities sales management growth analyze platform engineer management people sales equivalent platform multiple concepts salary multitask years resume customer growth responsibilities management concepts years opening resume self
http,{U8A6-M9MM52JZ-3516IGKW},01/31/2011 14:48:14,MDH0580,PC-4579,http://harris.com/WboUhagvat1919385663.htm,opening analyze initiative part-time on-time multitask report visual contribute team benefits dynamic technologies strong job engineer equivalent skills experience opening develop process platform customer on-time dynamic benefits passion industry people skills degree people passion equivalent develop compensation growth experience develop years on-time resume experience passion start strong benefits customer degree concepts degree strong opening sales years responsibilities opening management team initiative passion opening people strong experience equivalent technologies multiple sales
http,{K3V5-Z8LR57MA-8997NJGQ},01/31/2011 14:57:02,MDH0580,PC-4579,http://monster.com/WboUhagvat1180707852.html,develop experience expert start team concepts management team sales team equivalent multitask years management expert team dynamic starter industry on-line years start equivalent strong visual relocation resume team job expert resume years skills experience
http,{O1Z8-D6DO35SD-7945HLOI},01/31/2011 16:25:03,MDH0580,PC-4579,http://simplyhired.com/WboUhagvat57469130.jsp,hours skills dynamic concepts years years process starter initiative start strong required experience process required opening customer platform multiple platform industry benefits initiative platform opening multiple process required dynamic years equivalent strong dynamic initiative team start interface team platform report skills job on-time visual platform expert hours sales team visual
http,{D2R8-U1EJ87CP-9216OWZS},01/31/2011 16:35:58,MDH0580,PC-4579,http://yahoo.com/hotjobs/WboUhagvat752138490.php,customer degree skills concepts responsibilities passion benefits opening customer expert salary benefits industry people guidance years opening required salary benefits relocation salary resume job degree hours start contribute multiple management job on-time multitask salary guidance sales growth skills customer multitask years technologies on-time benefits
http,{Y9U8-R6RS58NS-0151MORO},01/31/2011 18:25:54,MDH0580,PC-4579,http://harris.com/WboUhagvat1919385663.htm,initiative expert permanent passion report visual dynamic engineer dynamic people team technologies sales start job on-line initiative report customer responsibilities management people permanent process contribute growth on-line initiative benefits industry on-time strong passion concepts growth analyze multiple interface technologies hours benefits degree expert years passion initiative sales develop develop industry team platform passion
http,{H7L7-S1NV73HG-4531MYRI},02/01/2011 09:38:40,MDH0580,PC-4579,http://harris.com/WboUhagvat1919385663.htm,industry develop platform people starter starter self interface required part-time management years report technologies self responsibilities experience customer resume skills multitask dynamic growth years people
http,{C3B0-F5GU06RS-6095UQHP},02/01/2011 10:45:35,MDH0580,PC-4579,http://job-hunt.org/WboUhagvat919122234.html,management team multitask salary growth benefits passion part-time opening visual team expert technologies interface report required skills salary skills people industry compensation resume customer experience interface platform contribute part-time responsibilities equivalent years years concepts years starter multitask required contribute multitask compensation years on-time strong call required
http,{S1I6-W8VC07ON-3778VJQO},02/01/2011 10:49:53,MDH0580,PC-4579,http://monster.com/WboUhagvat1180707852.html,contribute self interface resume passion benefits resume permanent equivalent dynamic experience resume contribute dynamic degree industry technologies opening sales dynamic customer contribute customer develop industry concepts growth multitask required industry growth contribute multitask strong passion responsibilities starter degree equivalent self starter equivalent experience on-time technologies skills opening job self concepts develop benefits interface job relocation skills start analyze job initiative develop industry skills
http,{K4E0-O1WZ63GD-1877FWIP},02/01/2011 11:07:03,MDH0580,PC-4579,http://job-hunt.org/WboUhagvat919122234.html,industry required platform process required passion expert initiative opening on-line expert guidance platform develop recruiter multiple skills years visual starter contribute engineer team interface team report required customer responsibilities dynamic strong relocation passion job start strong compensation job develop team responsibilities required develop years multitask resume strong team salary technologies multitask concepts
http,{M0P4-L1EQ42KS-3715HKOD},02/01/2011 11:46:05,MDH0580,PC-4579,http://harris.com/WboUhagvat1919385663.htm,self people team multiple initiative hours responsibilities industry develop guidance initiative dynamic industry passion contribute responsibilities equivalent analyze technologies years process sales develop responsibilities technologies resume resume multitask contribute hours required multitask experience degree platform industry years opening platform initiative dynamic multitask multiple required expert guidance report
http,{O3C0-G2BR95JJ-1600VFGP},02/01/2011 12:39:25,MDH0580,PC-4579,http://simplyhired.com/WboUhagvat57469130.jsp,on-time responsibilities concepts passion interface skills skills required resume develop multiple report strong industry degree sales resume years experience industry concepts compensation contribute expert industry platform permanent sales growth report opening team sales platform management on-line experience multitask management degree self guidance interface on-time dynamic interface
http,{I7H4-E3QT92WS-3530LXVJ},02/01/2011 14:53:23,MDH0580,PC-4579,http://harris.com/WboUhagvat1919385663.htm,technologies guidance strong platform opening sales salary resume growth management on-time expert concepts hours sales customer multitask interface experience degree passion part-time permanent management report skills concepts concepts industry skills skills growth start responsibilities multiple years growth develop engineer interface on-time growth skills process develop growth analyze permanent dynamic customer team skills multitask technologies permanent on-time develop initiative degree management passion opening experience required team hours equivalent required develop experience
http,{E0G4-M2NG28KK-1742WLUQ},02/01/2011 16:02:38,MDH0580,PC-4579,http://monster.com/WboUhagvat1180707852.html,interface interface skills degree multiple strong develop dynamic benefits hours years passion multitask responsibilities required develop job contribute required degree industry engineer multitask resume team benefits starter team analyze degree analyze resume
http,{W6G4-O7SV13EU-9755EMZO},02/01/2011 17:07:19,MDH0580,PC-4579,http://monster.com/WboUhagvat1180707852.html,job contribute experience strong resume multiple resume growth experience multiple years guidance job initiative years management passion years start dynamic sales team degree growth passion start technologies team concepts technologies management strong people permanent responsibilities initiative expert management experience degree technologies hours report growth guidance growth expert passion guidance strong permanent job passion team opening
http,{M4S7-L1JZ87VH-2271MAVO},02/01/2011 17:41:43,MDH0580,PC-4579,http://jobhuntersbible.com/WboUhagvat1258877042.aspx,initiative resume growth passion degree hours years interface interface years responsibilities degree required starter process resume concepts skills job skills interface on-time years customer analyze resume strong management develop technologies required contribute team multitask opening on-line responsibilities develop job team resume guidance permanent opening benefits report report contribute process multiple growth people
http,{W7K2-Q1UK81ZS-8206FKPI},02/02/2011 12:16:57,MDH0580,PC-4579,http://lockheedmartin.com/WboUhagvat1636367808.htm,resume required start job contribute multitask develop self interface starter team years resume required dynamic growth dynamic self required industry initiative required job experience experience on-time develop years responsibilities part-time management team permanent report equivalent equivalent skills concepts dynamic equivalent strong platform guidance contribute concepts technologies platform analyze management analyze job years opening degree opening responsibilities growth responsibilities responsibilities relocation job hours growth
http,{W5B1-C2UL07VQ-2766UDYC},02/03/2011 08:37:15,MDH0580,PC-4579,http://craigslist.org/WboUhagvat1105403916.aspx,strong sales initiative job multiple skills salary growth experience customer team degree process skills self strong technologies strong passion skills opening people skills concepts management equivalent expert degree strong equivalent team develop report passion report concepts visual required guidance permanent strong initiative people contribute on-time degree sales years benefits equivalent on-time develop compensation concepts management expert initiative technologies
http,{A8D2-K7FR63WO-8474YIUU},02/03/2011 08:49:02,MDH0580,PC-4579,http://linkedin.com/WboUhagvat1479839504.aspx,required customer report analyze required starter on-line growth required resume job compensation report skills responsibilities resume expert initiative strong permanent on-time interface start degree required equivalent benefits customer industry visual platform relocation call platform skills sales industry skills degree responsibilities starter years platform starter
http,{V9N3-U0IR10UX-2350YMEB},02/03/2011 08:51:43,MDH0580,PC-4579,http://careerbuilder.com/WboUhagvat660170997.htm,start expert initiative growth experience opening contribute required recruiter job people guidance technologies multitask customer platform technologies required interface start concepts customer report degree management expert report degree interface contribute skills call resume job management benefits analyze initiative concepts job multiple management skills team sales sales multiple people develop required years
device,{Y0S7-E3BQ15PC-3527FGTQ},02/03/2011 09:01:40,MDH0580,PC-4579,Connect
device,{B8T8-R5EQ87SC-5468SGRK},02/03/2011 09:44:23,MDH0580,PC-4579,Disconnect
device,{U9L0-X8HA24YQ-1724SLPX},02/03/2011 09:53:45,MDH0580,PC-4579,Connect
device,{P3W3-I9CC16DM-4214QIET},02/03/2011 09:57:40,MDH0580,PC-4579,Disconnect
http,{Z3X9-V7HV31MO-4091LQPD},02/03/2011 10:29:13,MDH0580,PC-4579,http://raytheon.com/WboUhagvat343187784.jsp,passion degree guidance concepts degree opening report strong initiative team responsibilities equivalent starter dynamic technologies experience start people job industry growth skills process resume start multiple multitask technologies guidance experience expert develop job job experience contribute start growth technologies required technologies multitask multitask process resume people skills
device,{M9C4-I0LF25RI-0865BKZU},02/03/2011 10:34:45,MDH0580,PC-4579,Connect
device,{A2P7-B7AM50OB-3125JJZM},02/03/2011 11:46:01,MDH0580,PC-4579,Disconnect
device,{K5G5-C0QJ13GU-6368ZYFV},02/03/2011 12:10:05,MDH0580,PC-4579,Connect
http,{N5A5-T4MH36ZP-7572INWB},02/03/2011 12:42:46,MDH0580,PC-4579,http://craigslist.org/WboUhagvat1105403916.aspx,industry benefits benefits salary technologies management responsibilities passion team contribute passion customer contribute degree resume management multitask start multiple management resume responsibilities passion on-time skills required expert benefits interface contribute self self degree customer equivalent skills engineer interface experience contribute strong responsibilities dynamic resume equivalent growth part-time skills contribute multitask
device,{Y2H0-P3DR50JI-0710FBCO},02/03/2011 13:07:50,MDH0580,PC-4579,Disconnect
http,{J2R2-B4IQ84BG-2061AKLT},02/03/2011 13:21:56,MDH0580,PC-4579,http://harris.com/WboUhagvat1919385663.htm,sales start job team industry degree job dynamic permanent analyze interface guidance degree visual equivalent on-time multiple self management start technologies management develop concepts strong industry engineer technologies process job process equivalent multiple self responsibilities resume guidance degree experience team engineer growth multiple interface passion skills initiative dynamic skills develop on-line strong customer required management interface degree
http,{T5W0-V7MP33BV-7382TSEA},02/03/2011 13:54:49,MDH0580,PC-4579,http://careerbuilder.com/WboUhagvat660170997.htm,experience benefits multiple experience contribute opening equivalent on-time responsibilities concepts required on-time responsibilities multitask permanent technologies experience engineer skills job dynamic growth industry growth responsibilities
device,{D4V5-K2JG42AT-3018KBVY},02/03/2011 14:17:54,MDH0580,PC-4579,Connect
device,{C2E6-U0WY93ZF-5990KVNM},02/03/2011 14:45:07,MDH0580,PC-4579,Disconnect
http,{V3N0-V5SX35DB-2847DTPG},02/03/2011 14:49:22,MDH0580,PC-4579,http://raytheon.com/WboUhagvat343187784.jsp,required multitask strong permanent report equivalent multitask guidance team industry technologies report equivalent on-line experience analyze job multiple resume people multiple experience multitask sales initiative on-time management opening technologies guidance experience years start customer growth equivalent permanent degree part-time develop platform growth degree call job job initiative start people degree
http,{U6B2-G6FX23NP-9044TEJF},02/03/2011 14:55:31,MDH0580,PC-4579,http://craigslist.org/WboUhagvat1105403916.aspx,develop self degree develop degree benefits contribute concepts develop required people technologies degree customer initiative people degree degree industry responsibilities multiple job contribute technologies multitask sales required interface hours people develop benefits start opening sales equivalent job initiative job equivalent hours report opening required growth permanent strong opening responsibilities responsibilities resume dynamic on-time people team industry expert resume
http,{E3A9-D3XQ89EY-0017JFXC},02/03/2011 15:44:03,MDH0580,PC-4579,http://monster.com/WboUhagvat1180707852.html,starter team sales initiative industry opening part-time team responsibilities growth resume skills customer skills multitask resume required concepts management management start responsibilities team resume degree salary people permanent industry years growth equivalent team job interface responsibilities responsibilities multitask sales start technologies report skills resume skills contribute interface skills interface team
device,{D1G2-J3GB38JE-8144UFZL},02/03/2011 17:00:13,MDH0580,PC-4579,Connect
device,{P1R7-V6QT76RE-1582OWYV},02/03/2011 18:01:13,MDH0580,PC-4579,Disconnect
device,{W1L9-T8OF05JI-0281WEDU},02/03/2011 18:05:45,MDH0580,PC-4579,Connect
device,{U0K2-X5RE95IP-5193UMJX},02/03/2011 18:36:42,MDH0580,PC-4579,Disconnect
device,{W2K2-H8GJ99SL-1902KMBY},02/08/2011 08:40:32,MDH0580,PC-4579,Connect
device,{L2O4-Q6LT20CW-7861BWIB},02/08/2011 08:53:11,MDH0580,PC-4579,Disconnect
device,{S8I0-L7ZQ62SE-7463YVHY},02/08/2011 08:58:36,MDH0580,PC-4579,Connect
device,{G8S0-Z9VS34UW-3641MBDZ},02/08/2011 09:37:36,MDH0580,PC-4579,Disconnect
device,{J3M1-J6QX59ZS-4660TDSZ},02/08/2011 09:37:48,MDH0580,PC-4579,Connect
device,{D2X1-H5HE28FO-3710JSLF},02/08/2011 09:40:38,MDH0580,PC-4579,Disconnect
device,{O3U0-Y6EY63SI-7409XOBE},02/08/2011 10:13:27,MDH0580,PC-4579,Connect
device,{K9A6-P4XP47LZ-0087MRDT},02/08/2011 10:22:01,MDH0580,PC-4579,Disconnect
device,{W1D7-Y3QY36OU-5747MVYV},02/08/2011 10:47:45,MDH0580,PC-4579,Connect
device,{T5X0-Q4JM97OQ-7378MEUN},02/08/2011 11:10:46,MDH0580,PC-4579,Disconnect
device,{L0H2-Z4RF22RM-3022AURB},02/08/2011 13:37:20,MDH0580,PC-4579,Connect
device,{Y7R3-G3KT38SG-7060MXPV},02/08/2011 13:47:10,MDH0580,PC-4579,Disconnect
device,{E4E8-T5NH43RW-0135LUVD},02/11/2011 09:12:29,MDH0580,PC-4579,Connect
device,{A9I5-Z3UB52WZ-7709MVLX},02/11/2011 09:56:03,MDH0580,PC-4579,Disconnect
device,{R9Q9-O1SM01FW-7231UPZE},02/11/2011 10:44:25,MDH0580,PC-4579,Connect
device,{V8G8-I0LA70BJ-9811VVUK},02/11/2011 10:56:41,MDH0580,PC-4579,Disconnect
device,{B3E5-P9ZM86WA-1628TQMS},02/11/2011 14:25:04,MDH0580,PC-4579,Connect
device,{W6D8-U8IG44VA-3777UBZX},02/11/2011 15:03:31,MDH0580,PC-4579,Disconnect
device,{M4Y3-G6YZ72NZ-6531NCWR},02/11/2011 15:54:12,MDH0580,PC-4579,Connect
device,{J1X7-C3IK72UI-3496EDDD},02/11/2011 16:06:14,MDH0580,PC-4579,Disconnect
device,{P4E6-I8DR86MN-5139LLIW},02/11/2011 17:37:20,MDH0580,PC-4579,Connect
device,{T4O8-P6CK61EM-6445ODXV},02/11/2011 17:57:55,MDH0580,PC-4579,Disconnect
device,{X9P1-K6LY94IY-0945LFUA},02/17/2011 10:59:59,MDH0580,PC-4579,Connect
device,{X1M2-S8AI61PZ-1896AVVG},02/17/2011 11:01:38,MDH0580,PC-4579,Disconnect
device,{A2F7-I6FV66GB-2128KFGY},02/17/2011 11:02:41,MDH0580,PC-4579,Connect
device,{L3Q8-D2QD15OY-9467IEVB},02/17/2011 11:18:41,MDH0580,PC-4579,Disconnect
email,{M5F6-B7SW41FK-6020CGNS},02/17/2011 11:42:27,MDH0580,PC-4579,Whilemina.Pandora.England@dtaa.com,,,Morgan.Deborah.Hoover@dtaa.com,32758,1,tender key interview resignation letter letter of 2 opportunity my resignation tender notice week opportunity interview key week notice 2 of 2 resign interview resignation exit my of interview notice position resignation key 2 notice exit position my opportunity letter position week resignation thanks resignation 2 2 notice interview 2 position opportunity
device,{Y5V5-F7AQ63HI-5109XLCR},02/17/2011 12:40:10,MDH0580,PC-4579,Connect
device,{Q3K0-C6SU49HW-3980YJVW},02/17/2011 13:08:09,MDH0580,PC-4579,Disconnect
device,{J3R7-R8PV38MQ-1075WVPO},02/17/2011 13:30:07,MDH0580,PC-4579,Connect
device,{Q4A3-E3RL72TV-1922NBBJ},02/17/2011 13:34:23,MDH0580,PC-4579,Disconnect
device,{X7X9-V3KN97WO-6293IWLT},02/17/2011 13:37:47,MDH0580,PC-4579,Connect
device,{I0S6-E6UA14YQ-8405KGXI},02/17/2011 13:46:59,MDH0580,PC-4579,Disconnect
device,{Z5A8-S5YM74NS-1323APXU},02/17/2011 13:56:00,MDH0580,PC-4579,Connect
device,{K1Q1-L0GS37GQ-6018HLFI},02/17/2011 14:01:20,MDH0580,PC-4579,Disconnect
device,{U2C5-S1BV58PW-9474OFJG},02/18/2011 08:18:07,MDH0580,PC-4579,Connect
device,{Q9J7-Q0DF04CX-9244HJTF},02/18/2011 08:21:03,MDH0580,PC-4579,Disconnect
device,{T9F9-A5BJ48BH-5562TLZI},02/18/2011 09:53:50,MDH0580,PC-4579,Connect
device,{A9I3-B1JJ67JK-1235JNOS},02/18/2011 09:55:07,MDH0580,PC-4579,Disconnect
device,{C6N5-I4RC76DI-8192ACZQ},02/18/2011 11:34:09,MDH0580,PC-4579,Connect
device,{K5V5-G3PX10CW-1978FYKJ},02/18/2011 11:38:11,MDH0580,PC-4579,Disconnect
device,{S4U8-K1VI41VX-7978LIAK},02/18/2011 12:27:30,MDH0580,PC-4579,Connect
device,{Q0R1-Q1WC39AB-1427UPSX},02/18/2011 12:38:12,MDH0580,PC-4579,Disconnect
device,{B8Z3-G4TI07LC-7256EGDA},02/18/2011 12:59:58,MDH0580,PC-4579,Connect
device,{S5L6-E2XT52OE-8416IFUY},02/18/2011 13:03:17,MDH0580,PC-4579,Disconnect
device,{L1F2-I5HR44LK-8153QGYG},02/18/2011 13:22:41,MDH0580,PC-4579,Connect
device,{U3A3-A0YL18CH-8138JEQE},02/18/2011 13:56:27,MDH0580,PC-4579,Disconnect
device,{V6A7-M4VL60PT-3975IHDN},02/18/2011 14:25:17,MDH0580,PC-4579,Connect
device,{K6D2-D1EY58CI-4894RWMK},02/18/2011 14:41:24,MDH0580,PC-4579,Disconnect
device,{L5H5-U2HE80AM-2943RQRI},02/28/2011 08:48:10,MDH0580,PC-4579,Connect
device,{K3M2-F6AQ15KW-6581SNNG},02/28/2011 08:49:57,MDH0580,PC-4579,Disconnect
device,{O5W2-R5RI16ZR-6412CEBE},02/28/2011 08:52:36,MDH0580,PC-4579,Connect
device,{P9K5-K6QA33JJ-6452FLXJ},02/28/2011 09:50:12,MDH0580,PC-4579,Disconnect
device,{E7R6-S3CU18EN-0120OKYG},02/28/2011 10:03:52,MDH0580,PC-4579,Connect
device,{K1J0-T1LM74FQ-2351RBPB},02/28/2011 10:24:19,MDH0580,PC-4579,Disconnect
device,{G5L7-Y1TQ37NM-7000HXDX},02/28/2011 12:03:14,MDH0580,PC-4579,Connect
device,{R9L7-O4GS82YK-1035PIOM},02/28/2011 12:15:04,MDH0580,PC-4579,Disconnect
device,{T7D8-Y3QZ03YG-2267QYHZ},02/28/2011 12:33:10,MDH0580,PC-4579,Connect
device,{R3O7-L1UQ25GD-8112MGSJ},02/28/2011 12:56:30,MDH0580,PC-4579,Disconnect
device,{P7K7-A7OC43NI-5525UNBD},02/28/2011 13:20:19,MDH0580,PC-4579,Connect
device,{L7M1-L5AN29XV-5762VTSI},02/28/2011 13:50:22,MDH0580,PC-4579,Disconnect
device,{K5L6-O9ST32JR-3522RMGS},03/03/2011 10:49:13,MDH0580,PC-4579,Connect
device,{U9Y1-S6WW11SR-3056OBIC},03/03/2011 10:52:25,MDH0580,PC-4579,Disconnect
device,{G8L2-Y6YJ67OQ-2609MOZN},03/03/2011 10:54:12,MDH0580,PC-4579,Connect
device,{W2X8-J0ZP63MQ-7331BPUR},03/03/2011 10:57:41,MDH0580,PC-4579,Disconnect
device,{J6F4-I5CZ52OA-1689ZFNJ},03/03/2011 11:06:17,MDH0580,PC-4579,Connect
device,{A3Y3-L9ME14OX-9039GZHS},03/03/2011 11:14:15,MDH0580,PC-4579,Disconnect
device,{L3O0-C9XE15CI-9789OCMW},03/03/2011 11:15:12,MDH0580,PC-4579,Connect
device,{S1D5-P5NE43RM-3667NYBM},03/03/2011 11:15:31,MDH0580,PC-4579,Disconnect
device,{H7N8-B6AV11LA-5923CUTV},03/03/2011 11:36:56,MDH0580,PC-4579,Connect
device,{V7O1-A5IN22JN-2292GMUD},03/03/2011 11:40:25,MDH0580,PC-4579,Disconnect
