http,{V9H7-S5WH90MJ-7618SRCJ},08/02/2010 10:46:58,PSF0133,PC-4925,http://lockheedmartin.com/WboUhagvat1636367808.htm,equivalent strong on-line responsibilities multiple industry interface passion starter management job years technologies skills starter multitask management required job sales process technologies guidance compensation guidance growth required process industry required resume report responsibilities call people expert degree contribute customer resume resume part-time job required customer equivalent equivalent equivalent
http,{X9J3-P8UZ60GZ-8558XSQK},08/02/2010 13:03:29,PSF0133,PC-4925,http://job-hunt.org/WboUhagvat919122234.html,concepts salary dynamic permanent contribute passion people contribute contribute job benefits job customer interface experience job industry required job sales management multiple years multitask sales skills technologies team platform skills develop team industry develop job analyze multitask industry required team analyze industry equivalent passion initiative degree initiative
http,{T3B6-J4YZ45OJ-8513UJPK},08/02/2010 18:05:32,PSF0133,PC-4925,http://job-hunt.org/WboUhagvat919122234.html,dynamic customer required passion customer sales multiple concepts equivalent expert customer equivalent degree opening customer equivalent multiple degree concepts management skills required start management skills multiple team contribute multitask process start customer years experience management self concepts strong benefits passion passion skills resume interface responsibilities years platform
http,{I9R4-Z7BO78MA-2485YJCM},08/03/2010 14:48:31,PSF0133,PC-4925,http://job-hunt.org/WboUhagvat919122234.html,industry management hours people management experience people expert resume required technologies industry resume resume skills benefits responsibilities job permanent required platform self team starter permanent
http,{P3L4-B7JM10MT-1787JTAH},08/04/2010 12:01:57,PSF0133,PC-4925,http://jobhuntersbible.com/WboUhagvat1258877042.aspx,passion resume customer dynamic multiple dynamic job self years strong team management job experience guidance on-time initiative visual degree equivalent equivalent platform interface interface people industry equivalent experience recruiter resume degree multiple passion management concepts industry sales strong permanent process develop concepts process sales passion call experience
http,{C1F9-F3UT48WQ-5133VQOH},08/04/2010 12:33:06,PSF0133,PC-4925,http://raytheon.com/WboUhagvat343187784.jsp,management responsibilities develop required customer responsibilities passion concepts customer multitask benefits management skills team management strong platform required degree permanent engineer initiative opening multiple dynamic hours required years technologies permanent job salary sales platform part-time guidance customer resume benefits management salary skills
http,{A6T5-J5LM53VH-1713UTYJ},08/04/2010 12:46:29,PSF0133,PC-4925,http://jobhuntersbible.com/WboUhagvat1258877042.aspx,people initiative responsibilities opening on-time years on-time experience team sales management concepts passion sales dynamic contribute engineer sales sales job degree resume opening degree recruiter benefits report start responsibilities team multitask technologies part-time skills team strong contribute contribute skills industry passion multitask required dynamic benefits
http,{V2S4-V3UH14OR-0616XUWH},08/04/2010 12:48:53,PSF0133,PC-4925,http://indeed.com/WboUhagvat1680703797.html,initiative skills resume concepts permanent strong team experience report contribute contribute engineer develop starter engineer management self develop technologies growth develop skills experience develop opening recruiter management multiple on-line on-line dynamic responsibilities multitask analyze equivalent permanent interface years concepts platform start process sales benefits contribute hours develop contribute management interface required starter initiative contribute platform start experience develop experience management technologies on-line job contribute
http,{S1L0-R1NE55LN-8125YPFN},08/04/2010 17:34:28,PSF0133,PC-4925,http://monster.com/WboUhagvat1180707852.html,interface multiple passion years multiple sales technologies skills multitask multitask call degree multiple benefits job technologies multitask on-time technologies platform years management on-time growth dynamic on-time on-line industry responsibilities team resume interface start dynamic resume dynamic sales job multitask technologies guidance skills visual
http,{G9E9-U5JB85HI-3193SDOZ},08/05/2010 09:37:15,PSF0133,PC-4925,http://craigslist.org/WboUhagvat1105403916.aspx,management skills expert team contribute multitask develop report multiple years required job people engineer guidance responsibilities starter call equivalent multiple management growth expert interface management experience develop benefits customer platform on-time multiple management dynamic required required experience technologies on-time skills skills platform required develop resume dynamic job dynamic start degree degree
http,{V6W7-Y6TG21TX-0781ZOZF},08/05/2010 09:50:18,PSF0133,PC-4925,http://lockheedmartin.com/WboUhagvat1636367808.htm,interface skills self starter sales starter expert degree experience people resume required interface dynamic concepts dynamic platform degree required job dynamic develop multitask on-time on-time strong opening team initiative multitask opening required interface on-line initiative equivalent required contribute permanent on-line benefits people years management team degree initiative interface report permanent
http,{R9F7-I1GZ78DB-1328PUAK},08/05/2010 12:33:28,PSF0133,PC-4925,http://simplyhired.com/WboUhagvat57469130.jsp,on-time develop strong experience develop develop required develop skills team part-time platform equivalent analyze sales years contribute sales start technologies benefits management resume strong strong initiative salary strong passion years management multiple experience hours customer industry equivalent opening dynamic people dynamic sales skills benefits responsibilities required
http,{C0J4-B3YU95PD-6081HRZC},08/05/2010 13:28:24,PSF0133,PC-4925,http://simplyhired.com/WboUhagvat57469130.jsp,benefits starter opening years hours relocation on-time people customer passion dynamic start passion benefits benefits compensation equivalent experience responsibilities dynamic concepts industry resume degree people team expert initiative experience team customer job resume on-time customer growth salary required
http,{C6P4-F9OK87GD-1992EFAK},08/05/2010 13:59:35,PSF0133,PC-4925,http://careerbuilder.com/WboUhagvat660170997.htm,strong on-line benefits develop sales management responsibilities required equivalent required industry benefits years passion people people self report customer compensation opening opening dynamic on-time platform compensation growth degree management customer skills technologies permanent guidance engineer people strong skills management develop sales multitask industry sales salary initiative permanent degree people initiative analyze management required platform starter job compensation interface concepts interface report
http,{J0F2-L9VS31LB-5228ATHK},08/05/2010 16:07:32,PSF0133,PC-4925,http://simplyhired.com/WboUhagvat57469130.jsp,skills compensation degree experience technologies team initiative compensation strong team required growth dynamic process permanent analyze interface initiative platform strong skills technologies equivalent dynamic team opening benefits opening interface strong resume resume customer skills salary interface platform people responsibilities develop responsibilities dynamic strong on-time
http,{A7L1-C2RF17NB-3604PFGB},08/05/2010 16:28:16,PSF0133,PC-4925,http://simplyhired.com/WboUhagvat57469130.jsp,industry people experience job degree starter experience concepts degree customer initiative job equivalent starter skills years contribute required analyze people equivalent job experience experience required required people contribute customer compensation industry growth team analyze resume passion multitask dynamic equivalent benefits technologies growth on-time benefits team skills dynamic contribute visual responsibilities benefits contribute years dynamic
http,{X8E2-D6EG38IW-5881JAOP},08/05/2010 16:28:54,PSF0133,PC-4925,http://craigslist.org/WboUhagvat1105403916.aspx,years years report passion contribute part-time passion technologies develop team platform self required dynamic strong industry resume multitask develop growth years sales process required skills people years degree visual degree interface on-line interface industry skills experience customer expert platform sales degree dynamic responsibilities customer multitask required team report required multitask on-line growth skills customer equivalent guidance customer compensation
http,{F9Q7-E6CE30XI-3204EZTO},08/05/2010 17:09:27,PSF0133,PC-4925,http://careerbuilder.com/WboUhagvat660170997.htm,equivalent benefits people contribute passion multiple job multitask multiple concepts required permanent analyze contribute part-time industry salary hours contribute develop degree industry skills customer start technologies management years interface on-time concepts benefits interface platform degree initiative multiple analyze equivalent degree skills team equivalent call required contribute platform multitask management concepts concepts responsibilities skills required multiple growth multitask team years start
http,{F2B8-Z9TT14CP-0110TAYM},08/06/2010 11:25:35,PSF0133,PC-4925,http://yahoo.com/hotjobs/WboUhagvat752138490.php,team passion concepts degree customer skills responsibilities concepts customer experience dynamic compensation skills analyze years customer compensation strong permanent salary people dynamic industry customer management part-time responsibilities experience self contribute customer industry interface people responsibilities analyze passion interface platform people equivalent starter industry benefits team skills initiative skills required
http,{J1N7-D4MK79WB-5056KTFY},08/06/2010 11:58:57,PSF0133,PC-4925,http://northropgrumman.com/WboUhagvat572113271.aspx,platform expert team industry self on-time multiple hours report management industry report customer platform job start process dynamic team contribute sales strong passion technologies responsibilities develop industry growth expert self develop team experience start permanent passion job platform passion management people process resume customer on-time passion start analyze analyze industry years
http,{H6R3-L0YG36NF-4524ERPV},08/06/2010 12:20:37,PSF0133,PC-4925,http://harris.com/WboUhagvat1919385663.htm,years interface self on-time guidance job people responsibilities job develop analyze start compensation multitask guidance call benefits people permanent dynamic multitask expert responsibilities process concepts multiple
http,{V3J7-E8VH13ET-7440BSGX},08/06/2010 13:22:46,PSF0133,PC-4925,http://craigslist.org/WboUhagvat1105403916.aspx,multiple develop permanent management degree team analyze multiple skills hours required multiple develop sales platform experience initiative resume skills develop customer years experience sales sales on-time contribute strong report industry job develop opening skills benefits experience required benefits team sales hours required job contribute contribute
http,{D0G7-H2XJ87EX-2675UZRT},08/06/2010 13:58:40,PSF0133,PC-4925,http://craigslist.org/WboUhagvat1105403916.aspx,concepts required opening permanent opening opening sales resume years technologies develop contribute degree guidance report start benefits strong expert job years team visual starter experience technologies interface contribute platform equivalent contribute platform responsibilities platform responsibilities equivalent years on-line contribute sales process multitask start dynamic guidance contribute strong required develop technologies management required degree degree relocation equivalent required salary compensation concepts benefits people technologies opening required salary
http,{G2E5-V4TK98GB-6417HUPH},08/06/2010 14:51:07,PSF0133,PC-4925,http://simplyhired.com/WboUhagvat57469130.jsp,equivalent equivalent years degree equivalent job start multiple opening resume visual multitask sales starter passion responsibilities visual initiative customer multiple concepts guidance initiative process part-time skills resume contribute required benefits responsibilities multitask team industry expert resume sales
http,{Q9H6-E3SW92VV-6725SOMV},08/06/2010 15:10:47,PSF0133,PC-4925,http://indeed.com/WboUhagvat1680703797.html,starter engineer guidance platform management growth required develop degree equivalent initiative benefits team job management technologies opening skills multitask years required resume management contribute job on-line analyze passion dynamic contribute team permanent multiple job opening growth management multitask growth interface analyze process team hours dynamic on-time
http,{H5F7-F3EF43WN-3405UMNS},08/06/2010 15:59:46,PSF0133,PC-4925,http://boeing.com/WboUhagvat1904327536.htm,analyze industry dynamic develop growth permanent compensation required experience recruiter resume platform passion team develop responsibilities sales compensation self develop team responsibilities on-line concepts responsibilities skills passion sales strong develop dynamic customer customer team job start interface responsibilities equivalent resume multiple develop start benefits degree degree part-time resume sales passion team multiple customer responsibilities dynamic platform years years experience opening
http,{E7N0-X8GM05ER-7225FHBY},08/09/2010 09:13:10,PSF0133,PC-4925,http://raytheon.com/WboUhagvat343187784.jsp,contribute multitask required resume analyze dynamic responsibilities report compensation engineer platform experience dynamic technologies growth passion degree responsibilities resume contribute platform responsibilities passion resume job benefits team dynamic contribute equivalent concepts required degree skills job platform multiple initiative analyze contribute resume people required required equivalent analyze degree benefits responsibilities responsibilities people
email,{F5M5-W8XJ70UH-2839YNMA},08/09/2010 13:58:29,PSF0133,PC-4925,Ivy_Shaw@hp.com,,,Piper.Sasha.Fuentes@dtaa.com,18216,0,degree contribute dynamic years multitask develop compensation platform team responsibilities degree opening salary guidance management team expert concepts concepts dynamic degree concepts process multiple develop technologies multiple team report strong skills start multiple multiple resume interface benefits guidance degree develop guidance
email,{J9L2-L7EV69AY-7301LXQA},08/09/2010 14:07:32,PSF0133,PC-4925,Ivy_Shaw@hp.com,,,Piper.Sasha.Fuentes@dtaa.com,20637,0,required equivalent sales sales resume management industry contribute expert expert concepts strong resume concepts responsibilities people experience dynamic multiple sales expert starter degree benefits skills resume years required concepts develop industry sales benefits relocation equivalent permanent benefits experience degree passion years management people
http,{N9P3-M0AW16LM-3683KAHF},08/09/2010 14:16:41,PSF0133,PC-4925,http://linkedin.com/WboUhagvat1479839504.aspx,job industry resume team on-time dynamic industry self develop on-time visual process skills expert benefits technologies job job opening start dynamic people job guidance passion interface permanent salary multiple equivalent starter permanent benefits report platform benefits equivalent multitask
http,{S9O2-T5KZ16PL-3732DKVT},08/09/2010 15:07:07,PSF0133,PC-4925,http://indeed.com/WboUhagvat1680703797.html,team concepts resume permanent hours degree management years dynamic experience industry concepts growth hours report self concepts job expert expert passion guidance on-time experience required responsibilities people required management resume management passion responsibilities experience degree responsibilities part-time industry degree analyze multitask job years team required required part-time multitask start responsibilities multiple experience growth
http,{K8W2-F4LP04MP-4822QVBA},08/09/2010 15:19:10,PSF0133,PC-4925,http://northropgrumman.com/WboUhagvat572113271.aspx,strong multiple contribute strong experience customer passion interface experience guidance strong permanent dynamic years start experience platform multiple starter opening resume responsibilities contribute compensation starter years experience initiative benefits skills required permanent initiative experience starter multiple degree skills years degree salary years multitask contribute part-time customer contribute people
http,{Z1F2-S1HI26QJ-4455VRLD},08/09/2010 15:21:27,PSF0133,PC-4925,http://lockheedmartin.com/WboUhagvat1636367808.htm,on-time multitask responsibilities hours people skills multitask job technologies job multitask analyze job multitask industry required multitask equivalent process resume skills visual resume develop recruiter start multitask resume interface permanent strong concepts resume resume opening years
http,{S6X3-P9TE04MT-2922MNQI},08/09/2010 15:32:19,PSF0133,PC-4925,http://craigslist.org/WboUhagvat1105403916.aspx,salary resume concepts engineer skills required strong passion dynamic passion responsibilities skills technologies growth interface technologies concepts contribute degree benefits experience start experience analyze process industry concepts report required concepts experience on-time management team job concepts experience engineer interface guidance customer required skills recruiter industry initiative resume years contribute on-time passion years opening develop growth strong experience required required degree expert interface on-time develop
http,{O1X2-G5QJ26GW-9375SJIV},08/09/2010 16:44:13,PSF0133,PC-4925,http://careerbuilder.com/WboUhagvat660170997.htm,skills skills concepts experience start job start permanent equivalent strong strong analyze strong dynamic sales degree skills relocation part-time responsibilities multiple industry responsibilities responsibilities degree resume guidance start contribute required growth contribute industry opening strong job contribute responsibilities sales degree analyze multiple management sales required experience customer recruiter interface growth responsibilities job permanent skills report years responsibilities salary start required required technologies initiative develop equivalent contribute people resume
http,{I4L7-T9KO85MX-1850RIBW},08/09/2010 17:44:06,PSF0133,PC-4925,http://linkedin.com/WboUhagvat1479839504.aspx,multiple start multitask starter self report multitask compensation process people job multitask job management degree management concepts contribute develop job multiple dynamic industry technologies technologies benefits initiative report analyze years team sales required on-time interface experience growth team salary visual skills team required skills dynamic visual opening concepts management people contribute concepts people call skills job industry job platform
http,{F8J2-C5NL80JF-9283CQKE},08/10/2010 10:19:02,PSF0133,PC-4925,http://boeing.com/WboUhagvat1904327536.htm,on-time sales industry salary initiative initiative skills part-time contribute sales contribute visual job initiative industry responsibilities industry resume skills self dynamic opening initiative years people resume degree required on-time equivalent multiple industry skills resume engineer initiative relocation passion benefits platform initiative report analyze platform management customer permanent benefits contribute job self required experience part-time report develop sales start years start initiative report part-time
http,{P0Q0-C7AV03UX-4996RSRA},08/10/2010 13:15:19,PSF0133,PC-4925,http://linkedin.com/WboUhagvat1479839504.aspx,develop people visual on-time degree team experience multitask strong concepts growth passion degree opening job years concepts years guidance multiple interface develop team customer team part-time technologies technologies management team passion dynamic benefits multitask multitask equivalent
http,{Z7O2-U9CB72SV-0526VWSD},08/10/2010 14:31:56,PSF0133,PC-4925,http://harris.com/WboUhagvat1919385663.htm,growth start team expert on-time years initiative resume contribute recruiter starter platform industry benefits guidance multitask industry concepts required degree years interface start permanent team people passion passion skills concepts responsibilities engineer multiple required customer multiple multitask hours people initiative multiple years opening permanent sales team
http,{M7S2-U3UW73LW-5395DECW},08/10/2010 14:52:54,PSF0133,PC-4925,http://boeing.com/WboUhagvat1904327536.htm,required equivalent technologies customer opening guidance develop years concepts required passion required required job opening management initiative customer resume industry passion contribute multitask multiple sales analyze industry degree degree dynamic team team people contribute industry initiative strong skills benefits guidance interface experience skills experience strong strong hours analyze customer opening strong process guidance on-line salary dynamic experience concepts platform
http,{E4F0-T4XF10YZ-8442ERKS},08/10/2010 16:21:27,PSF0133,PC-4925,http://jobhuntersbible.com/WboUhagvat1258877042.aspx,years customer customer permanent skills required technologies years salary multitask team people engineer degree multitask skills skills industry years required report engineer on-line team strong platform develop degree required degree technologies expert salary develop expert industry platform industry resume platform benefits required multiple on-line years job process skills
http,{X1T5-R8DZ76FH-1459OHDK},08/10/2010 16:37:23,PSF0133,PC-4925,http://linkedin.com/WboUhagvat1479839504.aspx,analyze opening interface hours guidance growth initiative passion start required concepts dynamic resume industry visual expert opening salary passion management permanent resume process technologies required expert sales strong guidance customer guidance people starter skills industry permanent technologies
http,{S9I4-K6DH16QX-4746VCUP},08/10/2010 17:01:21,PSF0133,PC-4925,http://aol.com/jobs/WboUhagvat1963819229.jsp,multitask analyze contribute job on-time passion platform strong years initiative sales required sales multitask customer required growth responsibilities dynamic on-time team required interface management process concepts required report call interface job industry multiple skills years expert benefits people
http,{E3T8-T2DA36MX-2658NSKN},08/11/2010 10:52:14,PSF0133,PC-4925,http://monster.com/WboUhagvat1180707852.html,growth technologies years people permanent multitask contribute develop responsibilities growth salary experience process job salary experience on-line visual years initiative benefits self platform job develop required job required job degree equivalent job experience required opening required initiative concepts concepts years responsibilities people responsibilities equivalent customer experience opening job initiative passion opening management growth platform permanent analyze platform passion
http,{M8G7-O3ZK89BN-9922XCIC},08/11/2010 11:23:28,PSF0133,PC-4925,http://hp.com/WboUhagvat1944152218.jsp,degree growth required develop initiative salary technologies people strong initiative initiative job benefits multitask contribute multiple develop required sales sales start strong self platform passion contribute expert customer multitask analyze technologies team salary team skills resume sales report passion start growth
http,{R4E4-O3LJ91VM-1996LJBI},08/11/2010 11:37:02,PSF0133,PC-4925,http://northropgrumman.com/WboUhagvat572113271.aspx,skills starter equivalent recruiter sales analyze equivalent required management skills platform starter years customer passion engineer multitask guidance dynamic job sales team passion develop part-time multitask job job team degree responsibilities guidance guidance interface job resume starter analyze engineer growth sales customer multitask responsibilities required technologies technologies years recruiter team hours engineer hours multiple opening
http,{P9I0-D5KL33XP-3214AONR},08/11/2010 11:38:40,PSF0133,PC-4925,http://yahoo.com/hotjobs/WboUhagvat752138490.php,multiple required experience report self responsibilities skills people industry multiple skills concepts report part-time resume resume resume on-time responsibilities report people guidance analyze experience degree concepts opening contribute starter interface industry guidance multiple team analyze sales industry opening concepts engineer salary guidance contribute engineer technologies technologies benefits initiative expert interface sales equivalent strong job
http,{I5X9-Z0XJ72CJ-2914EIYC},08/11/2010 11:40:51,PSF0133,PC-4925,http://jobhuntersbible.com/WboUhagvat1258877042.aspx,develop skills initiative self management salary team platform resume platform sales contribute skills strong multitask technologies strong salary technologies engineer part-time skills resume self management technologies team permanent contribute compensation required degree sales develop initiative analyze growth job years required resume opening call skills benefits resume multitask visual industry skills relocation report
http,{R5E7-C6ML24LI-9503TILF},08/11/2010 14:37:09,PSF0133,PC-4925,http://indeed.com/WboUhagvat1680703797.html,resume guidance management growth multiple interface salary skills hours visual skills starter platform analyze starter concepts start platform start team interface sales concepts years self customer contribute opening salary contribute initiative strong report engineer management interface develop multiple people skills technologies platform call years multitask platform part-time permanent
http,{G7U2-K1ZK01EN-5411QHNI},08/11/2010 15:29:49,PSF0133,PC-4925,http://raytheon.com/WboUhagvat343187784.jsp,opening multitask expert multitask experience dynamic resume salary passion benefits multitask multiple customer required develop start on-time multiple platform analyze self people job responsibilities experience required process management initiative management required responsibilities sales report platform responsibilities management job skills platform skills sales customer job years team team years skills required sales degree process customer dynamic multitask customer
http,{L1W9-U9SC64UM-0192FWRV},08/11/2010 17:01:09,PSF0133,PC-4925,http://craigslist.org/WboUhagvat1105403916.aspx,dynamic skills passion resume benefits multitask on-time permanent responsibilities on-time people interface job multiple expert passion growth required multitask visual benefits experience growth dynamic industry required customer initiative concepts years resume strong experience job degree concepts responsibilities required benefits
http,{N0C6-H2TS57BG-2548NFQJ},08/11/2010 17:13:47,PSF0133,PC-4925,http://harris.com/WboUhagvat1919385663.htm,sales experience dynamic interface degree strong initiative experience team opening experience platform concepts passion responsibilities initiative on-time analyze responsibilities team customer contribute team growth growth job degree salary concepts growth relocation expert strong develop skills report required required job management starter multiple compensation required on-line interface years initiative opening years responsibilities opening customer growth
http,{Z9Y7-P8MA64MM-4572DQCP},08/11/2010 17:51:57,PSF0133,PC-4925,http://lockheedmartin.com/WboUhagvat1636367808.htm,growth benefits concepts develop skills passion experience platform passion years permanent years growth interface engineer team experience industry industry report self responsibilities responsibilities develop management multitask years concepts customer initiative report experience people industry develop platform experience resume management self passion on-line benefits management
http,{M0W2-Z3WC97TZ-9457SLPH},08/12/2010 10:30:54,PSF0133,PC-4925,http://craigslist.org/WboUhagvat1105403916.aspx,team develop resume team recruiter job expert job team platform team required equivalent analyze years relocation years multiple people salary call skills responsibilities permanent initiative customer start team interface industry responsibilities permanent equivalent industry job report contribute sales skills multitask equivalent concepts platform develop resume customer on-line dynamic experience contribute team technologies hours engineer part-time team starter
http,{T4K7-K8TW39SI-7564TQCX},08/12/2010 11:09:10,PSF0133,PC-4925,http://simplyhired.com/WboUhagvat57469130.jsp,platform compensation benefits sales report team resume on-time resume industry expert benefits experience customer growth sales develop required relocation required technologies experience benefits permanent years recruiter self technologies multitask analyze guidance years resume job years platform experience degree technologies process job customer report benefits skills expert on-time passion multiple salary team team starter process experience required people initiative initiative management resume
http,{T2I8-J8HJ67XD-3934LPJB},08/12/2010 11:42:54,PSF0133,PC-4925,http://harris.com/WboUhagvat1919385663.htm,salary skills permanent experience analyze initiative permanent multitask skills report start multitask industry on-time concepts multitask salary hours passion degree resume concepts equivalent develop equivalent analyze engineer strong passion skills expert years management opening
http,{G0J0-B2HF28MN-3760YUQW},08/12/2010 14:47:32,PSF0133,PC-4925,http://raytheon.com/WboUhagvat343187784.jsp,report experience multiple passion concepts benefits strong benefits responsibilities analyze benefits management skills technologies starter people visual start required expert experience process part-time interface resume develop expert degree customer multiple part-time on-line sales resume technologies benefits experience on-time people customer
http,{V3O9-R0TJ97RM-2033SCVU},08/12/2010 15:34:59,PSF0133,PC-4925,http://lockheedmartin.com/WboUhagvat1636367808.htm,job guidance permanent sales visual job responsibilities contribute starter growth skills analyze resume years benefits people management industry permanent team sales growth responsibilities resume experience multiple multitask expert platform develop dynamic salary team contribute initiative team start multitask visual resume customer job analyze required industry team growth equivalent degree experience experience skills required process technologies compensation interface
email,{E3K0-J9VY43XP-3672FHYJ},08/12/2010 17:23:11,PSF0133,PC-4925,Ivy_Shaw@hp.com,,,Piper.Sasha.Fuentes@dtaa.com,22148,0,develop responsibilities people technologies management part-time equivalent strong years job industry people job start on-time concepts passion experience resume equivalent opening skills people benefits multitask self start sales contribute initiative degree responsibilities passion process self permanent process on-line hours multiple initiative skills resume initiative initiative experience opening platform experience equivalent
http,{H1T9-W0UR83YI-6650NBCN},08/13/2010 09:46:01,PSF0133,PC-4925,http://harris.com/WboUhagvat1919385663.htm,part-time benefits permanent guidance part-time permanent contribute required starter team technologies job sales concepts multitask on-time experience develop resume develop required initiative on-time start required years contribute platform management start opening salary expert experience strong years salary resume equivalent team industry skills strong multitask people platform experience develop engineer opening interface contribute sales required concepts resume develop interface permanent team platform passion
http,{B8D1-D7AU23ZW-7195NPEF},08/13/2010 11:21:26,PSF0133,PC-4925,http://job-hunt.org/WboUhagvat919122234.html,hours permanent sales job degree job people sales platform strong degree responsibilities degree equivalent resume degree benefits engineer guidance develop analyze develop report concepts contribute team growth team develop on-time opening platform salary dynamic benefits required equivalent job experience expert skills industry
http,{A5M9-W7PS95ZK-3195VPYV},08/13/2010 11:22:09,PSF0133,PC-4925,http://lockheedmartin.com/WboUhagvat1636367808.htm,technologies platform multitask platform degree team passion resume develop sales concepts on-time skills experience responsibilities job dynamic report growth opening benefits strong required contribute multiple starter responsibilities skills report management experience process engineer on-line required permanent guidance report equivalent job years on-time compensation job customer management expert multitask passion skills interface opening management responsibilities skills analyze report team responsibilities customer industry analyze job develop sales management years on-line sales growth hours platform starter develop management team interface analyze required develop passion
http,{B8W9-R2CK39XO-0796KKHB},08/16/2010 10:24:14,PSF0133,PC-4925,http://lockheedmartin.com/WboUhagvat1636367808.htm,equivalent job benefits on-time sales report concepts years analyze sales resume growth technologies experience report experience technologies passion initiative years concepts expert contribute multitask experience customer resume platform permanent years team platform strong multiple management starter start experience
http,{G9E9-B9KY45VA-5346DECV},08/16/2010 12:17:32,PSF0133,PC-4925,http://jobhuntersbible.com/WboUhagvat1258877042.aspx,multiple opening degree required equivalent permanent initiative compensation experience contribute equivalent analyze develop on-line strong sales management hours multiple analyze sales guidance expert skills technologies starter years job growth interface customer responsibilities salary strong skills interface report on-time develop multitask customer equivalent initiative start passion part-time multiple on-time
http,{J6B6-G0BH72PS-1425KGEI},08/16/2010 16:37:38,PSF0133,PC-4925,http://linkedin.com/WboUhagvat1479839504.aspx,sales job visual responsibilities sales contribute interface years customer initiative industry start skills guidance skills skills people initiative management years process customer years equivalent permanent engineer degree platform expert job benefits degree interface sales multitask analyze technologies interface industry initiative industry growth guidance platform management
http,{N7H6-Z8QN58GA-2700GOFO},08/17/2010 10:57:57,PSF0133,PC-4925,http://yahoo.com/hotjobs/WboUhagvat752138490.php,management on-time equivalent technologies responsibilities multitask platform guidance experience recruiter hours concepts team industry skills experience guidance resume platform concepts equivalent technologies multiple expert team required starter strong resume multiple technologies technologies people skills salary skills strong growth visual team start multitask industry growth relocation resume initiative industry dynamic permanent management responsibilities responsibilities visual sales skills years growth on-time responsibilities interface opening skills analyze job resume experience compensation sales passion
email,{U7Y4-A1PO74MS-6770SHCR},08/17/2010 11:56:54,PSF0133,PC-4925,Ivy_Shaw@hp.com,,,Piper.Sasha.Fuentes@dtaa.com,18319,0,strong multitask sales benefits resume people degree degree skills required experience report platform industry interface interface hours degree sales guidance develop years hours platform opening management guidance job job process engineer team report job years platform required opening develop salary self opening experience part-time on-line team experience sales equivalent responsibilities experience degree people hours years years benefits passion industry
email,{M8P1-Y9GY71BQ-4971ZGCG},08/17/2010 13:57:27,PSF0133,PC-4925,Ivy_Shaw@hp.com,,,Piper.Sasha.Fuentes@dtaa.com,17455,0,management management process report customer skills on-line strong skills people salary job develop experience skills recruiter required interface salary management start skills strong skills expert visual report skills expert responsibilities starter experience starter growth degree platform resume hours on-time responsibilities multiple skills technologies concepts on-time strong initiative people initiative sales multiple sales report multiple equivalent report
email,{U7Y6-E8PZ43EP-8045AEHM},08/17/2010 16:01:06,PSF0133,PC-4925,Ivy_Shaw@hp.com,,,Piper.Sasha.Fuentes@dtaa.com,17767,0,resume responsibilities starter industry industry skills permanent degree start required initiative passion self resume responsibilities experience interface start management skills required develop starter analyze responsibilities team industry equivalent job guidance self technologies team management industry people growth analyze multiple skills expert interface technologies engineer hours skills develop contribute platform expert multiple strong multitask
http,{U1M0-M6GC23PK-2017PRVE},08/18/2010 11:00:44,PSF0133,PC-4925,http://lockheedmartin.com/WboUhagvat1636367808.htm,hours sales resume skills degree growth expert technologies multitask develop initiative skills guidance equivalent compensation expert required passion equivalent initiative visual team multitask permanent contribute visual on-time team contribute opening analyze multitask platform develop required engineer expert job degree
http,{R7R7-C2TG90TY-1644SLZU},08/18/2010 11:29:25,PSF0133,PC-4925,http://lockheedmartin.com/WboUhagvat1636367808.htm,team dynamic sales self start required experience people required dynamic job multitask skills team equivalent strong analyze expert skills guidance hours equivalent platform team team management years sales process expert skills benefits resume platform contribute people develop responsibilities experience initiative start sales multitask relocation self interface job required start concepts dynamic customer part-time multiple people engineer concepts contribute strong part-time industry compensation report equivalent responsibilities years degree interface years passion skills
http,{A6H8-C2GQ51LV-6198HQAA},08/18/2010 11:56:03,PSF0133,PC-4925,http://simplyhired.com/WboUhagvat57469130.jsp,management degree guidance dynamic multitask salary benefits contribute expert responsibilities multitask on-line guidance process engineer equivalent job platform passion required experience years permanent required opening skills multiple contribute resume years process expert concepts industry industry develop resume expert responsibilities degree interface strong degree visual degree required on-time interface multitask job salary
http,{U7I0-D1AR97DA-5040SPHI},08/18/2010 13:03:34,PSF0133,PC-4925,http://harris.com/WboUhagvat1919385663.htm,industry strong industry expert part-time industry required develop concepts guidance technologies required required opening interface required responsibilities starter team contribute customer equivalent experience platform strong sales industry initiative team starter equivalent multitask on-time customer call growth platform benefits starter part-time equivalent management industry guidance concepts skills salary salary permanent years
http,{J1G9-N4OZ04IU-2732KMHU},08/18/2010 13:04:44,PSF0133,PC-4925,http://craigslist.org/WboUhagvat1105403916.aspx,benefits contribute resume starter team years process expert guidance opening responsibilities experience self multiple opening industry degree sales report industry on-time start responsibilities permanent compensation team skills experience benefits required resume customer initiative experience on-time on-time resume responsibilities skills concepts platform multiple start passion passion sales experience equivalent relocation platform recruiter growth dynamic job process skills experience starter concepts multitask equivalent degree part-time customer analyze starter on-time
http,{U0I9-U1JV20FL-1039JNYP},08/18/2010 13:09:54,PSF0133,PC-4925,http://monster.com/WboUhagvat1180707852.html,customer multiple experience skills sales required start multitask degree sales experience concepts people resume guidance multiple years years multitask job report permanent technologies dynamic permanent equivalent team expert benefits
http,{Z5B0-N6CS38YZ-8513UCQR},08/18/2010 13:54:56,PSF0133,PC-4925,http://jobhuntersbible.com/WboUhagvat1258877042.aspx,permanent resume growth responsibilities years platform opening benefits permanent develop analyze multiple multitask degree opening interface interface starter strong technologies multitask required hours part-time sales contribute management benefits required self passion passion sales develop skills permanent experience team call technologies initiative benefits team dynamic on-time equivalent people technologies self skills
http,{M5U3-D7WC39BQ-5643DODQ},08/18/2010 14:04:35,PSF0133,PC-4925,http://craigslist.org/WboUhagvat1105403916.aspx,interface concepts responsibilities benefits contribute permanent process degree required job multitask resume hours required strong multitask degree benefits customer years interface required interface job platform develop multitask contribute concepts strong responsibilities customer platform interface required start multitask experience resume platform opening years growth on-line strong equivalent people opening compensation
http,{E0F7-I9WM67ZR-5525SDYR},08/18/2010 14:08:47,PSF0133,PC-4925,http://jobhuntersbible.com/WboUhagvat1258877042.aspx,experience customer equivalent years years permanent strong customer analyze passion hours platform develop multitask concepts industry interface contribute team degree guidance customer skills strong experience resume responsibilities experience report platform interface years experience skills skills degree resume
email,{W7X8-Z1DN73XL-9611KSWW},08/18/2010 15:05:08,PSF0133,PC-4925,Ivy_Shaw@hp.com,,,Piper.Sasha.Fuentes@dtaa.com,42478,0,compensation responsibilities opening industry concepts equivalent expert strong degree resume benefits permanent interface team people equivalent people analyze passion start strong sales multitask equivalent develop on-time responsibilities benefits growth industry customer compensation skills responsibilities customer passion required growth technologies skills compensation contribute industry benefits technologies opening contribute develop experience job degree growth
email,{S6B5-Y0JH89TQ-6041WWNG},08/18/2010 15:26:27,PSF0133,PC-4925,Ivy_Shaw@hp.com,,,Piper.Sasha.Fuentes@dtaa.com,17848,0,technologies customer passion multitask expert start initiative platform technologies skills industry initiative team dynamic guidance team degree customer technologies relocation skills benefits years initiative multiple dynamic management degree degree concepts job management skills growth skills years dynamic multiple concepts industry benefits starter multiple concepts on-time resume required multitask on-time report management interface required benefits opening
http,{K7I5-M5RN25NZ-8629DJMA},08/19/2010 09:44:22,PSF0133,PC-4925,http://yahoo.com/hotjobs/WboUhagvat752138490.php,job self concepts experience resume analyze permanent start resume experience resume platform develop passion skills benefits benefits expert start platform benefits experience multiple job team passion industry opening customer skills self team multitask required sales sales process start equivalent degree strong customer report experience equivalent process concepts contribute guidance concepts dynamic multiple initiative people customer report years develop
http,{X9M2-U9FV72GI-6876IBCK},08/19/2010 11:41:34,PSF0133,PC-4925,http://monster.com/WboUhagvat1180707852.html,initiative team part-time passion industry start degree starter multitask dynamic start people responsibilities technologies skills strong degree concepts technologies opening hours technologies report experience experience platform passion team team platform contribute strong develop skills growth required people opening initiative benefits multitask team responsibilities passion passion
http,{Y3M7-K9HM44QG-6147MLOE},08/19/2010 11:44:47,PSF0133,PC-4925,http://job-hunt.org/WboUhagvat919122234.html,people required degree growth platform platform hours start years multitask responsibilities customer compensation multiple expert multitask passion concepts technologies resume interface sales resume people years years equivalent years multiple industry multitask analyze responsibilities
http,{Q6R0-K3US50SO-8095CZOW},08/19/2010 12:18:51,PSF0133,PC-4925,http://harris.com/WboUhagvat1919385663.htm,concepts engineer skills degree responsibilities permanent degree years dynamic required start part-time report develop analyze industry strong compensation customer strong develop strong analyze sales industry skills years interface responsibilities expert platform customer passion contribute passion start benefits benefits process passion visual contribute compensation years multitask degree job multitask skills start management skills platform team multiple initiative management
http,{B2Q2-N2GC71LL-2363LCIN},08/19/2010 12:44:10,PSF0133,PC-4925,http://aol.com/jobs/WboUhagvat1963819229.jsp,multiple growth starter on-time dynamic guidance resume years passion starter platform technologies benefits technologies concepts self contribute develop people dynamic resume relocation expert job compensation management start dynamic multiple resume permanent responsibilities multitask report strong guidance resume develop platform degree customer multiple guidance dynamic initiative multitask team equivalent on-time guidance industry responsibilities
http,{I0G9-O9AC26ST-8987LICL},08/19/2010 15:23:40,PSF0133,PC-4925,http://job-hunt.org/WboUhagvat919122234.html,concepts responsibilities technologies start permanent experience initiative opening technologies report part-time benefits develop develop opening people platform growth start management degree degree starter passion team salary multiple strong strong years equivalent technologies resume sales job customer team years customer start customer on-time team degree starter salary
http,{I9H9-U6LS93WZ-6560RZSJ},08/20/2010 12:11:12,PSF0133,PC-4925,http://indeed.com/WboUhagvat1680703797.html,develop dynamic years contribute develop job on-time opening multiple responsibilities starter on-time responsibilities responsibilities engineer on-time technologies develop concepts job passion job concepts multiple industry multitask report resume multitask industry responsibilities visual customer people industry people initiative strong job concepts initiative engineer multitask required years permanent skills equivalent part-time team experience
http,{C4Z2-X8OL59RV-4988DVTF},08/20/2010 12:49:41,PSF0133,PC-4925,http://lockheedmartin.com/WboUhagvat1636367808.htm,platform platform technologies dynamic people skills customer develop starter job multitask start people strong platform multiple multitask self skills develop customer management opening develop people management engineer process interface benefits analyze years responsibilities customer analyze growth self opening opening years job experience start team experience opening concepts analyze on-time required management develop dynamic customer degree responsibilities experience equivalent equivalent
http,{L5E7-Z1ZX57XZ-5689LAAU},08/20/2010 13:36:09,PSF0133,PC-4925,http://harris.com/WboUhagvat1919385663.htm,benefits on-line permanent permanent degree multiple develop multitask concepts years resume responsibilities strong salary permanent develop start dynamic degree platform starter multitask responsibilities skills permanent interface report customer skills customer skills responsibilities salary report skills team growth recruiter on-time strong on-time skills industry team concepts hours benefits years opening
http,{F2S3-R5DO27FN-2462KHAN},08/20/2010 14:35:47,PSF0133,PC-4925,http://harris.com/WboUhagvat1919385663.htm,sales part-time visual part-time develop interface management responsibilities develop concepts starter industry skills concepts starter dynamic customer compensation visual contribute management equivalent salary degree guidance equivalent strong experience expert benefits people initiative skills responsibilities resume initiative initiative required skills multitask on-time skills job management process permanent process
http,{S7U5-G9XR03KE-5205CLRC},08/20/2010 15:18:52,PSF0133,PC-4925,http://lockheedmartin.com/WboUhagvat1636367808.htm,equivalent part-time salary self permanent benefits on-time years years report process on-time multiple passion start technologies equivalent resume skills sales start responsibilities sales strong required self part-time develop team technologies people hours management years contribute resume develop customer interface resume platform resume responsibilities develop engineer resume resume self customer sales responsibilities compensation strong develop multiple technologies required on-line resume industry permanent start team required degree
http,{M7U0-L1US02CE-3873UIAQ},08/20/2010 17:31:52,PSF0133,PC-4925,http://craigslist.org/WboUhagvat1105403916.aspx,degree passion multitask team skills skills initiative people required develop contribute people benefits dynamic on-time on-time on-time customer years required multiple process customer skills customer hours industry self benefits start part-time team report opening dynamic growth
http,{U2F6-K0BP27TT-2192IHZY},08/20/2010 17:49:41,PSF0133,PC-4925,http://simplyhired.com/WboUhagvat57469130.jsp,required analyze interface hours skills technologies degree management contribute industry experience opening report start industry contribute resume industry experience responsibilities self contribute skills years salary required report sales concepts develop permanent resume degree years initiative develop self sales degree dynamic on-line degree analyze opening team job skills platform resume degree multiple job customer guidance hours required
http,{Q3S7-E7WR61UD-7579IFXJ},08/20/2010 17:55:05,PSF0133,PC-4925,http://boeing.com/WboUhagvat1904327536.htm,analyze management multiple team job sales part-time sales degree job multiple benefits team required job required report years platform platform platform management responsibilities people passion resume start report multiple start skills salary management multitask compensation experience people compensation passion experience start process customer process management analyze equivalent years experience industry resume on-time guidance hours contribute
http,{R5S4-F5XX42RL-6817AVXR},08/23/2010 13:39:26,PSF0133,PC-4925,http://linkedin.com/WboUhagvat1479839504.aspx,guidance report resume customer guidance starter concepts management responsibilities guidance analyze guidance resume degree develop on-time platform experience years engineer passion job guidance required management industry equivalent growth guidance skills experience skills multiple management recruiter starter multitask experience develop dynamic degree self passion required compensation resume sales job on-time sales
http,{B5V2-L8DQ00RS-3499UEXW},08/23/2010 14:35:37,PSF0133,PC-4925,http://aol.com/jobs/WboUhagvat1963819229.jsp,customer hours strong job responsibilities degree part-time years benefits industry initiative passion salary resume dynamic resume concepts degree dynamic people initiative years develop guidance multiple multitask customer responsibilities platform required technologies hours self years report sales visual multitask years industry degree develop degree on-line multitask platform report initiative responsibilities initiative part-time growth resume concepts contribute experience management team contribute multiple multitask contribute start experience passion contribute resume guidance years
http,{R9A7-A3UN12EH-3874ZBRL},08/23/2010 15:44:08,PSF0133,PC-4925,http://aol.com/jobs/WboUhagvat1963819229.jsp,develop years compensation hours dynamic concepts passion required skills team degree technologies equivalent concepts degree permanent concepts strong skills responsibilities equivalent customer expert team team hours develop self develop develop engineer analyze dynamic people skills skills multitask hours process contribute opening passion industry multitask skills develop contribute on-time customer concepts required resume required required sales resume opening report start on-line industry management starter starter initiative
email,{L5B1-H7HV99CB-3758SUNB},08/24/2010 09:13:31,PSF0133,PC-4925,Ivy_Shaw@hp.com,,,Piper.Sasha.Fuentes@dtaa.com,40836,0,experience team strong interface benefits sales contribute guidance technologies dynamic contribute process resume responsibilities years multitask hours passion responsibilities resume degree interface on-time contribute multiple responsibilities customer job job multitask multitask concepts guidance dynamic growth develop degree people strong report growth multiple equivalent concepts sales required resume guidance multitask resume recruiter experience analyze platform management required contribute engineer skills resume customer permanent relocation
http,{J4G3-D8GO21RW-5618QYGJ},08/24/2010 14:56:08,PSF0133,PC-4925,http://yahoo.com/hotjobs/WboUhagvat752138490.php,technologies required dynamic required people years passion resume sales technologies report expert experience passion experience start industry platform required management customer customer guidance required job contribute benefits report customer required responsibilities team on-line salary hours required develop
http,{M1M3-Z8VM33LO-7315VZJV},08/24/2010 16:32:39,PSF0133,PC-4925,http://hp.com/WboUhagvat1944152218.jsp,industry dynamic visual multiple required resume team hours concepts dynamic strong part-time develop sales process job dynamic responsibilities management industry analyze management skills start compensation multiple develop dynamic interface hours multitask opening resume opening resume years contribute
http,{Q6Q7-L6RQ92PC-4966ATWX},08/25/2010 10:01:58,PSF0133,PC-4925,http://linkedin.com/WboUhagvat1479839504.aspx,call skills job on-time compensation on-line platform expert initiative permanent starter on-line hours recruiter interface contribute compensation strong people multitask sales degree resume experience resume process job responsibilities equivalent initiative multitask team years resume customer on-time people growth responsibilities team salary initiative required permanent passion
http,{Z7U3-C6GZ74NI-1736APNL},08/25/2010 10:17:21,PSF0133,PC-4925,http://craigslist.org/WboUhagvat1105403916.aspx,concepts dynamic passion initiative develop years guidance management responsibilities technologies starter years call guidance platform develop people resume opening opening industry management on-line permanent resume concepts self multiple on-line degree strong platform report multitask dynamic platform skills growth develop multiple team contribute contribute develop customer passion compensation develop starter strong hours develop required multiple process multiple skills technologies
http,{A9V2-G9IR96OU-3798ORZU},08/25/2010 10:37:14,PSF0133,PC-4925,http://monster.com/WboUhagvat1180707852.html,permanent start required years dynamic develop contribute start multiple people people multiple call benefits engineer skills report process strong analyze benefits multiple start management multiple growth resume management starter passion contribute benefits degree sales degree sales multitask dynamic
http,{P0R3-B4WU83NT-0693PIBB},08/25/2010 10:39:46,PSF0133,PC-4925,http://northropgrumman.com/WboUhagvat572113271.aspx,skills resume equivalent skills visual guidance management develop job engineer multiple contribute concepts sales required multiple benefits team opening report customer degree passion multitask skills customer skills self develop on-time dynamic guidance initiative opening passion start degree responsibilities years multitask contribute required years
http,{C7J9-O5IU52XE-4327TUEQ},08/25/2010 10:42:47,PSF0133,PC-4925,http://lockheedmartin.com/WboUhagvat1636367808.htm,experience required develop interface multitask opening responsibilities multiple technologies guidance multitask expert management equivalent analyze industry guidance equivalent industry concepts multiple report job compensation degree years passion years years concepts passion self sales job years responsibilities benefits opening part-time sales develop team passion self develop
http,{Y4S6-A1WO28SK-9546WSCF},08/25/2010 12:30:32,PSF0133,PC-4925,http://linkedin.com/WboUhagvat1479839504.aspx,experience responsibilities on-time skills equivalent team degree contribute start self experience people management customer experience job technologies management skills resume process process contribute people team years resume equivalent call growth opening on-line expert visual skills experience platform guidance
http,{D5P2-S4UP52UZ-3974HKVG},08/25/2010 13:19:22,PSF0133,PC-4925,http://raytheon.com/WboUhagvat343187784.jsp,permanent multitask management degree multitask job permanent responsibilities degree responsibilities concepts growth report starter starter on-time starter industry on-time industry degree skills dynamic develop develop responsibilities multitask guidance platform visual benefits degree contribute experience sales required platform self degree management responsibilities multitask resume equivalent management people initiative dynamic engineer sales
email,{H3Y2-F6CX69SL-0830LQUV},08/25/2010 14:53:51,PSF0133,PC-4925,Ivy_Shaw@hp.com,,,Piper.Sasha.Fuentes@dtaa.com,30023,0,responsibilities benefits start job multitask customer equivalent part-time responsibilities multitask experience multitask benefits people multiple platform contribute strong experience initiative sales equivalent multiple contribute technologies management guidance customer platform job on-time responsibilities multitask sales guidance develop growth initiative skills platform experience benefits equivalent responsibilities job equivalent technologies part-time opening develop industry responsibilities management resume years experience initiative develop years permanent guidance start
http,{E6F5-V7UR35FX-9910AJEH},08/25/2010 15:39:42,PSF0133,PC-4925,http://simplyhired.com/WboUhagvat57469130.jsp,starter hours concepts interface process resume technologies expert required experience salary dynamic responsibilities growth people growth hours skills analyze resume report sales salary resume permanent years multitask benefits multiple passion job multitask permanent hours years salary dynamic required concepts self people industry people contribute management years salary resume opening concepts concepts expert
http,{O9Y9-E7YD47XR-6231OGMG},08/25/2010 17:53:10,PSF0133,PC-4925,http://raytheon.com/WboUhagvat343187784.jsp,benefits customer resume growth contribute passion resume required equivalent multitask sales job required equivalent process skills hours team skills technologies interface team customer responsibilities develop responsibilities contribute sales initiative on-time degree customer strong equivalent compensation years benefits passion experience experience permanent industry required process years management develop opening job equivalent concepts job growth self opening analyze dynamic customer
http,{A1A6-K1TX24XB-7609DVVH},08/26/2010 10:44:22,PSF0133,PC-4925,http://simplyhired.com/WboUhagvat57469130.jsp,management concepts benefits interface opening responsibilities salary interface guidance initiative skills industry years growth industry salary guidance passion required call customer people self experience required on-time multiple experience salary interface industry develop starter skills hours opening years experience contribute benefits equivalent required guidance resume interface required passion
http,{T7H5-D0ZI23NU-5427VLVA},08/26/2010 12:18:39,PSF0133,PC-4925,http://boeing.com/WboUhagvat1904327536.htm,part-time self strong part-time skills dynamic resume resume people years self benefits on-time job job degree people interface resume opening interface equivalent team interface resume customer experience compensation industry responsibilities benefits team team management platform industry interface sales industry responsibilities opening platform experience degree opening skills job years skills growth contribute engineer required
http,{E3L3-P5BF71NP-8476FURV},08/26/2010 13:04:41,PSF0133,PC-4925,http://simplyhired.com/WboUhagvat57469130.jsp,resume guidance concepts permanent guidance call management multitask dynamic starter dynamic degree start experience management develop experience multiple multitask benefits customer customer strong on-line report start start contribute years people industry concepts multiple sales platform required responsibilities part-time starter years responsibilities degree sales concepts equivalent experience years start multitask team industry multitask on-time relocation
email,{N0M7-X5YA88II-8489YCHO},08/27/2010 09:07:49,PSF0133,PC-4925,Ivy_Shaw@hp.com,,,Piper.Sasha.Fuentes@dtaa.com,31633,0,equivalent people multiple multitask job responsibilities people years job opening people degree resume passion technologies years responsibilities sales responsibilities guidance
email,{Y1H4-A9RR38ON-8312OOZH},08/27/2010 11:01:50,PSF0133,PC-4925,Ivy_Shaw@hp.com,,,Piper.Sasha.Fuentes@dtaa.com,20213,0,permanent technologies concepts responsibilities people management dynamic dynamic relocation responsibilities expert team passion team industry experience develop team contribute customer strong growth required required multitask degree permanent on-line degree permanent benefits interface recruiter responsibilities experience develop part-time strong concepts benefits management permanent strong required multiple platform technologies skills resume salary required self sales team on-time sales
http,{G8M6-X7BJ86NY-0780YTJE},08/27/2010 11:25:06,PSF0133,PC-4925,http://craigslist.org/WboUhagvat1105403916.aspx,hours years people report permanent interface develop platform process degree opening people platform compensation benefits growth experience start degree report process job report develop team management hours concepts required start contribute guidance equivalent relocation benefits equivalent strong resume multiple benefits resume skills job resume starter call industry sales concepts
email,{C2V0-X1RC18ZO-9738RKEF},08/27/2010 11:31:06,PSF0133,PC-4925,Ivy_Shaw@hp.com,,,Piper.Sasha.Fuentes@dtaa.com,55121,0,passion report engineer analyze part-time equivalent management initiative technologies years platform dynamic opening initiative visual engineer multiple degree responsibilities guidance concepts develop technologies responsibilities management responsibilities self analyze strong job platform benefits strong degree resume concepts degree sales industry required responsibilities growth job customer self multiple sales team contribute experience industry growth
http,{G9Q6-G0KW08BK-8281BRST},08/27/2010 11:38:08,PSF0133,PC-4925,http://craigslist.org/WboUhagvat1105403916.aspx,compensation platform required industry management hours responsibilities opening people report contribute passion sales resume customer guidance experience on-time job guidance skills hours skills required experience concepts contribute sales report concepts report equivalent self people expert equivalent develop opening multitask customer multiple management passion salary relocation on-time permanent experience concepts concepts sales years passion develop responsibilities years equivalent hours develop guidance industry analyze sales self on-time
http,{W5E0-W6QW07HV-9185PVQG},08/27/2010 13:26:57,PSF0133,PC-4925,http://aol.com/jobs/WboUhagvat1963819229.jsp,part-time expert growth expert report starter required process initiative responsibilities visual starter skills compensation customer passion required degree resume multitask visual opening sales expert initiative team compensation multitask engineer start report sales experience responsibilities multitask team skills required required interface skills management degree starter multiple growth
http,{F7G1-Q3JB30IP-6844DTDL},08/27/2010 14:35:31,PSF0133,PC-4925,http://job-hunt.org/WboUhagvat919122234.html,required hours customer develop growth years benefits report benefits customer job passion resume initiative years resume team customer multitask interface starter management resume contribute platform visual degree on-time industry technologies degree sales passion opening initiative strong responsibilities develop develop develop concepts experience technologies
http,{S5J6-A4EF06EJ-3860UVST},08/27/2010 15:28:05,PSF0133,PC-4925,http://lockheedmartin.com/WboUhagvat1636367808.htm,growth develop benefits strong customer equivalent resume self years platform skills hours guidance skills platform process analyze platform benefits people dynamic expert contribute required initiative degree skills start job years report report degree dynamic management resume dynamic years part-time equivalent customer equivalent contribute customer skills skills expert people on-line technologies management part-time strong
http,{G9C6-O0XD55QO-9063XKXV},08/30/2010 09:33:46,PSF0133,PC-4925,http://job-hunt.org/WboUhagvat919122234.html,team team interface required benefits opening management permanent analyze experience job sales management resume experience required years passion responsibilities platform opening technologies experience expert degree people permanent hours contribute required degree permanent platform develop customer equivalent required equivalent skills salary expert concepts dynamic skills passion strong
http,{C5H6-T1KM19JB-3654EGFH},08/30/2010 09:39:07,PSF0133,PC-4925,http://northropgrumman.com/WboUhagvat572113271.aspx,interface responsibilities strong required industry team resume degree process strong required responsibilities platform years benefits platform technologies on-time management equivalent initiative growth passion people interface resume technologies platform strong job team required engineer on-line technologies contribute benefits develop self part-time technologies skills multitask management self part-time opening visual experience job recruiter process equivalent skills people skills skills required experience technologies process team required
http,{W2T5-I0MI98NV-4030BNYN},08/30/2010 10:37:23,PSF0133,PC-4925,http://monster.com/WboUhagvat1180707852.html,years develop degree concepts resume engineer industry growth contribute permanent develop required skills dynamic passion platform industry passion concepts industry guidance develop years years sales analyze required sales permanent start concepts contribute multitask responsibilities technologies contribute dynamic customer required team analyze job salary people management initiative years experience benefits platform resume permanent guidance
http,{I5B2-F9EG52LR-4489KTCI},08/30/2010 10:40:33,PSF0133,PC-4925,http://indeed.com/WboUhagvat1680703797.html,responsibilities multitask degree expert team self benefits technologies equivalent multiple compensation management salary resume start expert interface platform hours expert job initiative recruiter required experience degree opening responsibilities people hours experience multiple benefits growth equivalent concepts industry contribute experience analyze industry team part-time strong degree platform degree experience team required opening benefits permanent multitask job years multitask responsibilities
http,{P3X2-F3YH61VO-5849JMKD},08/30/2010 12:43:44,PSF0133,PC-4925,http://hp.com/WboUhagvat1944152218.jsp,self passion expert start benefits experience visual responsibilities develop industry part-time permanent required skills expert report years responsibilities degree permanent report people develop technologies hours platform guidance job permanent management responsibilities job dynamic experience starter opening self customer multitask develop industry required years customer responsibilities contribute management strong degree skills dynamic expert dynamic skills analyze interface salary dynamic contribute
http,{T1L7-R6NU29JK-6880QAGK},08/30/2010 12:57:59,PSF0133,PC-4925,http://linkedin.com/WboUhagvat1479839504.aspx,strong contribute opening years visual guidance years benefits team years guidance start permanent on-line team process multitask degree technologies hours process opening customer resume multiple passion sales on-time starter
http,{D8Q4-J2AW53UB-0546JPNX},08/30/2010 15:41:22,PSF0133,PC-4925,http://raytheon.com/WboUhagvat343187784.jsp,management multitask engineer permanent required management start required multitask management management on-time responsibilities process industry job contribute multiple technologies strong guidance team start hours industry multitask opening analyze develop multitask strong start opening years skills degree call team concepts starter team opening multitask develop job contribute growth passion sales develop platform experience passion technologies benefits guidance benefits
http,{G9G2-V0BC56ZE-2735QDLU},08/30/2010 16:37:45,PSF0133,PC-4925,http://linkedin.com/WboUhagvat1479839504.aspx,relocation visual responsibilities degree resume starter skills years platform required interface platform dynamic opening resume dynamic responsibilities passion interface report responsibilities required compensation team initiative degree benefits technologies management experience contribute experience equivalent team initiative on-time customer responsibilities expert initiative experience salary experience industry job multitask
http,{K4G8-Q6XZ29LJ-5916RCCB},08/30/2010 17:28:55,PSF0133,PC-4925,http://raytheon.com/WboUhagvat343187784.jsp,people passion hours resume sales industry guidance resume dynamic required strong resume relocation growth opening contribute degree develop start technologies people equivalent benefits equivalent resume growth people develop required people experience develop responsibilities interface dynamic platform people on-time resume growth contribute equivalent years industry resume responsibilities growth concepts start experience opening responsibilities growth skills customer permanent opening visual strong responsibilities opening job
http,{K6G0-J2JE57UZ-3117MPDU},08/30/2010 17:31:09,PSF0133,PC-4925,http://simplyhired.com/WboUhagvat57469130.jsp,responsibilities compensation benefits starter required management years call part-time degree initiative passion multiple analyze multitask industry job resume platform job engineer required skills permanent team starter industry hours expert
http,{W4M5-B9UX39IR-0243WJYU},08/31/2010 10:06:21,PSF0133,PC-4925,http://linkedin.com/WboUhagvat1479839504.aspx,concepts guidance years dynamic develop skills contribute industry skills salary experience management experience degree responsibilities growth skills job contribute multiple job strong responsibilities multitask passion permanent resume start initiative permanent skills multitask customer analyze part-time experience multitask on-time
http,{M0K6-T8OO42QK-8685OBPK},08/31/2010 13:14:54,PSF0133,PC-4925,http://harris.com/WboUhagvat1919385663.htm,develop dynamic technologies initiative contribute guidance expert dynamic degree report multitask opening skills start job multiple expert people contribute start interface opening sales on-line responsibilities responsibilities salary contribute people develop concepts growth years platform sales strong job management start responsibilities guidance technologies job
http,{C9P6-F2HX01GT-6921FZYN},08/31/2010 17:14:31,PSF0133,PC-4925,http://simplyhired.com/WboUhagvat57469130.jsp,degree sales benefits permanent initiative multiple degree interface technologies part-time industry years resume degree contribute multitask sales customer required customer team compensation permanent develop dynamic resume guidance multiple skills skills degree responsibilities years industry skills management experience years industry
http,{F4K1-O0SB56PC-3823XGTV},08/31/2010 17:58:33,PSF0133,PC-4925,http://job-hunt.org/WboUhagvat919122234.html,on-time sales part-time part-time on-line team guidance growth resume years equivalent initiative report multiple multitask industry skills contribute industry management report opening passion management self permanent on-time recruiter degree experience required degree responsibilities permanent start job degree multitask sales sales resume customer opening years contribute engineer salary strong expert job responsibilities experience opening sales
device,{Y7P6-K7TH00GU-2173RWHS},09/01/2010 10:04:45,PSF0133,PC-4925,Connect
device,{E8Z4-G6PK92JQ-2840MPFS},09/01/2010 10:05:46,PSF0133,PC-4925,Disconnect
http,{Q6Y3-N6UH37FP-9711BBQY},09/01/2010 11:51:00,PSF0133,PC-4925,http://monster.com/WboUhagvat1180707852.html,contribute industry people management required opening people expert initiative permanent process on-time team initiative salary on-time required people dynamic management customer required customer growth degree resume equivalent guidance develop multitask dynamic process hours people passion concepts growth multitask growth guidance multitask compensation permanent interface required multitask
http,{E4P6-C1AP77ZW-6849JOOL},09/01/2010 12:31:53,PSF0133,PC-4925,http://yahoo.com/hotjobs/WboUhagvat752138490.php,strong hours starter start job interface platform develop start analyze experience resume guidance management relocation team benefits resume on-line platform platform concepts initiative customer permanent on-line management compensation required passion experience years concepts benefits dynamic management visual customer strong multiple guidance job resume starter visual starter develop growth on-line start people degree technologies initiative sales skills required process starter process opening process benefits equivalent responsibilities concepts salary hours part-time
http,{N6Q7-J2XO10RZ-7063JSFD},09/01/2010 13:24:03,PSF0133,PC-4925,http://linkedin.com/WboUhagvat1479839504.aspx,equivalent years on-line team team required opening degree expert experience years skills degree analyze multiple equivalent compensation report years team equivalent opening benefits industry resume guidance process opening initiative industry people permanent equivalent benefits required process required develop
device,{R2G6-B9VJ72YQ-4747LVDS},09/01/2010 13:26:53,PSF0133,PC-4925,Connect
device,{B4R3-D5IG96JV-9869HBUE},09/01/2010 13:28:20,PSF0133,PC-4925,Disconnect
device,{E1K5-N5ZV02IE-5888YEFJ},09/01/2010 14:06:01,PSF0133,PC-4925,Connect
device,{C4V0-Q5KQ97BY-5473FSIW},09/01/2010 15:30:28,PSF0133,PC-4925,Disconnect
device,{U4L7-X8QW15HT-8478TDAE},09/01/2010 15:57:40,PSF0133,PC-4925,Connect
device,{L1Q0-Z6MJ28DH-5220KNXP},09/01/2010 16:19:39,PSF0133,PC-4925,Disconnect
device,{K8J0-Q9CG20MJ-5503STEX},09/01/2010 16:37:10,PSF0133,PC-4925,Connect
device,{D6A1-U8VP46OZ-7868IFAC},09/01/2010 16:48:24,PSF0133,PC-4925,Disconnect
http,{P8V7-G6RF39YI-3841RTFJ},09/01/2010 17:22:09,PSF0133,PC-4925,http://lockheedmartin.com/WboUhagvat1636367808.htm,develop technologies customer multiple degree multiple resume starter contribute customer call recruiter growth resume expert start job process interface team multiple job skills degree strong report equivalent on-time required multiple report required concepts industry analyze multiple customer skills concepts self people benefits
http,{C0X9-M6NB41NW-9259WSLU},09/01/2010 17:39:22,PSF0133,PC-4925,http://aol.com/jobs/WboUhagvat1963819229.jsp,skills team skills process strong multiple opening start develop multitask strong interface concepts dynamic industry people opening skills on-time start process experience starter responsibilities start contribute self management growth years sales report growth compensation multitask multitask report management degree multiple strong responsibilities relocation management customer guidance required permanent process self multitask visual technologies
http,{M6K3-L3BW77ZF-4104XNFW},09/01/2010 17:57:49,PSF0133,PC-4925,http://linkedin.com/WboUhagvat1479839504.aspx,job start years dynamic on-time experience management responsibilities resume platform interface people required years responsibilities resume platform process people initiative technologies multiple resume industry dynamic experience starter analyze initiative platform concepts team initiative develop growth technologies degree years resume degree job opening sales contribute years on-time people years resume resume industry industry salary multitask concepts initiative years required platform initiative technologies equivalent job industry multiple skills engineer people contribute expert equivalent salary skills strong
device,{E6H0-D9JN67BQ-9061WXGL},09/03/2010 09:35:55,PSF0133,PC-4925,Connect
device,{M4O4-E3LN75GU-5593HLZE},09/03/2010 09:39:42,PSF0133,PC-4925,Disconnect
device,{L8X0-M0LH24QN-6647YJII},09/03/2010 11:02:21,PSF0133,PC-4925,Connect
device,{P0U4-K9CJ38DT-4863KGVZ},09/03/2010 11:20:47,PSF0133,PC-4925,Disconnect
device,{C0U4-L1OY72JV-5026CFGS},09/03/2010 11:55:28,PSF0133,PC-4925,Connect
device,{R4M5-L2OI07CK-8002FDJX},09/03/2010 12:16:43,PSF0133,PC-4925,Disconnect
device,{W2H9-B2TR19ZO-9879NUGL},09/03/2010 14:11:10,PSF0133,PC-4925,Connect
device,{J1Q9-H8UP66MT-9342QIJH},09/03/2010 14:22:43,PSF0133,PC-4925,Disconnect
device,{L1Y2-C6QG62JS-0271INLZ},09/03/2010 17:29:02,PSF0133,PC-4925,Connect
device,{Q5P1-P6DT95AS-4345NTYN},09/03/2010 17:35:34,PSF0133,PC-4925,Disconnect
device,{Y2S8-K4RK76EE-3848QYKN},09/09/2010 11:02:10,PSF0133,PC-4925,Connect
device,{Y0T4-K9MT61BY-8544TBCP},09/09/2010 11:02:56,PSF0133,PC-4925,Disconnect
device,{I9S8-J5AP30UD-5012QLRH},09/09/2010 11:10:39,PSF0133,PC-4925,Connect
device,{T3C0-S4LN82JW-0789LXKH},09/09/2010 11:36:21,PSF0133,PC-4925,Disconnect
device,{P8T5-B8RT70FN-2623VGPI},09/09/2010 12:29:04,PSF0133,PC-4925,Connect
device,{O2O6-U4NC61RD-2138GOZH},09/09/2010 12:33:02,PSF0133,PC-4925,Disconnect
device,{V9T7-I2FS64DC-1545NZVI},09/09/2010 12:42:41,PSF0133,PC-4925,Connect
device,{A4M7-E4CN69AF-4624IIKF},09/09/2010 12:58:17,PSF0133,PC-4925,Disconnect
device,{L5U8-U5OW95BF-2197ZXPT},09/09/2010 13:46:41,PSF0133,PC-4925,Connect
device,{E6Z2-R5WY31JX-4613NKYK},09/09/2010 13:55:50,PSF0133,PC-4925,Disconnect
device,{W1O5-H7WE60GX-8101IQXA},09/09/2010 13:56:39,PSF0133,PC-4925,Connect
device,{M5T1-R5EU99CD-3382ROMC},09/09/2010 14:08:45,PSF0133,PC-4925,Disconnect
device,{E4U2-Y5MH71GL-9427ECQD},09/09/2010 15:46:40,PSF0133,PC-4925,Connect
device,{V1M3-E7NK43SW-4754OAAI},09/09/2010 16:12:39,PSF0133,PC-4925,Disconnect
device,{Y2Y4-H1TI17FI-2683VCEC},09/09/2010 18:00:06,PSF0133,PC-4925,Connect
device,{B8O0-W4WM77CM-7378ZJWL},09/09/2010 18:00:40,PSF0133,PC-4925,Disconnect
email,{R1C5-B9PK04WT-0726RAUP},09/14/2010 12:44:43,PSF0133,PC-4925,Shannon.Chantale.Price@dtaa.com,,,Piper.Sasha.Fuentes@dtaa.com,18916,0,thanks position notice my letter week resign my resignation letter key letter week position letter letter 2 week opportunity 2 key 2 position letter resign resign notice of resign resignation position 2 interview resign position week resign resignation week letter resignation week of of position week exit week my opportunity resignation key resignation letter tender week 2 letter my
device,{L7U7-B5WH00EH-0686RAGY},09/15/2010 08:55:51,PSF0133,PC-4925,Connect
device,{C9E9-P3JC60LK-0580OKOB},09/15/2010 09:10:20,PSF0133,PC-4925,Disconnect
device,{O8U9-C1XQ51VU-0655OFMY},09/15/2010 10:51:02,PSF0133,PC-4925,Connect
device,{M3O2-P9QW35NR-8087JWEK},09/15/2010 10:53:45,PSF0133,PC-4925,Disconnect
device,{W9K8-P6ZZ36MY-8262NHTX},09/15/2010 13:35:05,PSF0133,PC-4925,Connect
device,{T4Z8-Y6QU88HY-7541JBUC},09/15/2010 13:58:54,PSF0133,PC-4925,Disconnect
device,{B8I7-D3VY35OT-1081VOYO},09/15/2010 16:08:08,PSF0133,PC-4925,Connect
device,{K8T6-C0NQ14IV-4637UJAJ},09/15/2010 16:28:21,PSF0133,PC-4925,Disconnect
device,{A2K1-M2FK38TR-6231BKXT},09/15/2010 18:01:10,PSF0133,PC-4925,Connect
device,{M3R4-R8GC48PF-0042PMUH},09/15/2010 18:08:41,PSF0133,PC-4925,Disconnect
device,{P5I8-Z7FR82LD-8096PEVM},09/16/2010 09:59:44,PSF0133,PC-4925,Connect
device,{H5T7-H9PW33AS-1102SUNN},09/16/2010 10:20:07,PSF0133,PC-4925,Disconnect
device,{J9G9-A9TU79GI-6899FPBX},09/16/2010 11:08:38,PSF0133,PC-4925,Connect
device,{Z5C4-K6TK43QY-8833HEFU},09/16/2010 11:33:39,PSF0133,PC-4925,Disconnect
device,{V4O7-F8RS61OY-1338LZFD},09/16/2010 12:46:53,PSF0133,PC-4925,Connect
device,{P2I9-Y1KP66SP-0272MMYG},09/16/2010 13:18:33,PSF0133,PC-4925,Disconnect
device,{G7U2-L7ZG84KW-1284LHPM},09/16/2010 14:21:51,PSF0133,PC-4925,Connect
device,{V3L9-K1GF14GF-6517PCFG},09/16/2010 14:26:09,PSF0133,PC-4925,Disconnect
device,{G0U7-I7UG07YV-6439PDVH},09/16/2010 14:49:05,PSF0133,PC-4925,Connect
device,{F4L7-O7WC98QU-8438BSCT},09/16/2010 14:55:12,PSF0133,PC-4925,Disconnect
device,{D4S7-K5WL32YU-7054CDZR},09/16/2010 15:54:29,PSF0133,PC-4925,Connect
device,{B8V0-Z9ZZ23KC-8016TPKA},09/16/2010 16:38:40,PSF0133,PC-4925,Disconnect
device,{I2Q4-B0FS85MD-9856WHRS},09/16/2010 17:06:49,PSF0133,PC-4925,Connect
device,{K1U3-S2NF03DE-2467XXBJ},09/16/2010 17:06:55,PSF0133,PC-4925,Disconnect
device,{J6J9-E9XM97SC-5082JMVI},09/21/2010 09:33:12,PSF0133,PC-4925,Connect
device,{F2D3-N6WF48LL-0354HIPZ},09/21/2010 09:34:12,PSF0133,PC-4925,Disconnect
device,{X5G9-V4MZ47MM-6799DQMK},09/21/2010 09:45:44,PSF0133,PC-4925,Connect
device,{G4J7-G2AK27YS-3539BEJK},09/21/2010 11:05:25,PSF0133,PC-4925,Disconnect
device,{T0B8-F3RG70OO-2174HQIA},09/21/2010 12:08:16,PSF0133,PC-4925,Connect
device,{B9B4-O4UX90MU-6946KYFP},09/21/2010 12:31:50,PSF0133,PC-4925,Disconnect
device,{E6F5-G5FE62TA-2086YJBP},09/21/2010 12:40:54,PSF0133,PC-4925,Connect
device,{A9O1-W0CL04MD-8843NTKM},09/21/2010 12:45:01,PSF0133,PC-4925,Disconnect
device,{G9H9-C2OA23FE-9914YXGW},09/21/2010 14:26:46,PSF0133,PC-4925,Connect
device,{B6C0-U4SK02EQ-1274PPBA},09/21/2010 15:13:50,PSF0133,PC-4925,Disconnect
device,{E2N6-O2EP94BS-4345PRAI},09/21/2010 16:31:16,PSF0133,PC-4925,Connect
device,{B5X8-Q6MA46FR-7049OCBA},09/21/2010 17:00:53,PSF0133,PC-4925,Disconnect
device,{R7U3-Q5XD89PT-3715OCFO},09/29/2010 09:09:43,PSF0133,PC-4925,Connect
device,{E4Z6-X9YP97BF-8196JWPI},09/29/2010 09:24:39,PSF0133,PC-4925,Disconnect
device,{Z0A5-Y1ZB01SH-2523ECAZ},09/29/2010 09:28:50,PSF0133,PC-4925,Connect
device,{P7E0-Y0BD77ES-2225WZAY},09/29/2010 09:39:40,PSF0133,PC-4925,Disconnect
device,{U7I7-T3GG35AR-4407PFIQ},09/29/2010 10:06:23,PSF0133,PC-4925,Connect
device,{F1D4-U8HL92UN-3199NMGZ},09/29/2010 10:08:49,PSF0133,PC-4925,Disconnect
device,{D5Y2-C6OM82AS-0844SUPL},09/29/2010 10:23:21,PSF0133,PC-4925,Connect
device,{U7Z9-E7KD28VS-7980YGHU},09/29/2010 11:10:20,PSF0133,PC-4925,Disconnect
device,{B9A0-E8FK47OZ-1744VWLR},09/29/2010 15:30:32,PSF0133,PC-4925,Connect
device,{R8E4-M6NS65DC-7347NSVG},09/29/2010 16:12:22,PSF0133,PC-4925,Disconnect
device,{Q1T3-B8CJ71YL-5080WXBF},09/29/2010 16:14:55,PSF0133,PC-4925,Connect
device,{Q2N5-V6SL72IK-8360SGBV},09/29/2010 16:23:30,PSF0133,PC-4925,Disconnect
