http,{Y0U5-D4RK86AC-9051QKBR},10/18/2010 10:58:12,EDB0714,PC-6103,http://careerbuilder.com/WboUhagvat660170997.htm,platform resume process hours industry skills responsibilities experience years responsibilities multitask multitask management sales management customer report people strong resume job years responsibilities opening expert customer resume dynamic degree skills years benefits multitask equivalent part-time expert experience required multiple growth initiative contribute part-time experience customer multiple platform required people multiple initiative engineer strong compensation multiple experience growth team concepts multitask team develop required initiative develop permanent develop skills expert sales expert degree
http,{J5F0-F8ZG07XJ-5246TNMK},10/18/2010 14:23:36,EDB0714,PC-6103,http://monster.com/WboUhagvat1180707852.html,job degree part-time experience strong customer passion start platform skills concepts salary start growth equivalent customer dynamic team people skills experience passion growth self team call skills skills initiative team starter opening resume growth skills permanent people develop process initiative permanent expert initiative dynamic compensation years concepts degree process growth interface experience dynamic concepts years skills experience years experience
http,{I2W1-D3TO38YE-0113YWEP},10/18/2010 15:42:32,EDB0714,PC-6103,http://hp.com/WboUhagvat1944152218.jsp,develop process sales years dynamic opening job multiple passion management multiple degree expert responsibilities resume resume skills opening contribute required required experience technologies team opening skills interface contribute experience interface resume equivalent sales on-time team guidance team guidance
http,{V0I4-E8LR25OO-9316RQWB},10/18/2010 15:52:38,EDB0714,PC-6103,http://northropgrumman.com/WboUhagvat572113271.aspx,start salary required equivalent strong job relocation industry strong equivalent equivalent hours job job required develop people multitask part-time self required experience required customer platform degree customer management start required years process dynamic report skills technologies team
http,{V6M9-M3FT65NK-6095BSVI},10/19/2010 08:02:03,EDB0714,PC-6103,http://hp.com/WboUhagvat1944152218.jsp,degree interface technologies call guidance initiative customer degree required multiple skills visual resume hours self contribute team responsibilities permanent dynamic equivalent years management on-line guidance dynamic customer strong job technologies interface sales growth required people on-time people expert contribute initiative multiple report start multiple industry management customer multitask resume
http,{I5M6-P9KG46UR-8312EPBS},10/19/2010 09:01:23,EDB0714,PC-6103,http://jobhuntersbible.com/WboUhagvat1258877042.aspx,people sales start years engineer guidance interface start develop relocation equivalent growth years required on-time platform experience team degree years compensation dynamic permanent passion self strong benefits starter equivalent concepts start part-time opening skills degree team equivalent equivalent analyze required passion job industry industry opening customer multitask permanent benefits industry multiple experience years management process concepts on-time equivalent develop sales opening team sales skills strong experience contribute resume guidance resume team develop team multiple
http,{X0J5-V6SU11RV-8236RTVJ},10/19/2010 11:16:22,EDB0714,PC-6103,http://simplyhired.com/WboUhagvat57469130.jsp,people skills guidance passion growth initiative industry sales required analyze sales develop platform benefits sales develop guidance opening responsibilities hours industry growth management degree benefits opening interface growth platform opening on-time resume multitask guidance compensation years resume growth hours on-line guidance responsibilities develop degree develop
http,{V8Q9-D9BO77SJ-2116NYTT},10/19/2010 11:44:13,EDB0714,PC-6103,http://job-hunt.org/WboUhagvat919122234.html,job people strong responsibilities equivalent report technologies opening customer skills technologies expert contribute customer expert analyze responsibilities team analyze team multitask opening responsibilities multitask initiative responsibilities years growth years initiative opening required responsibilities degree experience skills multitask equivalent resume experience growth team multitask multiple technologies job experience resume skills compensation
http,{N2W7-E6WB23BE-6755ADUG},10/19/2010 11:51:45,EDB0714,PC-6103,http://lockheedmartin.com/WboUhagvat1636367808.htm,growth required starter hours on-time multitask growth responsibilities concepts report analyze experience multiple on-time on-time people concepts multiple concepts develop strong team experience technologies report on-time on-line team resume growth develop skills opening analyze growth degree multiple develop multiple people resume concepts part-time people self industry experience experience passion multiple compensation concepts equivalent strong report
http,{X4Q8-G1TE78DD-3513XDIW},10/19/2010 13:01:10,EDB0714,PC-6103,http://boeing.com/WboUhagvat1904327536.htm,technologies call degree responsibilities multitask experience growth degree responsibilities permanent strong sales expert passion opening passion job team salary opening concepts on-time initiative technologies equivalent equivalent equivalent technologies management experience multitask permanent team required customer skills concepts resume customer start years starter permanent hours customer people degree relocation experience salary
http,{S1B4-O6MK14CI-0195TCPG},10/19/2010 13:30:35,EDB0714,PC-6103,http://hp.com/WboUhagvat1944152218.jsp,customer process hours interface engineer experience guidance job hours contribute multiple growth passion years on-time sales recruiter resume team resume years report permanent interface develop skills experience resume multitask on-time customer initiative starter experience self experience expert experience report multiple benefits passion on-time growth starter customer platform job skills passion contribute industry degree platform required develop permanent experience on-line multitask initiative responsibilities management management strong sales part-time
http,{C2C1-O8LH63LS-6643WCGT},10/19/2010 16:03:12,EDB0714,PC-6103,http://careerbuilder.com/WboUhagvat660170997.htm,years guidance people years platform degree contribute permanent people interface sales concepts technologies equivalent starter multitask multiple equivalent develop sales opening years management years guidance management industry interface strong initiative customer degree opening guidance team skills industry multitask multitask hours permanent people benefits multitask industry salary engineer contribute start industry
http,{K1B0-Z1PP57AN-7314LMLN},10/19/2010 16:33:52,EDB0714,PC-6103,http://linkedin.com/WboUhagvat1479839504.aspx,develop sales platform equivalent team expert years years required customer skills customer permanent passion technologies guidance concepts team industry on-time platform industry contribute customer required process industry degree report develop starter develop contribute equivalent technologies technologies people strong management initiative initiative experience interface
http,{B0C1-N0IE30KZ-3745XJZP},10/20/2010 09:38:27,EDB0714,PC-6103,http://northropgrumman.com/WboUhagvat572113271.aspx,job responsibilities report opening degree required multiple job degree strong people start job degree skills management customer multiple customer starter responsibilities concepts job guidance expert degree start benefits report permanent years experience dynamic job customer degree initiative resume expert growth initiative permanent
http,{Y0S3-U1ID75CZ-6927HOUD},10/20/2010 11:44:20,EDB0714,PC-6103,http://aol.com/jobs/WboUhagvat1963819229.jsp,develop growth salary growth resume interface multitask process team initiative sales job equivalent part-time compensation resume management customer start on-line team industry permanent self strong management responsibilities visual management people team sales resume strong on-time opening concepts initiative years on-line resume opening resume permanent growth management experience strong people on-line required
http,{X7J5-E0ZH21TD-6244CKFS},10/20/2010 12:38:00,EDB0714,PC-6103,http://hp.com/WboUhagvat1944152218.jsp,platform hours team dynamic strong years permanent multitask responsibilities on-time permanent relocation concepts equivalent compensation contribute growth benefits multitask analyze visual concepts interface growth job engineer passion self analyze job on-line compensation contribute on-time team guidance start permanent people platform contribute benefits job team growth develop required passion experience
http,{A8D5-T2ZI08RH-8380SSFX},10/20/2010 12:59:10,EDB0714,PC-6103,http://jobhuntersbible.com/WboUhagvat1258877042.aspx,platform years sales on-time on-time team experience starter compensation degree platform hours process customer dynamic degree degree strong initiative team report multitask benefits strong growth required permanent concepts equivalent growth start years opening passion initiative experience platform people passion process process benefits job team analyze dynamic technologies report multiple interface opening concepts initiative
http,{T7F5-M6AJ07NU-4999SUWI},10/20/2010 14:53:08,EDB0714,PC-6103,http://careerbuilder.com/WboUhagvat660170997.htm,degree initiative on-line years self management multitask engineer on-time initiative expert on-line opening on-line contribute report develop initiative experience multitask management analyze resume develop analyze
http,{S1U2-R0ZG82OQ-1028VSUS},10/20/2010 14:58:04,EDB0714,PC-6103,http://hp.com/WboUhagvat1944152218.jsp,experience management start guidance customer starter experience years experience on-time platform growth job part-time multitask skills technologies part-time multiple technologies benefits strong job passion benefits experience industry job initiative passion multiple develop start passion passion multitask process customer expert skills analyze
http,{T2W2-G6NW50KH-0414GVTC},10/20/2010 16:05:54,EDB0714,PC-6103,http://lockheedmartin.com/WboUhagvat1636367808.htm,resume multiple analyze guidance required multiple develop interface report multitask sales self skills on-time expert permanent technologies management self years concepts dynamic process customer multitask technologies resume job initiative multitask passion opening analyze growth passion team platform equivalent customer
http,{Y1P2-J8RR94HB-2014WKRP},10/21/2010 07:36:50,EDB0714,PC-6103,http://harris.com/WboUhagvat1919385663.htm,industry experience develop opening growth equivalent technologies skills sales industry dynamic multiple management required job people passion concepts team multitask relocation resume industry multitask initiative on-time degree strong customer compensation multiple management report analyze technologies management required years report resume develop call degree benefits responsibilities permanent experience visual sales customer
http,{X6B0-B8OC62DN-6745PELO},10/21/2010 09:57:47,EDB0714,PC-6103,http://harris.com/WboUhagvat1919385663.htm,benefits visual guidance contribute on-time team interface visual process experience job resume part-time passion report multiple opening resume equivalent resume customer technologies interface skills permanent years permanent start multitask industry multitask resume experience multitask people strong degree dynamic
http,{E3Q4-R6OC59UG-3954NEXT},10/21/2010 10:31:00,EDB0714,PC-6103,http://linkedin.com/WboUhagvat1479839504.aspx,required job job multitask experience start sales develop resume team skills multiple develop responsibilities multitask benefits opening required equivalent call multiple growth job equivalent opening growth permanent platform starter process job interface growth required process people initiative initiative benefits multitask growth resume process skills management platform multitask sales team multitask
http,{D7I7-B8JY04EO-9196HZAE},10/21/2010 10:31:48,EDB0714,PC-6103,http://jobhuntersbible.com/WboUhagvat1258877042.aspx,experience job report platform responsibilities equivalent guidance resume team contribute years multitask multiple start interface concepts industry interface dynamic benefits salary interface platform part-time on-time salary resume interface skills concepts contribute interface strong develop responsibilities responsibilities customer skills initiative sales starter years technologies salary customer benefits growth call dynamic engineer people skills opening hours required opening customer multiple skills
http,{Z4T0-I0HD00ZD-8808EHGQ},10/21/2010 11:56:16,EDB0714,PC-6103,http://boeing.com/WboUhagvat1904327536.htm,skills benefits hours contribute industry skills report interface contribute strong strong people analyze dynamic platform responsibilities interface equivalent sales opening technologies degree people on-time salary equivalent starter passion guidance starter skills guidance start analyze industry strong permanent develop multitask dynamic sales analyze multiple
http,{W5V4-D7PW21DR-7141OXMG},10/21/2010 16:11:41,EDB0714,PC-6103,http://northropgrumman.com/WboUhagvat572113271.aspx,sales skills job experience start multitask experience opening develop contribute customer required concepts experience years compensation dynamic engineer management resume on-time job people self years multiple strong resume expert multitask on-time job years skills team contribute hours resume degree industry multitask people self on-line required skills on-time technologies skills experience
http,{T7B9-W2KR96KT-0815IQOS},10/21/2010 16:18:32,EDB0714,PC-6103,http://northropgrumman.com/WboUhagvat572113271.aspx,job growth responsibilities hours equivalent years management passion degree start on-time contribute on-time interface customer required industry guidance growth passion start resume required resume team skills start salary management management job required multitask benefits management skills multiple permanent on-time recruiter multitask responsibilities team sales growth dynamic management strong
http,{G6D8-C1EL26VE-0193QXBY},10/22/2010 08:21:16,EDB0714,PC-6103,http://job-hunt.org/WboUhagvat919122234.html,customer starter platform interface multitask opening people job years guidance on-time strong skills equivalent start resume growth customer salary equivalent opening multiple responsibilities platform team resume degree contribute permanent benefits technologies develop management strong responsibilities multitask analyze starter concepts
http,{M6K0-Z0LS86EB-0757CVGG},10/22/2010 08:30:24,EDB0714,PC-6103,http://northropgrumman.com/WboUhagvat572113271.aspx,passion initiative responsibilities contribute resume permanent process passion years degree multiple develop years on-time contribute passion salary people start concepts years platform strong start management customer expert develop contribute permanent expert start contribute develop job years concepts industry industry process concepts
http,{M3E7-C5TT13NR-7957NBXW},10/22/2010 09:32:42,EDB0714,PC-6103,http://careerbuilder.com/WboUhagvat660170997.htm,growth multitask expert degree degree required years sales call opening multitask dynamic equivalent responsibilities years dynamic equivalent degree passion experience analyze required report strong platform resume customer strong opening dynamic technologies dynamic dynamic management required management multitask platform platform skills team technologies interface contribute analyze analyze team develop management strong process resume hours relocation growth part-time initiative years opening people multitask compensation skills opening resume industry
http,{K4H1-E9GE95DD-5974LFFV},10/22/2010 10:10:52,EDB0714,PC-6103,http://yahoo.com/hotjobs/WboUhagvat752138490.php,multitask technologies interface platform contribute on-time start growth resume customer people develop dynamic resume technologies analyze engineer concepts compensation multiple platform technologies skills equivalent develop opening job develop management guidance expert years team resume equivalent sales starter expert required job degree resume sales guidance benefits degree resume multiple develop
email,{F1P4-I1QZ17KL-6796USVK},10/22/2010 10:37:43,EDB0714,PC-6103,Wang_Cohen@raytheon.com,,,Eden.Deborah.Ball@dtaa.com,18924,4,on-time initiative years customer passion guidance job technologies degree multiple team expert technologies start people initiative team customer interface required job people visual required customer on-line multiple equivalent permanent start equivalent experience experience skills guidance multitask
http,{K2U8-A5TF29WJ-4298ZERH},10/22/2010 10:49:40,EDB0714,PC-6103,http://northropgrumman.com/WboUhagvat572113271.aspx,initiative interface management recruiter concepts skills resume required part-time years customer self multiple benefits strong multitask people degree opening opening job resume contribute engineer opening degree responsibilities resume required start contribute self growth dynamic initiative skills salary guidance strong team management start resume develop degree management passion years degree
email,{Z5T2-E1WU25PR-1731KYEN},10/22/2010 11:57:28,EDB0714,PC-6103,Wang_Cohen@raytheon.com,,,Eden.Deborah.Ball@dtaa.com,26688,0,opening passion passion dynamic self experience job multiple initiative self management opening permanent skills multitask experience develop multitask start technologies dynamic recruiter dynamic multitask experience experience dynamic multitask required equivalent technologies job industry process multitask multiple opening years analyze experience multitask required opening develop resume industry
http,{C7L7-B4YC76CQ-6531RDLH},10/22/2010 12:57:07,EDB0714,PC-6103,http://linkedin.com/WboUhagvat1479839504.aspx,multitask analyze expert years management multiple years passion concepts skills dynamic management multiple strong analyze dynamic on-time responsibilities multiple salary degree strong compensation years resume interface develop experience responsibilities expert people job concepts visual report interface develop guidance on-time years salary develop job permanent industry start equivalent guidance report benefits industry experience salary required required interface required people
http,{K0S9-I1KF42GX-5966RYAW},10/22/2010 13:31:34,EDB0714,PC-6103,http://boeing.com/WboUhagvat1904327536.htm,multiple degree initiative required industry industry sales experience multiple start management start experience industry skills management job multitask industry skills develop permanent multitask develop interface required opening people concepts start responsibilities required customer multiple required sales permanent customer multiple
http,{N3W5-B5RD77JZ-8467BVKL},10/22/2010 13:50:19,EDB0714,PC-6103,http://simplyhired.com/WboUhagvat57469130.jsp,compensation concepts self customer benefits passion years dynamic resume customer engineer resume report multitask growth experience benefits benefits develop contribute multitask sales responsibilities resume people engineer contribute self job contribute develop guidance initiative people process team analyze management guidance years required concepts on-line
http,{O3J0-O5DK07VZ-9535DPWU},10/25/2010 08:05:26,EDB0714,PC-6103,http://craigslist.org/WboUhagvat1105403916.aspx,responsibilities initiative degree required customer initiative self experience permanent interface dynamic report concepts analyze experience multiple contribute passion equivalent on-time initiative part-time platform analyze responsibilities growth management develop years required contribute salary experience technologies call on-line multiple experience platform required resume resume equivalent team dynamic job experience initiative analyze multiple opening people responsibilities years start skills platform industry customer required passion starter contribute starter required
http,{H1W8-U2CG20ME-4058JFVI},10/25/2010 08:20:45,EDB0714,PC-6103,http://lockheedmartin.com/WboUhagvat1636367808.htm,customer multiple on-line job technologies customer team part-time develop multitask degree customer start skills management industry multiple passion hours degree industry degree passion start customer permanent skills customer initiative people job sales resume expert benefits develop dynamic degree years job salary management part-time responsibilities required start degree required compensation skills equivalent guidance starter engineer benefits strong customer equivalent
http,{V6E0-E1HQ91CJ-3869KRSZ},10/25/2010 08:57:43,EDB0714,PC-6103,http://northropgrumman.com/WboUhagvat572113271.aspx,sales analyze part-time interface opening management process resume required sales guidance start team expert platform part-time resume people on-time benefits growth skills industry concepts responsibilities benefits hours management technologies interface opening years initiative benefits people technologies opening responsibilities concepts develop dynamic sales salary skills responsibilities expert growth equivalent part-time hours industry degree sales growth
http,{K7M7-O3RH00QW-3116TKGK},10/25/2010 09:12:28,EDB0714,PC-6103,http://careerbuilder.com/WboUhagvat660170997.htm,salary multitask industry equivalent part-time skills industry multiple guidance contribute customer skills benefits technologies benefits sales expert multiple required team sales expert start dynamic start guidance interface growth process initiative customer develop start start team years customer starter sales on-time people platform sales degree people starter team on-time engineer starter team people multiple opening sales
http,{L2I7-I8JQ25JL-7855BTYY},10/25/2010 11:14:47,EDB0714,PC-6103,http://careerbuilder.com/WboUhagvat660170997.htm,process passion job platform industry process job multitask expert years concepts degree on-time process contribute multitask skills concepts initiative self growth concepts passion expert guidance required interface degree concepts sales required expert multiple equivalent start strong analyze management job team opening job salary
http,{Y8Z1-A8JX17WC-9500NFRK},10/25/2010 11:17:16,EDB0714,PC-6103,http://northropgrumman.com/WboUhagvat572113271.aspx,strong degree resume experience sales multiple customer benefits required management years multiple industry skills multitask customer develop resume process call sales process passion degree experience years industry industry degree skills on-time concepts concepts industry multitask hours permanent resume years starter dynamic experience job contribute contribute industry develop hours compensation contribute industry dynamic strong technologies concepts growth guidance multitask start passion sales
http,{J8L4-I8WB66PZ-0443AEWA},10/25/2010 12:45:57,EDB0714,PC-6103,http://jobhuntersbible.com/WboUhagvat1258877042.aspx,concepts platform contribute benefits responsibilities multiple team equivalent analyze job permanent contribute strong team develop platform contribute benefits required years technologies people people industry analyze growth industry hours years people growth team management relocation customer benefits self report skills multitask equivalent permanent self sales degree years technologies hours customer benefits equivalent team
http,{Q6F5-M5DN82AI-8806GXZU},10/25/2010 14:29:04,EDB0714,PC-6103,http://raytheon.com/WboUhagvat343187784.jsp,benefits strong years management compensation initiative degree experience customer on-line opening concepts equivalent team contribute report develop multitask responsibilities permanent dynamic people technologies start platform report process responsibilities technologies contribute responsibilities customer experience permanent sales required experience industry permanent skills develop permanent part-time salary management management degree experience interface growth platform expert required on-time passion opening multitask experience on-time degree
http,{N4Z6-L1LC04JO-8578RMZT},10/25/2010 15:00:00,EDB0714,PC-6103,http://aol.com/jobs/WboUhagvat1963819229.jsp,management permanent platform people develop years passion sales multiple degree multitask degree skills required on-time on-time salary multiple process industry resume degree guidance benefits team skills resume experience visual experience industry on-line required process multiple self part-time customer customer on-line responsibilities salary start multitask people interface experience
http,{D0K5-B7GI31EW-8839HUJI},10/25/2010 15:12:57,EDB0714,PC-6103,http://indeed.com/WboUhagvat1680703797.html,experience equivalent sales passion multitask job equivalent contribute permanent skills years report process resume people sales guidance degree degree people part-time team growth start starter report growth multiple skills guidance resume multiple multiple team passion people team self years develop
http,{C3L8-E9GB05PH-8123JSMW},10/26/2010 07:54:55,EDB0714,PC-6103,http://hp.com/WboUhagvat1944152218.jsp,passion resume engineer responsibilities call starter multitask technologies sales opening develop process skills responsibilities benefits multiple concepts concepts expert responsibilities skills passion management guidance platform compensation benefits equivalent job people industry passion strong skills part-time contribute skills resume multitask customer team years self technologies initiative contribute multiple dynamic degree permanent guidance on-time management required interface customer equivalent technologies
http,{I9S3-D6XV42FD-1837LECP},10/26/2010 07:58:51,EDB0714,PC-6103,http://jobhuntersbible.com/WboUhagvat1258877042.aspx,report responsibilities contribute expert passion experience passion customer sales compensation report opening equivalent platform guidance team guidance management customer multitask resume experience contribute dynamic expert responsibilities platform customer industry sales strong compensation resume growth industry team multiple report multitask process initiative people responsibilities engineer multitask sales multitask years on-time analyze industry years
http,{H4X0-V0PF37FJ-0747PNIX},10/26/2010 11:17:50,EDB0714,PC-6103,http://indeed.com/WboUhagvat1680703797.html,skills people years management concepts develop job interface strong years skills starter strong team strong concepts strong self start develop compensation required experience growth years strong concepts on-line platform benefits experience skills industry part-time skills passion platform expert equivalent degree sales industry passion management industry initiative on-line process management responsibilities concepts equivalent benefits develop hours develop start skills experience process years resume initiative job multiple
http,{T0G6-E8SF51PC-8121EBSF},10/26/2010 11:23:38,EDB0714,PC-6103,http://hp.com/WboUhagvat1944152218.jsp,dynamic benefits concepts dynamic experience contribute strong guidance concepts equivalent report expert compensation interface skills required contribute equivalent permanent resume experience relocation degree resume technologies passion years experience benefits resume develop benefits degree people resume team multitask on-line passion technologies starter skills resume platform degree
http,{S3H7-M6NL28BX-4135MRQS},10/26/2010 13:37:28,EDB0714,PC-6103,http://raytheon.com/WboUhagvat343187784.jsp,years degree benefits growth growth strong passion self contribute degree multiple equivalent benefits experience interface benefits starter years required skills growth guidance responsibilities skills degree self contribute platform benefits multiple sales on-line visual benefits team team platform management technologies years dynamic develop platform interface sales team technologies passion
http,{L0W3-E1PH65RB-9570QZJK},10/26/2010 13:58:22,EDB0714,PC-6103,http://craigslist.org/WboUhagvat1105403916.aspx,passion visual on-line platform multitask people compensation platform skills on-time required on-time experience dynamic technologies develop management on-time self start experience skills multiple degree strong analyze develop expert on-time on-time dynamic visual develop equivalent part-time people opening on-time guidance dynamic dynamic people resume dynamic salary required job experience multitask management degree report customer sales people multitask contribute
http,{I5V1-Q8JP01GV-7879CJDU},10/26/2010 15:25:52,EDB0714,PC-6103,http://careerbuilder.com/WboUhagvat660170997.htm,expert team people start concepts develop initiative multiple report opening skills strong benefits contribute sales develop multitask required self interface management required job skills strong strong initiative visual on-line
http,{K6V0-E1HT33ML-0174NBLA},10/27/2010 07:47:22,EDB0714,PC-6103,http://raytheon.com/WboUhagvat343187784.jsp,team strong multitask passion compensation multiple concepts required industry visual required start degree responsibilities multitask hours part-time benefits multitask multitask multitask experience job resume responsibilities required required benefits interface multiple degree passion dynamic strong contribute permanent dynamic customer years report degree hours starter multiple permanent
http,{C2A3-W0QV91BE-9490AHJC},10/27/2010 09:22:16,EDB0714,PC-6103,http://hp.com/WboUhagvat1944152218.jsp,resume experience on-time contribute technologies experience job required management growth people responsibilities self permanent develop concepts customer responsibilities multitask strong start degree guidance guidance required start responsibilities contribute degree skills team initiative expert responsibilities passion degree passion guidance multitask develop job interface guidance experience salary expert industry degree start
email,{A9H6-K6HJ28AP-2437AHCQ},10/27/2010 10:52:19,EDB0714,PC-6103,Wang_Cohen@raytheon.com,,,Eden.Deborah.Ball@dtaa.com,30113,2,resume experience platform contribute management strong responsibilities degree contribute platform initiative on-time required develop required interface team resume strong equivalent opening experience management degree sales concepts permanent equivalent salary on-time responsibilities visual develop resume passion opening experience multiple develop contribute multitask management equivalent required management part-time starter responsibilities degree develop customer process
http,{V3A7-M8LL21MD-4835RDTB},10/27/2010 11:36:52,EDB0714,PC-6103,http://boeing.com/WboUhagvat1904327536.htm,skills opening dynamic required customer customer multitask benefits resume people platform guidance experience required experience multiple opening opening platform self resume compensation required platform required hours opening people process technologies required
http,{K3V7-P5OQ77WI-6290DDZD},10/27/2010 14:09:11,EDB0714,PC-6103,http://careerbuilder.com/WboUhagvat660170997.htm,equivalent team resume guidance platform resume concepts process opening multitask multitask platform guidance customer process required growth concepts experience multitask guidance guidance responsibilities responsibilities process start process skills multiple passion multiple multiple passion degree dynamic team sales resume degree start years years start multiple passion engineer benefits resume management skills
email,{R0G0-O5CF84TO-9101BRCC},10/27/2010 15:21:45,EDB0714,PC-6103,Wang_Cohen@raytheon.com,,,Eden.Deborah.Ball@dtaa.com,22070,0,responsibilities opening management management degree sales team salary contribute industry experience years people sales skills compensation compensation technologies interface years skills required initiative growth resume sales equivalent on-line initiative call dynamic people multitask benefits people multitask required responsibilities job years initiative initiative multitask management multitask opening years job develop technologies
email,{S8D0-G6LS70XE-2179CEFZ},10/27/2010 15:29:33,EDB0714,PC-6103,Wang_Cohen@raytheon.com,,,Eden.Deborah.Ball@dtaa.com,27181,0,concepts platform contribute platform required sales growth job contribute start opening experience experience expert initiative management engineer multiple sales responsibilities recruiter resume customer multitask initiative compensation degree strong multitask opening engineer strong on-line interface opening benefits resume initiative required platform multiple years team resume required develop dynamic skills visual permanent industry engineer initiative on-time degree
http,{I6N6-T8PI18IB-8955VJCM},10/27/2010 16:09:35,EDB0714,PC-6103,http://aol.com/jobs/WboUhagvat1963819229.jsp,multiple responsibilities job concepts technologies job start experience salary responsibilities self contribute hours passion technologies skills resume analyze multitask resume self years permanent multiple skills experience guidance people team job required opening platform years process industry relocation sales team strong salary develop required resume industry multiple starter engineer resume job process concepts guidance team guidance hours industry industry interface
email,{F9P9-J5FE57GK-9849CHMJ},10/28/2010 08:02:19,EDB0714,PC-6103,Wang_Cohen@raytheon.com,,,Eden.Deborah.Ball@dtaa.com,27648,0,experience develop required on-time experience customer analyze start technologies management industry analyze skills strong management analyze required concepts job years industry industry start recruiter team growth multitask technologies equivalent management industry analyze hours people skills growth required experience concepts permanent equivalent years on-time starter opening technologies develop technologies dynamic permanent customer initiative report customer responsibilities strong years
http,{S4U7-P7GS19YG-1532HKQH},10/28/2010 08:12:25,EDB0714,PC-6103,http://careerbuilder.com/WboUhagvat660170997.htm,opening platform skills develop years sales contribute equivalent skills customer concepts on-line responsibilities on-time skills job concepts opening multitask on-line concepts skills visual sales expert dynamic permanent industry multiple multiple dynamic start industry equivalent job people contribute management degree compensation self skills resume responsibilities expert on-time develop experience develop start customer permanent equivalent dynamic sales multitask
http,{C9S4-Y3TH52CW-1345YOCT},10/28/2010 09:38:42,EDB0714,PC-6103,http://job-hunt.org/WboUhagvat919122234.html,self team team platform management experience permanent industry responsibilities on-time years customer required benefits experience customer people starter experience permanent compensation platform equivalent responsibilities multitask required customer growth report compensation initiative industry opening passion dynamic opening call required degree experience process compensation degree interface skills platform
http,{Z9M3-I1BW08FG-5984JHRG},10/28/2010 10:37:04,EDB0714,PC-6103,http://boeing.com/WboUhagvat1904327536.htm,benefits equivalent multiple customer recruiter years contribute multitask people experience guidance resume guidance concepts benefits experience guidance analyze develop responsibilities resume growth contribute technologies management salary start guidance customer required guidance multiple dynamic resume degree strong responsibilities opening report contribute self degree responsibilities start permanent growth growth develop opening growth concepts years initiative
http,{D9R8-M5EE13JE-1996YFFT},10/28/2010 10:51:23,EDB0714,PC-6103,http://northropgrumman.com/WboUhagvat572113271.aspx,contribute customer required develop degree equivalent required sales on-line benefits management benefits on-line report part-time team years people years responsibilities platform industry technologies contribute skills part-time develop resume develop concepts responsibilities hours management growth initiative passion multitask job resume equivalent industry resume part-time call on-line platform skills contribute platform benefits people recruiter sales experience benefits degree permanent experience passion contribute required sales required
http,{O4A2-V9FD53WS-7737WZLB},10/28/2010 11:10:33,EDB0714,PC-6103,http://jobhuntersbible.com/WboUhagvat1258877042.aspx,salary guidance initiative years self benefits concepts growth multitask people skills concepts platform multitask resume sales passion concepts technologies industry platform skills contribute report degree benefits benefits contribute passion contribute skills equivalent self recruiter team required visual resume equivalent benefits part-time report multitask on-time salary technologies responsibilities passion expert equivalent strong resume dynamic multitask
http,{N8L3-B7WZ52YQ-3453RYMZ},10/28/2010 11:42:38,EDB0714,PC-6103,http://aol.com/jobs/WboUhagvat1963819229.jsp,concepts experience skills skills platform people job growth start skills multiple self degree permanent contribute passion concepts team required required multitask job growth sales salary growth dynamic team guidance skills dynamic hours team start start equivalent responsibilities permanent interface dynamic dynamic sales job management degree required start management customer passion multiple self team responsibilities benefits people equivalent interface contribute required start concepts management dynamic
http,{T0P4-I3WV73PP-9292ZBML},10/28/2010 14:46:13,EDB0714,PC-6103,http://northropgrumman.com/WboUhagvat572113271.aspx,benefits degree salary on-time benefits passion responsibilities platform concepts team interface analyze management degree dynamic required guidance responsibilities job experience hours management growth process starter interface starter benefits sales multiple hours multiple permanent expert job team required growth part-time years customer part-time required start skills years guidance required sales
http,{G0O9-P4IN40DX-9042QFXF},10/29/2010 13:15:08,EDB0714,PC-6103,http://craigslist.org/WboUhagvat1105403916.aspx,multiple customer compensation job degree interface expert start customer industry on-time multiple people skills process permanent multitask report process degree permanent growth on-time develop customer platform resume experience concepts expert degree growth permanent compensation develop report hours team customer required contribute experience interface develop concepts initiative industry call call industry industry
http,{L2J8-M8DI79QR-5317FBIR},11/01/2010 07:57:39,EDB0714,PC-6103,http://hp.com/WboUhagvat1944152218.jsp,job compensation hours passion strong passion required report sales growth multitask opening guidance degree equivalent platform required self resume start industry resume multitask dynamic report opening skills opening self required job permanent job required customer compensation start required responsibilities team
email,{B3X7-Y7TW18KX-1780AHAZ},11/01/2010 08:30:11,EDB0714,PC-6103,Wang_Cohen@raytheon.com,,,Eden.Deborah.Ball@dtaa.com,21532,0,responsibilities opening equivalent years start multiple platform resume expert experience team experience team technologies multitask platform years permanent equivalent experience platform passion responsibilities hours platform job part-time initiative contribute technologies growth opening technologies concepts report report people management expert multitask start on-time industry job guidance develop strong visual part-time years responsibilities degree degree platform sales responsibilities
http,{B3T6-C9EL69FY-5783MTTH},11/01/2010 09:35:58,EDB0714,PC-6103,http://northropgrumman.com/WboUhagvat572113271.aspx,customer experience report passion expert growth responsibilities multiple multiple job dynamic analyze resume job industry strong dynamic experience concepts sales experience resume compensation guidance multiple strong expert initiative starter part-time required skills experience engineer relocation customer skills experience resume strong compensation management required guidance strong sales strong required passion required skills compensation
email,{U0O4-Q5CN79NX-9572BHOS},11/01/2010 12:48:36,EDB0714,PC-6103,Wang_Cohen@raytheon.com,,,Eden.Deborah.Ball@dtaa.com,22169,0,customer concepts concepts passion passion growth passion experience contribute self team strong platform team report multitask expert skills growth years responsibilities process benefits responsibilities passion skills multitask required report years on-time technologies contribute sales responsibilities opening interface equivalent
http,{Z6X8-X7RN83XN-6220BKTO},11/01/2010 13:42:56,EDB0714,PC-6103,http://simplyhired.com/WboUhagvat57469130.jsp,required expert job expert people customer benefits on-line dynamic multiple concepts dynamic dynamic multitask guidance multitask strong required technologies resume strong contribute starter develop hours multiple interface degree team degree skills strong team part-time benefits interface self
email,{U2N4-J4YV24NU-4198ZUQW},11/01/2010 13:53:39,EDB0714,PC-6103,Wang_Cohen@raytheon.com,,,Eden.Deborah.Ball@dtaa.com,17378,1,multitask dynamic process team develop multiple platform degree people management growth growth multitask technologies on-time salary team customer expert passion salary customer contribute sales guidance required customer degree passion contribute expert job resume hours salary on-time on-time develop technologies years strong required team team job people required
http,{R2I7-U4VA82RI-3600WGLP},11/01/2010 15:37:26,EDB0714,PC-6103,http://harris.com/WboUhagvat1919385663.htm,multitask industry resume contribute call recruiter recruiter concepts analyze permanent skills experience develop strong required technologies interface contribute team concepts years compensation sales resume hours management initiative hours initiative required resume multitask experience team platform job responsibilities equivalent degree process team part-time resume strong strong experience call technologies start multitask initiative report industry team skills
http,{Z7W9-Y7WG71CO-8260AMQQ},11/01/2010 16:14:34,EDB0714,PC-6103,http://monster.com/WboUhagvat1180707852.html,on-line multiple responsibilities multitask visual interface start contribute resume concepts call start experience initiative equivalent benefits interface expert engineer people technologies interface dynamic technologies resume required multitask start permanent call degree guidance multitask industry initiative opening required responsibilities develop starter salary resume benefits multiple growth years technologies degree industry customer required interface required equivalent guidance permanent benefits years required opening permanent strong initiative job
http,{C2S2-F7IS72NE-1665MCDJ},11/02/2010 07:52:14,EDB0714,PC-6103,http://boeing.com/WboUhagvat1904327536.htm,concepts responsibilities interface on-line industry customer team engineer required team years guidance develop multiple resume expert experience required responsibilities salary develop team start customer interface job skills sales resume on-time expert resume part-time multiple resume
http,{G6X6-D9DW28MS-3891NMGD},11/02/2010 08:44:23,EDB0714,PC-6103,http://jobhuntersbible.com/WboUhagvat1258877042.aspx,responsibilities guidance call technologies customer degree develop opening on-line opening experience develop technologies develop benefits technologies interface growth dynamic initiative years contribute sales sales initiative multiple process permanent sales sales multitask experience process degree degree sales platform
http,{G3D9-Q1TA75IG-6728DSWY},11/02/2010 09:16:29,EDB0714,PC-6103,http://aol.com/jobs/WboUhagvat1963819229.jsp,analyze benefits equivalent sales skills strong guidance interface technologies opening platform develop industry experience contribute industry on-line concepts people guidance guidance skills job multiple team compensation sales experience platform multitask people concepts opening growth develop industry degree compensation starter resume hours
http,{S3E4-W8OF32IZ-1789YVSE},11/02/2010 11:57:50,EDB0714,PC-6103,http://lockheedmartin.com/WboUhagvat1636367808.htm,resume opening contribute skills sales start benefits develop guidance management experience develop multitask customer sales people multitask guidance growth develop job salary equivalent job self concepts visual opening industry degree contribute passion contribute customer concepts multitask multitask growth experience sales growth hours responsibilities responsibilities years customer responsibilities years responsibilities responsibilities degree initiative benefits
http,{I7D0-E6TM83JP-5786QJQT},11/02/2010 12:18:58,EDB0714,PC-6103,http://lockheedmartin.com/WboUhagvat1636367808.htm,years report starter customer strong customer customer on-time experience contribute benefits contribute experience responsibilities required sales expert expert people opening people equivalent strong multiple skills growth technologies equivalent contribute equivalent equivalent passion multiple degree years analyze experience team technologies develop process benefits team dynamic
http,{S9M4-Z7DO13DI-6027PBLP},11/02/2010 14:36:01,EDB0714,PC-6103,http://simplyhired.com/WboUhagvat57469130.jsp,start initiative compensation concepts equivalent job on-line starter process develop start opening skills growth growth management degree experience contribute years people dynamic skills platform technologies platform platform people platform concepts concepts start analyze growth dynamic opening years concepts skills analyze industry start report skills years guidance
http,{U2O1-M9DT70FN-9812BNVI},11/02/2010 14:47:39,EDB0714,PC-6103,http://aol.com/jobs/WboUhagvat1963819229.jsp,responsibilities sales multiple passion benefits management expert industry responsibilities responsibilities customer team years growth on-time expert technologies team develop resume experience team customer opening industry expert skills concepts platform responsibilities required responsibilities concepts report experience concepts permanent people team industry develop sales customer sales required skills dynamic contribute skills
http,{Z6V1-J0ED44UD-9727BVMR},11/03/2010 07:57:35,EDB0714,PC-6103,http://monster.com/WboUhagvat1180707852.html,growth people resume equivalent experience required visual job passion management interface contribute responsibilities team required report skills benefits visual concepts degree customer multiple opening resume strong part-time salary experience hours benefits degree dynamic multiple report multitask growth opening degree report on-line degree technologies multiple multitask start industry platform people develop multitask initiative process job dynamic resume benefits
http,{H6A4-F1FO78RQ-2372IYQY},11/03/2010 08:43:43,EDB0714,PC-6103,http://hp.com/WboUhagvat1944152218.jsp,years required industry people job develop required passion hours start team expert process technologies contribute guidance salary dynamic strong start contribute sales benefits skills industry team multitask salary expert years initiative visual resume industry multiple people experience sales equivalent industry equivalent expert passion
http,{V9R7-V3XJ80OD-3776XMQI},11/03/2010 10:47:05,EDB0714,PC-6103,http://monster.com/WboUhagvat1180707852.html,team guidance contribute equivalent multitask multitask guidance benefits visual salary resume technologies benefits management required management degree skills analyze analyze platform concepts on-time process required guidance experience required develop contribute management responsibilities
http,{T2D0-D6KS84HZ-5367NPXZ},11/03/2010 11:30:26,EDB0714,PC-6103,http://jobhuntersbible.com/WboUhagvat1258877042.aspx,guidance customer platform degree salary management sales responsibilities growth contribute sales expert job experience benefits develop responsibilities analyze concepts customer analyze industry opening required team strong part-time opening responsibilities years resume analyze team opening growth industry on-time platform dynamic platform people multiple responsibilities develop permanent start resume passion sales develop responsibilities concepts contribute on-time develop skills permanent years interface platform start
http,{Z6L4-C6CC09BS-1911FXUZ},11/03/2010 13:29:39,EDB0714,PC-6103,http://northropgrumman.com/WboUhagvat572113271.aspx,degree interface required multiple initiative on-line opening growth self team interface industry required start benefits customer customer degree opening skills skills resume multitask expert guidance growth growth engineer permanent opening dynamic years people passion strong experience multiple analyze industry permanent start guidance required experience relocation team concepts degree interface initiative contribute multitask
http,{M6T2-X3SY99EQ-7559GTBL},11/03/2010 15:31:31,EDB0714,PC-6103,http://raytheon.com/WboUhagvat343187784.jsp,industry platform multitask years management required skills passion concepts experience platform team resume guidance strong permanent resume benefits passion develop skills years initiative guidance passion start on-time experience passion skills resume self technologies people multitask develop develop multitask expert required skills sales strong analyze part-time passion platform initiative required strong sales team develop on-time growth responsibilities multitask
http,{E5R0-Z3OG60CC-4768FOCY},11/03/2010 16:03:20,EDB0714,PC-6103,http://harris.com/WboUhagvat1919385663.htm,sales people platform people skills customer responsibilities part-time platform required passion multiple opening develop industry team people responsibilities initiative passion permanent skills multiple resume report guidance management team customer contribute multiple people on-time industry job sales required on-time report develop salary platform start engineer interface
http,{G6H3-K3YT27NV-9773WNMK},11/04/2010 12:30:30,EDB0714,PC-6103,http://monster.com/WboUhagvat1180707852.html,concepts people team starter multiple relocation job starter growth growth experience resume opening management sales years resume industry passion multitask engineer people industry years benefits expert concepts required platform hours start call responsibilities process resume starter management degree develop technologies analyze concepts self opening strong customer
http,{Q3F7-E5WY73UQ-3981XGLB},11/04/2010 15:11:08,EDB0714,PC-6103,http://northropgrumman.com/WboUhagvat572113271.aspx,degree benefits on-time job years concepts team develop hours guidance required job concepts experience customer passion self management guidance interface equivalent industry guidance industry equivalent experience strong interface start resume experience equivalent multitask equivalent engineer customer growth contribute growth sales
email,{L6K9-N5EB54XK-7665SHMP},11/05/2010 07:45:45,EDB0714,PC-6103,Wang_Cohen@raytheon.com,,,Eden.Deborah.Ball@dtaa.com,19188,0,compensation benefits salary relocation industry experience multiple industry industry contribute sales growth contribute initiative responsibilities self contribute multitask experience degree experience people management on-time strong multiple degree multitask platform required platform required job degree responsibilities job resume job
http,{B2C2-R2VL70MP-9771DKEP},11/05/2010 10:03:08,EDB0714,PC-6103,http://yahoo.com/hotjobs/WboUhagvat752138490.php,industry equivalent skills report initiative multiple platform report platform passion years start permanent sales guidance analyze strong technologies self contribute responsibilities opening equivalent experience develop concepts years experience self technologies sales hours degree skills skills industry degree
http,{V6T9-B9SX96NO-9664SUQE},11/05/2010 10:28:47,EDB0714,PC-6103,http://jobhuntersbible.com/WboUhagvat1258877042.aspx,people sales opening industry years concepts management platform dynamic start multitask start compensation initiative salary opening multitask interface resume management resume part-time engineer multiple passion required management resume years experience expert management experience contribute technologies customer experience skills people guidance analyze management skills multitask concepts years permanent expert
email,{S2F4-F5ZL53EI-0196ZKCR},11/05/2010 11:13:48,EDB0714,PC-6103,Wang_Cohen@raytheon.com,,,Eden.Deborah.Ball@dtaa.com,24465,0,technologies experience resume guidance industry industry part-time required management on-line develop growth develop technologies part-time on-line multiple industry report growth skills multitask develop responsibilities contribute strong years degree resume concepts contribute responsibilities multitask required guidance strong passion customer multiple passion customer analyze equivalent benefits on-time multitask contribute sales multitask hours team industry interface dynamic strong opening on-time permanent responsibilities concepts strong part-time
http,{B8M5-Y4GD55CD-0179KKHA},11/05/2010 12:10:59,EDB0714,PC-6103,http://careerbuilder.com/WboUhagvat660170997.htm,multiple interface guidance resume skills on-time guidance engineer permanent responsibilities dynamic degree management report develop skills permanent contribute sales skills passion interface compensation job years people expert customer team concepts compensation platform resume benefits experience experience management multitask relocation experience technologies dynamic
email,{Z7I8-J4KK34VN-4050HAZA},11/05/2010 14:43:27,EDB0714,PC-6103,Wang_Cohen@raytheon.com,,,Eden.Deborah.Ball@dtaa.com,16999,1,dynamic management industry resume opening multitask platform experience report passion management equivalent multitask team industry guidance contribute sales strong industry part-time report expert on-line on-time team multitask growth salary required multiple develop management initiative
http,{Z3E5-B6LW04TJ-6207TIUT},11/05/2010 16:18:41,EDB0714,PC-6103,http://boeing.com/WboUhagvat1904327536.htm,multitask multitask interface management team guidance equivalent multitask develop develop part-time multitask people multiple job growth permanent interface starter equivalent years resume contribute passion resume technologies visual team skills required experience degree required customer resume visual concepts sales degree team hours degree sales contribute benefits platform contribute contribute strong interface opening growth self
http,{E3G7-G4BJ82OC-1570YMMM},11/08/2010 09:15:59,EDB0714,PC-6103,http://job-hunt.org/WboUhagvat919122234.html,develop salary experience required growth platform strong multitask years concepts platform platform responsibilities experience required initiative degree concepts process part-time engineer skills degree opening multiple analyze industry management passion permanent degree analyze recruiter years management required interface customer develop degree interface benefits recruiter initiative management responsibilities skills multitask opening degree analyze multiple interface
email,{X5E9-W0UJ05NE-9430CQWI},11/08/2010 10:00:36,EDB0714,PC-6103,Wang_Cohen@raytheon.com,,,Eden.Deborah.Ball@dtaa.com,21059,0,responsibilities experience required degree platform resume contribute degree skills experience contribute concepts skills part-time process resume permanent technologies experience management industry responsibilities technologies multiple compensation contribute required contribute permanent guidance responsibilities initiative platform required resume people opening management team benefits dynamic customer customer experience management management develop
http,{T4M8-I3DU33JW-4467QCBB},11/08/2010 10:13:57,EDB0714,PC-6103,http://boeing.com/WboUhagvat1904327536.htm,compensation resume passion part-time industry report call experience guidance interface skills multitask start passion job customer contribute benefits relocation dynamic technologies experience on-time management customer compensation customer opening initiative equivalent team sales on-time responsibilities process contribute multitask initiative concepts experience management team passion job responsibilities years years years guidance start report growth multitask customer guidance responsibilities management required process customer guidance years multiple permanent dynamic years experience resume job
http,{S0Y9-F3CO08RS-0645KLZY},11/08/2010 10:55:30,EDB0714,PC-6103,http://aol.com/jobs/WboUhagvat1963819229.jsp,platform contribute contribute people multitask degree resume guidance passion sales initiative compensation sales team multiple experience years multiple team develop equivalent contribute contribute strong multitask develop process growth experience interface permanent people compensation multitask self benefits multitask strong develop skills technologies job technologies sales relocation concepts degree degree
http,{V3H2-G3LJ50QE-4794YGUQ},11/08/2010 10:58:52,EDB0714,PC-6103,http://job-hunt.org/WboUhagvat919122234.html,job degree strong skills job benefits platform hours compensation responsibilities degree customer initiative customer on-time skills degree multitask management multiple skills team skills skills contribute degree multiple compensation responsibilities opening sales initiative platform team sales compensation responsibilities equivalent interface multitask develop years team job sales experience people develop start industry process people team degree team customer salary team resume
http,{I8F9-D4FZ15YP-0526NXHN},11/08/2010 11:28:57,EDB0714,PC-6103,http://raytheon.com/WboUhagvat343187784.jsp,report process years guidance management experience equivalent develop strong expert strong industry experience multitask team analyze recruiter management concepts multiple passion degree dynamic equivalent growth opening on-time dynamic multiple skills benefits sales skills guidance develop sales industry required management interface engineer on-time self job customer call responsibilities
http,{C4I1-B2TS32WA-1407HANK},11/08/2010 12:28:06,EDB0714,PC-6103,http://linkedin.com/WboUhagvat1479839504.aspx,resume industry report passion responsibilities develop experience expert resume dynamic job skills on-line contribute part-time resume people management growth technologies growth guidance required people guidance years interface initiative benefits resume industry opening self job experience guidance years
email,{M2P4-C3WX48LO-8164HDLA},11/08/2010 12:41:10,EDB0714,PC-6103,Wang_Cohen@raytheon.com,,,Eden.Deborah.Ball@dtaa.com,31502,2,start sales analyze multitask technologies strong job on-time job growth develop experience sales multiple opening multiple salary passion passion compensation resume opening
http,{C6G3-Z7VJ15XB-1257DCMP},11/08/2010 13:49:27,EDB0714,PC-6103,http://careerbuilder.com/WboUhagvat660170997.htm,team sales expert expert multitask team experience growth start multiple team initiative management contribute skills start multitask required equivalent sales technologies job skills process benefits concepts sales experience degree dynamic opening start management dynamic skills job customer responsibilities degree industry industry degree compensation contribute years growth starter technologies passion industry concepts contribute job growth on-time resume degree
http,{E6K5-Q8WL24UD-1687AVTW},11/08/2010 14:42:01,EDB0714,PC-6103,http://monster.com/WboUhagvat1180707852.html,team team initiative sales passion contribute experience call equivalent resume self interface industry technologies permanent compensation team people dynamic part-time people customer experience years responsibilities dynamic people passion multitask self industry platform initiative dynamic required opening required customer team experience concepts report opening
http,{M4L9-C0LJ48QM-7358OLXG},11/08/2010 16:10:34,EDB0714,PC-6103,http://monster.com/WboUhagvat1180707852.html,interface call salary required multiple starter initiative opening equivalent industry contribute develop concepts initiative expert start people skills expert multitask platform hours benefits required multiple on-time skills years growth job hours multitask develop multitask skills start strong opening dynamic team initiative experience interface job industry guidance skills opening technologies starter growth industry degree multitask multitask benefits hours permanent report visual on-time benefits
email,{F1Z0-G2TW30ZY-4626RFIS},11/08/2010 16:14:21,EDB0714,PC-6103,Wang_Cohen@raytheon.com,,,Eden.Deborah.Ball@dtaa.com,39674,1,job required expert team interface skills benefits multitask expert resume salary concepts sales team benefits visual experience platform interface self growth technologies engineer on-time engineer resume industry develop expert platform team process responsibilities benefits develop required contribute interface customer report technologies resume skills job hours team analyze passion customer interface sales multiple equivalent years initiative degree hours resume management concepts resume skills opening required required benefits contribute management
http,{M6Z2-J9IV07IA-1104YSYN},11/09/2010 08:22:39,EDB0714,PC-6103,http://aol.com/jobs/WboUhagvat1963819229.jsp,people responsibilities opening expert process resume years start team multiple compensation years skills develop on-time self benefits self concepts responsibilities degree contribute experience guidance on-time contribute management on-time technologies salary experience guidance benefits part-time platform engineer customer technologies required technologies responsibilities compensation management strong degree strong resume customer customer
http,{U6E7-O0FG09RS-3575VSOJ},11/09/2010 11:31:11,EDB0714,PC-6103,http://aol.com/jobs/WboUhagvat1963819229.jsp,people expert multitask platform required degree benefits visual initiative years expert benefits compensation dynamic process develop benefits passion concepts people multitask on-time required skills required passion resume concepts customer concepts sales passion experience skills opening equivalent analyze
http,{D5R4-X6AR18GX-7593RWXL},11/09/2010 14:08:06,EDB0714,PC-6103,http://linkedin.com/WboUhagvat1479839504.aspx,customer multiple years growth years people growth compensation on-time concepts contribute starter starter industry platform compensation develop analyze management start experience job years self sales analyze platform starter industry sales hours start concepts process multitask expert platform growth develop experience
http,{U4F3-E8ON66VY-8972NHVZ},11/10/2010 08:52:01,EDB0714,PC-6103,http://job-hunt.org/WboUhagvat919122234.html,experience develop resume permanent skills responsibilities develop analyze contribute visual required concepts permanent responsibilities sales dynamic concepts initiative equivalent customer process analyze equivalent management skills resume compensation guidance customer develop passion compensation permanent sales job resume concepts people technologies multitask opening platform experience engineer management initiative contribute customer responsibilities years team multiple contribute team report management develop people contribute job multitask years start technologies people sales
http,{T9A8-P2XJ97NB-8340CTPG},11/10/2010 13:50:00,EDB0714,PC-6103,http://aol.com/jobs/WboUhagvat1963819229.jsp,skills people multiple hours expert responsibilities strong people concepts hours management management multitask engineer resume technologies growth passion responsibilities growth equivalent permanent management resume start platform expert analyze customer start multiple people equivalent required process start platform skills initiative start contribute start equivalent multitask expert skills resume skills multitask starter compensation industry required strong resume technologies permanent sales multiple analyze degree passion
http,{W4V8-O9SP46KV-1850ANMJ},11/10/2010 14:33:43,EDB0714,PC-6103,http://boeing.com/WboUhagvat1904327536.htm,multiple develop multiple experience dynamic responsibilities required recruiter experience contribute platform industry start required equivalent contribute passion required multiple team responsibilities hours develop team platform customer multiple benefits permanent experience develop passion initiative develop analyze customer benefits resume management passion required opening multiple initiative growth sales sales develop strong job dynamic contribute starter develop opening dynamic opening engineer initiative starter skills part-time
http,{U0A3-P2UE13SN-3883HOJY},11/11/2010 09:40:58,EDB0714,PC-6103,http://raytheon.com/WboUhagvat343187784.jsp,sales industry years call guidance benefits process growth strong process experience team develop multitask years sales team resume process passion report industry equivalent customer on-line customer years degree on-time develop responsibilities process starter responsibilities develop platform hours passion passion experience resume team multitask team job interface expert interface multitask start start multitask equivalent passion initiative guidance
http,{D5Z5-F5HS27CU-1880QUEH},11/11/2010 11:33:23,EDB0714,PC-6103,http://simplyhired.com/WboUhagvat57469130.jsp,multiple contribute multitask skills experience concepts process resume customer develop on-time resume develop strong passion dynamic opening sales expert compensation opening contribute skills skills benefits required on-line opening interface management experience resume guidance degree years required resume years years opening compensation multitask process
http,{O0U5-F1ZE42ZK-7214WUMG},11/11/2010 11:54:30,EDB0714,PC-6103,http://simplyhired.com/WboUhagvat57469130.jsp,part-time part-time self people on-line dynamic salary responsibilities contribute industry experience resume people experience degree dynamic responsibilities degree job industry job growth interface equivalent report people passion job strong initiative years resume platform job permanent contribute opening salary initiative growth interface team multiple on-time skills
http,{A8O1-Y5PO05YJ-9398DXZO},11/11/2010 13:57:23,EDB0714,PC-6103,http://lockheedmartin.com/WboUhagvat1636367808.htm,sales sales guidance interface guidance required resume skills years degree growth customer equivalent multiple years dynamic visual expert contribute multiple starter analyze multiple dynamic years skills technologies responsibilities required customer salary multiple multitask contribute start engineer years expert required experience
http,{X1M5-M4VD63WF-3463TETU},11/11/2010 14:27:08,EDB0714,PC-6103,http://job-hunt.org/WboUhagvat919122234.html,benefits sales job interface develop dynamic people customer skills required strong recruiter customer skills resume platform develop management responsibilities concepts years team team contribute strong hours salary required multiple platform self resume hours multitask years dynamic experience starter growth self
email,{D6L1-E6DR53NH-5842NHNX},11/11/2010 15:16:46,EDB0714,PC-6103,Wang_Cohen@raytheon.com,,,Eden.Deborah.Ball@dtaa.com,30668,0,industry technologies years experience contribute start industry customer growth contribute customer opening customer resume required skills multitask permanent analyze team start growth multitask report strong growth team benefits strong part-time guidance management required initiative develop years passion responsibilities develop sales analyze dynamic job resume recruiter guidance contribute responsibilities multiple compensation people technologies team contribute strong team contribute resume job multitask job platform develop multiple platform
http,{B6W5-S3HB71LA-7646MNLJ},11/11/2010 15:52:56,EDB0714,PC-6103,http://lockheedmartin.com/WboUhagvat1636367808.htm,visual equivalent required people report multiple platform team dynamic on-line industry customer concepts industry management team responsibilities benefits expert team interface on-time compensation growth
http,{B1G5-B9FK64LF-4656BQPO},11/11/2010 16:32:09,EDB0714,PC-6103,http://raytheon.com/WboUhagvat343187784.jsp,interface growth industry equivalent start start skills self equivalent sales passion opening expert management guidance resume permanent engineer growth sales benefits interface opening growth initiative start management required years team job required job concepts platform contribute dynamic concepts multitask technologies platform process interface multitask multiple permanent years contribute
http,{E5N9-Y1NO68SJ-4618LFVO},11/12/2010 08:15:37,EDB0714,PC-6103,http://linkedin.com/WboUhagvat1479839504.aspx,multiple passion analyze concepts sales interface management relocation process years self start interface initiative growth analyze equivalent required growth dynamic people skills multiple salary responsibilities contribute passion responsibilities initiative years skills technologies platform concepts required experience engineer concepts
http,{Y6E8-K7DP85RS-5649XZWR},11/12/2010 09:24:42,EDB0714,PC-6103,http://boeing.com/WboUhagvat1904327536.htm,start skills job job equivalent strong multitask starter resume customer sales benefits resume platform on-line industry team platform responsibilities passion skills multitask expert degree job analyze interface customer part-time required engineer process years salary expert experience visual initiative job required responsibilities growth self contribute industry team customer contribute degree interface management industry skills salary
http,{X4M4-J9QS23ND-2136OMFD},11/12/2010 11:28:40,EDB0714,PC-6103,http://yahoo.com/hotjobs/WboUhagvat752138490.php,expert passion growth concepts benefits equivalent report concepts resume management contribute years equivalent process resume growth skills multitask resume technologies starter growth contribute industry experience dynamic start required passion concepts management skills growth benefits required compensation
http,{J0T2-P1OQ51LP-6420RLKV},11/12/2010 11:55:46,EDB0714,PC-6103,http://northropgrumman.com/WboUhagvat572113271.aspx,skills passion industry initiative resume resume opening required equivalent start resume team industry customer customer equivalent skills expert develop multitask team technologies analyze equivalent job degree people years industry start salary team required multitask contribute years self resume report skills compensation strong technologies degree hours technologies required benefits technologies sales degree resume years dynamic
http,{V2U6-G1GZ90BN-6216LJKW},11/12/2010 12:45:56,EDB0714,PC-6103,http://harris.com/WboUhagvat1919385663.htm,strong responsibilities passion sales benefits platform develop degree management responsibilities people management interface growth dynamic platform self industry responsibilities permanent required platform team initiative management concepts experience on-line responsibilities on-line skills degree permanent contribute years resume years report multiple years skills job concepts part-time sales years develop people concepts guidance develop resume multitask interface experience experience equivalent platform hours interface salary skills platform required skills
http,{X2M9-Q0FG37FP-2077FUMB},11/12/2010 14:30:12,EDB0714,PC-6103,http://lockheedmartin.com/WboUhagvat1636367808.htm,required resume compensation years platform equivalent job sales strong opening required resume guidance benefits contribute degree analyze multiple interface platform customer years job benefits recruiter required initiative responsibilities initiative resume guidance guidance multiple concepts concepts people interface required growth on-time responsibilities job report required
http,{X6A4-O7PJ91WE-9707RUOB},11/15/2010 09:03:06,EDB0714,PC-6103,http://harris.com/WboUhagvat1919385663.htm,multitask years salary opening multitask strong degree customer degree experience management opening degree technologies required team skills dynamic opening resume report on-line sales experience report concepts resume years develop process resume people technologies job benefits people interface multiple interface job people customer skills
http,{N4X1-U8RD12YY-1518DKAC},11/15/2010 09:33:52,EDB0714,PC-6103,http://raytheon.com/WboUhagvat343187784.jsp,platform strong platform customer management relocation degree expert multitask resume team multitask strong visual platform dynamic develop technologies strong recruiter on-time hours passion growth resume growth multiple experience multitask opening guidance technologies experience technologies required initiative contribute process growth concepts customer multitask job multiple years degree contribute strong guidance multitask concepts benefits equivalent passion years concepts technologies platform skills team
email,{D5Z5-Y2PE39DH-6025BKLZ},11/15/2010 09:55:19,EDB0714,PC-6103,Wang_Cohen@raytheon.com,,,Eden.Deborah.Ball@dtaa.com,73503,0,management years skills resume permanent multiple interface multiple strong growth interface interface salary customer platform required visual permanent engineer interface benefits multitask analyze required sales relocation sales equivalent experience passion years technologies contribute skills hours years industry degree permanent equivalent management job concepts report growth opening concepts starter dynamic guidance job skills develop sales customer responsibilities compensation skills required opening job develop initiative experience
http,{J4B4-Y5LN69GT-0414WFEI},11/15/2010 10:05:40,EDB0714,PC-6103,http://lockheedmartin.com/WboUhagvat1636367808.htm,contribute industry multiple required permanent relocation equivalent responsibilities relocation guidance multitask required sales on-time multiple team skills develop initiative permanent start interface resume concepts opening starter process years start multitask start customer part-time technologies initiative technologies analyze years platform concepts strong sales platform strong platform permanent resume people required analyze customer guidance years experience multitask concepts resume years
http,{V5B7-O1IN38IP-4290OTZJ},11/15/2010 10:21:23,EDB0714,PC-6103,http://boeing.com/WboUhagvat1904327536.htm,engineer starter opening expert report starter benefits dynamic required develop multitask strong team platform responsibilities management skills report process start permanent responsibilities permanent job skills multiple engineer customer process years process job develop industry on-time platform
email,{C4W4-X0ZN85VS-4855ZRSU},11/15/2010 13:54:49,EDB0714,PC-6103,Wang_Cohen@raytheon.com,,,Eden.Deborah.Ball@dtaa.com,19550,1,years industry team report start experience concepts resume years resume visual dynamic people interface equivalent team initiative passion job industry self part-time develop degree opening multiple industry dynamic required multitask hours start concepts report responsibilities start team starter multiple experience concepts technologies customer concepts experience job platform multiple multitask skills responsibilities technologies team
email,{Y1M5-H5SD11RQ-1714ECBK},11/15/2010 15:03:02,EDB0714,PC-6103,Wang_Cohen@raytheon.com,,,Eden.Deborah.Ball@dtaa.com,30663,2,degree starter experience industry years experience experience technologies job team equivalent industry concepts contribute concepts starter management dynamic permanent sales growth people benefits on-line years hours strong process concepts multitask interface skills engineer customer compensation skills starter strong report job job customer management benefits technologies years contribute concepts process permanent responsibilities team benefits analyze
http,{B1Y7-D9ZY71RB-8303SVMX},11/15/2010 16:11:52,EDB0714,PC-6103,http://hp.com/WboUhagvat1944152218.jsp,skills initiative interface start expert customer resume platform experience management process industry management hours required experience interface analyze expert initiative technologies strong growth benefits start resume degree growth develop self initiative process develop start benefits required growth multitask responsibilities hours platform analyze start passion benefits responsibilities
http,{E2N0-G0HY30QG-6816GVPW},11/15/2010 16:41:55,EDB0714,PC-6103,http://job-hunt.org/WboUhagvat919122234.html,platform management guidance sales on-time equivalent job expert experience platform sales start people call resume years skills required skills engineer multiple process dynamic equivalent multitask platform guidance job responsibilities develop responsibilities passion responsibilities contribute process dynamic dynamic starter years industry hours platform people strong multiple growth management
http,{S7I8-W3MC01TA-8376VHFR},11/16/2010 08:11:59,EDB0714,PC-6103,http://indeed.com/WboUhagvat1680703797.html,starter benefits hours growth equivalent expert dynamic starter visual technologies opening sales multitask strong management passion initiative start multiple dynamic multitask team opening platform experience dynamic guidance experience resume contribute required contribute industry self resume platform starter interface benefits required multitask resume on-time report resume multitask technologies years skills on-time required platform job permanent technologies team contribute years
device,{K4N5-Y9MY25ZT-2811BQJT},11/16/2010 08:57:03,EDB0714,PC-6103,Connect
http,{C0G1-R2RL79DJ-6515RVDM},11/16/2010 09:24:42,EDB0714,PC-6103,http://aol.com/jobs/WboUhagvat1963819229.jsp,start people responsibilities interface develop multiple permanent concepts sales opening platform starter strong develop resume growth skills job multiple experience develop report management initiative initiative multitask report compensation benefits passion passion required degree technologies call report multitask experience hours technologies multitask skills resume call initiative resume people dynamic multiple
http,{Z5N4-A7YE60LA-7088FIZO},11/16/2010 09:28:53,EDB0714,PC-6103,http://job-hunt.org/WboUhagvat919122234.html,job passion dynamic required start resume equivalent passion part-time compensation required technologies expert experience resume call process start starter required required analyze people job resume resume years report benefits experience strong resume opening multitask resume platform sales years job strong responsibilities experience
device,{A5I3-G0UK03KB-7771UGDR},11/16/2010 09:30:01,EDB0714,PC-6103,Disconnect
device,{I6N0-E7YO10EE-4606RGXF},11/16/2010 10:00:31,EDB0714,PC-6103,Connect
http,{F2Y2-X1LA39ZK-4714ABNH},11/16/2010 10:32:55,EDB0714,PC-6103,http://hp.com/WboUhagvat1944152218.jsp,passion concepts guidance multitask experience self people growth job responsibilities customer interface passion analyze on-time years opening management interface experience initiative concepts opening industry contribute sales management degree skills opening dynamic concepts recruiter resume benefits self process expert skills strong initiative strong growth passion opening platform multitask experience industry resume multitask skills passion part-time skills engineer technologies multitask platform customer
device,{J6F7-U2BB70MA-1032VMDT},11/16/2010 10:33:05,EDB0714,PC-6103,Disconnect
device,{N2N3-U6EG76QE-6622AMOV},11/16/2010 10:44:34,EDB0714,PC-6103,Connect
device,{E7O5-F5YC26JL-0703RHWB},11/16/2010 11:02:13,EDB0714,PC-6103,Disconnect
device,{O1G8-P0FF83FL-5474VVUT},11/16/2010 13:08:31,EDB0714,PC-6103,Connect
device,{J4D9-X1TN18XW-6324OCYV},11/16/2010 13:51:06,EDB0714,PC-6103,Disconnect
device,{S5W4-M3KJ76HN-2000TURV},11/16/2010 14:53:01,EDB0714,PC-6103,Connect
device,{U2T6-B2LN50CH-8475RIPP},11/16/2010 15:02:52,EDB0714,PC-6103,Disconnect
device,{Z1I4-U1MN67IE-5949MWQC},11/16/2010 15:43:38,EDB0714,PC-6103,Connect
device,{C1O2-H6DC17EL-6714JEFE},11/16/2010 16:08:46,EDB0714,PC-6103,Disconnect
device,{Y3L7-E4PX22EH-2983DZNH},11/18/2010 10:16:56,EDB0714,PC-6103,Connect
device,{F4E0-P0YD91EL-4719QPIA},11/18/2010 10:21:53,EDB0714,PC-6103,Disconnect
device,{N7M1-Y1GR45PL-1916BPQE},11/18/2010 10:43:20,EDB0714,PC-6103,Connect
device,{X2H8-B3GW70TI-4302JWMG},11/18/2010 10:49:55,EDB0714,PC-6103,Disconnect
device,{O3O9-I3LL88VR-6184YOCX},11/18/2010 12:10:02,EDB0714,PC-6103,Connect
device,{N1D0-N7UU58BX-5454EOFP},11/18/2010 12:11:52,EDB0714,PC-6103,Disconnect
device,{N9R2-C3GC86HE-3738TRCY},11/18/2010 13:02:22,EDB0714,PC-6103,Connect
device,{P6V7-G7FG69KO-7896BEOJ},11/18/2010 13:31:35,EDB0714,PC-6103,Disconnect
device,{M2L9-J8ZQ59KC-4961TBNX},11/18/2010 13:32:39,EDB0714,PC-6103,Connect
device,{Q2R8-V1KT78ZU-9223DGSX},11/18/2010 13:43:54,EDB0714,PC-6103,Disconnect
device,{Q6Z5-W8IH48ZR-1159EVHA},11/18/2010 14:10:39,EDB0714,PC-6103,Connect
device,{S6Y5-C3ZW50ZG-9851HIYB},11/18/2010 14:15:14,EDB0714,PC-6103,Disconnect
device,{J2G5-F5BU41NG-8746JFTB},11/22/2010 07:57:22,EDB0714,PC-6103,Connect
device,{I2F0-E8BA16CB-8836RBZI},11/22/2010 08:35:12,EDB0714,PC-6103,Disconnect
device,{X6O8-H1SY74KS-7655REQN},11/22/2010 10:28:21,EDB0714,PC-6103,Connect
device,{M9K9-B1GU94LX-1634IJOW},11/22/2010 11:03:08,EDB0714,PC-6103,Disconnect
device,{W1D5-T5NP33JS-1250QRDS},11/22/2010 11:40:38,EDB0714,PC-6103,Connect
device,{M4Y3-G9LE60FU-3472DJYW},11/22/2010 11:40:41,EDB0714,PC-6103,Disconnect
device,{V2Q1-P4EU88WZ-6390SVRQ},11/22/2010 12:01:14,EDB0714,PC-6103,Connect
device,{F7W6-D0ZI29FG-5430VWPU},11/22/2010 12:19:27,EDB0714,PC-6103,Disconnect
device,{U3O9-Z3PK27AS-7959EZPM},11/22/2010 12:59:26,EDB0714,PC-6103,Connect
device,{M8X1-B5OY52QP-4924AIXB},11/22/2010 14:02:12,EDB0714,PC-6103,Disconnect
device,{X3F6-V9DG34ZU-9560NBQB},11/22/2010 14:04:01,EDB0714,PC-6103,Connect
device,{J2S1-H2TU68IV-6168BIBD},11/22/2010 14:21:51,EDB0714,PC-6103,Disconnect
device,{M9B3-F1SX22BH-4920XHAZ},11/24/2010 08:12:01,EDB0714,PC-6103,Connect
device,{K5K8-K5WT30XA-0729LXWQ},11/24/2010 08:25:05,EDB0714,PC-6103,Disconnect
device,{T5A4-J0GU56XN-6396DDGH},11/24/2010 09:17:06,EDB0714,PC-6103,Connect
device,{Z1O2-O5KB75RC-5785XBOZ},11/24/2010 09:36:03,EDB0714,PC-6103,Disconnect
device,{I4C3-N4ML43TC-2660OHIF},11/24/2010 11:23:54,EDB0714,PC-6103,Connect
device,{A6V6-D7ZZ63KI-9954JTJY},11/24/2010 11:38:46,EDB0714,PC-6103,Disconnect
device,{H9H8-K6HI75DN-0858ZTGK},11/24/2010 11:50:08,EDB0714,PC-6103,Connect
device,{L2G9-V1SU21WU-6775MOMO},11/24/2010 11:55:53,EDB0714,PC-6103,Disconnect
device,{L7X8-X9AY77HO-1072MDGC},11/24/2010 15:11:31,EDB0714,PC-6103,Connect
device,{X3Y0-D4JC01OA-8493XYSR},11/24/2010 15:34:20,EDB0714,PC-6103,Disconnect
device,{P7I3-D4YR81EY-4801NBTU},11/24/2010 15:56:18,EDB0714,PC-6103,Connect
device,{K8K4-O0KR36FD-5691LNYN},11/24/2010 15:59:18,EDB0714,PC-6103,Disconnect
email,{L0C3-K9MC09RW-6593DJTH},11/29/2010 12:19:59,EDB0714,PC-6103,Alan.Benjamin.Holder@dtaa.com,,,Eden.Deborah.Ball@dtaa.com,18103,0,position interview interview resignation notice of my interview resign notice 2 notice opportunity resignation 2 exit week thanks of resignation notice week exit week resignation 2 key position week 2 letter key week
device,{B5U8-T0PH12JT-6989RALC},11/30/2010 08:44:52,EDB0714,PC-6103,Connect
device,{C7N6-W4EM58UZ-9301IKLL},11/30/2010 09:53:11,EDB0714,PC-6103,Disconnect
device,{G5Q7-U3OA32KV-9914KBRK},11/30/2010 11:20:30,EDB0714,PC-6103,Connect
device,{H0C8-C2DT82SU-1537QOZP},11/30/2010 11:45:49,EDB0714,PC-6103,Disconnect
device,{O3S4-A1QR51CS-0751XOMZ},11/30/2010 13:00:08,EDB0714,PC-6103,Connect
device,{P9H7-Z3BX12IG-6685DKUA},11/30/2010 13:14:57,EDB0714,PC-6103,Disconnect
device,{J9A7-V4SY34YH-1617RJSG},11/30/2010 14:01:19,EDB0714,PC-6103,Connect
device,{E5L0-Q5HN47XJ-7263ZXHI},11/30/2010 14:03:09,EDB0714,PC-6103,Disconnect
device,{J5M2-D7IU66PT-7427DAKT},11/30/2010 14:19:54,EDB0714,PC-6103,Connect
device,{I2Z1-A6EI41CZ-6135GARR},11/30/2010 14:58:16,EDB0714,PC-6103,Disconnect
device,{W0O5-R2YA10SC-3078JRRE},12/03/2010 08:03:33,EDB0714,PC-6103,Connect
device,{Q6D2-Y7OH79RB-8738BTDS},12/03/2010 08:15:33,EDB0714,PC-6103,Disconnect
device,{G9O2-F4HI48PX-6613YOEV},12/03/2010 10:16:10,EDB0714,PC-6103,Connect
device,{H0Z3-P3NC07DO-4595CEIP},12/03/2010 10:24:43,EDB0714,PC-6103,Disconnect
device,{L1B5-O6GI78DT-8570ZRJD},12/03/2010 12:09:19,EDB0714,PC-6103,Connect
device,{C2G0-R1VX22ZF-6976RLCK},12/03/2010 12:20:20,EDB0714,PC-6103,Disconnect
device,{T1U1-O7GK53MW-5512HLRL},12/03/2010 13:54:20,EDB0714,PC-6103,Connect
device,{U5V5-K7BL49LG-9766WOJZ},12/03/2010 14:07:57,EDB0714,PC-6103,Disconnect
device,{L5D7-U4HU25WH-6718CJOT},12/03/2010 15:40:39,EDB0714,PC-6103,Connect
device,{E4J7-V4DB46YL-2807UNKX},12/03/2010 16:43:53,EDB0714,PC-6103,Disconnect
device,{B9Z3-C8FU04NP-0369ABJV},12/14/2010 12:58:47,EDB0714,PC-6103,Connect
device,{Z0I0-B5QA15QU-7418QKEJ},12/14/2010 13:08:48,EDB0714,PC-6103,Disconnect
device,{Q1D9-O2GV07FK-1549LCJQ},12/14/2010 13:11:43,EDB0714,PC-6103,Connect
device,{D7C9-M1FC02EG-9053GABU},12/14/2010 13:22:09,EDB0714,PC-6103,Disconnect
device,{T7Z1-W6HZ83UQ-5662ETRW},12/14/2010 13:25:06,EDB0714,PC-6103,Connect
device,{Z9T5-V6QR96UA-7941JPGN},12/14/2010 13:25:26,EDB0714,PC-6103,Disconnect
device,{O7R2-H2TT51BY-1157TYGI},12/14/2010 13:29:18,EDB0714,PC-6103,Connect
device,{W2S3-M3DH44PR-0976ATPJ},12/14/2010 13:29:42,EDB0714,PC-6103,Disconnect
device,{T9P6-P1IR34ZJ-5243NKYT},12/14/2010 13:38:58,EDB0714,PC-6103,Connect
device,{J1E6-I4DR07FA-7073GDTP},12/14/2010 13:56:33,EDB0714,PC-6103,Disconnect
device,{Z8K7-O1KW44YP-9463ITRC},12/14/2010 14:09:56,EDB0714,PC-6103,Connect
device,{R9S9-Y2AY33KM-4107LSEP},12/14/2010 14:17:02,EDB0714,PC-6103,Disconnect
