http,{V0V3-S9PI25DQ-2008QOEZ},11/22/2010 09:38:30,KRL0501,PC-7206,http://raytheon.com/WboUhagvat343187784.jsp,technologies required analyze required job degree growth passion passion job years permanent benefits equivalent team expert dynamic customer people job responsibilities guidance start job years experience equivalent industry relocation contribute passion technologies analyze starter
http,{H8Z1-F5XY05HA-6604PITV},11/22/2010 09:52:58,KRL0501,PC-7206,http://yahoo.com/hotjobs/WboUhagvat752138490.php,equivalent sales required passion multitask customer initiative responsibilities required self multitask permanent customer management initiative degree initiative guidance industry passion multitask industry degree opening strong develop on-time process develop skills contribute strong interface years resume strong responsibilities years resume contribute part-time experience experience hours responsibilities permanent sales
http,{N8L4-R3BS59EX-1970PZMM},11/22/2010 11:42:04,KRL0501,PC-7206,http://harris.com/WboUhagvat1919385663.htm,growth industry industry contribute industry passion years strong start resume develop multitask opening sales passion equivalent multiple management compensation passion compensation self experience sales expert concepts multitask required management benefits hours skills start report self process salary people multitask start contribute multiple resume customer multitask multiple process customer
http,{R5C7-C6FI45UZ-5418WPQX},11/22/2010 14:56:41,KRL0501,PC-7206,http://northropgrumman.com/WboUhagvat572113271.aspx,years skills passion experience degree management permanent technologies hours job concepts report dynamic equivalent interface required interface degree benefits technologies equivalent opening contribute on-time job contribute benefits contribute guidance contribute customer passion report resume customer initiative industry contribute required experience multiple opening platform job degree visual strong industry guidance
http,{T0J1-E6OA93ZD-3492HCUJ},11/22/2010 15:14:57,KRL0501,PC-7206,http://monster.com/WboUhagvat1180707852.html,multiple expert multitask sales skills experience multitask contribute years management passion platform multiple years years sales job interface strong team on-line concepts on-time resume strong platform initiative contribute report skills salary concepts starter contribute benefits benefits on-time strong interface years contribute technologies on-time contribute experience team multitask contribute permanent years relocation industry job degree on-time degree platform responsibilities customer multitask multitask interface equivalent required permanent years years
http,{H8Z7-C2NE67KU-5954MUQU},11/22/2010 15:29:57,KRL0501,PC-7206,http://raytheon.com/WboUhagvat343187784.jsp,responsibilities customer self platform experience dynamic process multitask platform technologies multitask responsibilities required on-line equivalent technologies responsibilities equivalent platform sales customer guidance equivalent passion permanent technologies people concepts job team multitask contribute opening concepts guidance customer report growth develop contribute recruiter concepts multitask people interface growth customer equivalent multitask degree opening equivalent years platform opening
http,{U8U0-V9AU80EC-7686RXSN},11/22/2010 16:01:02,KRL0501,PC-7206,http://raytheon.com/WboUhagvat343187784.jsp,start customer job self on-time required contribute multitask multiple benefits multitask develop technologies multiple strong industry required passion platform equivalent start team job degree start start concepts skills multiple starter industry develop degree process years platform guidance job growth job required expert experience years job report multiple multitask experience team growth experience skills strong responsibilities expert permanent industry strong years expert required salary permanent resume
http,{K0V0-L1OQ93TC-2190GIYA},11/22/2010 16:02:35,KRL0501,PC-7206,http://indeed.com/WboUhagvat1680703797.html,required years required guidance responsibilities required required benefits compensation visual growth report responsibilities report passion team team expert benefits team people job expert contribute passion customer team opening initiative platform opening job expert degree growth job required develop guidance analyze management experience multitask permanent start process management
http,{Q9Q7-F8LA12AT-1089SBHD},11/23/2010 09:58:51,KRL0501,PC-7206,http://aol.com/jobs/WboUhagvat1963819229.jsp,report dynamic hours contribute experience on-time on-time dynamic growth team experience interface degree strong starter interface platform expert degree years permanent develop industry opening multitask industry part-time resume interface customer sales people strong report develop dynamic sales experience benefits relocation
http,{P2L0-J0XR94UZ-1147KYDX},11/23/2010 13:52:20,KRL0501,PC-7206,http://boeing.com/WboUhagvat1904327536.htm,initiative required develop team resume multiple experience years self resume platform start platform team responsibilities on-time team dynamic equivalent skills job customer job interface on-time interface equivalent report on-time equivalent required growth strong required interface initiative team required people job technologies dynamic experience call industry initiative resume customer people team report resume concepts multitask opening compensation permanent management required technologies degree years
http,{E8H1-Z2OQ44WY-7509RWEA},11/23/2010 17:11:56,KRL0501,PC-7206,http://jobhuntersbible.com/WboUhagvat1258877042.aspx,required benefits years develop degree relocation report equivalent years passion resume process benefits job guidance years experience sales required contribute compensation permanent initiative customer develop guidance technologies expert relocation report resume job recruiter sales management required on-time permanent self develop recruiter years on-time on-time multiple develop team starter degree sales on-time self multiple team passion responsibilities part-time sales part-time technologies
http,{R3O4-B2VK02KX-3994VVYL},11/24/2010 12:30:56,KRL0501,PC-7206,http://harris.com/WboUhagvat1919385663.htm,people dynamic skills analyze multiple start degree job process multitask develop management responsibilities people equivalent experience required people management resume required years permanent required interface start growth degree industry analyze on-line guidance contribute part-time growth required people experience passion platform strong start degree management contribute report platform strong resume degree multiple benefits
http,{E2Q3-F0XZ00KP-3502KGQW},11/24/2010 13:51:55,KRL0501,PC-7206,http://yahoo.com/hotjobs/WboUhagvat752138490.php,required multiple benefits resume develop equivalent concepts skills salary multitask experience self skills growth platform team benefits call job multiple start platform guidance management years benefits resume multiple self experience develop years required benefits people required dynamic people passion hours equivalent years visual initiative interface benefits dynamic job degree responsibilities expert years customer responsibilities customer on-time start responsibilities experience customer skills platform platform degree
http,{U3R8-W6XQ86FQ-6031KXOT},11/24/2010 15:34:37,KRL0501,PC-7206,http://lockheedmartin.com/WboUhagvat1636367808.htm,skills develop skills sales start self years report degree required people platform platform multiple sales required strong people starter interface hours opening multitask team required initiative people passion self start interface growth strong equivalent required required required experience industry on-time dynamic interface growth multitask analyze initiative skills concepts multiple responsibilities customer interface on-time multiple self hours opening engineer multitask multiple equivalent passion resume interface
http,{G1W8-K3HS87AT-0316CWEO},11/24/2010 15:54:17,KRL0501,PC-7206,http://northropgrumman.com/WboUhagvat572113271.aspx,opening start permanent responsibilities opening develop relocation required growth analyze experience multiple opening people degree benefits develop contribute resume interface multitask start people interface passion platform compensation on-time opening job skills part-time compensation customer self experience industry customer job industry expert multiple start management initiative required develop responsibilities contribute develop process people industry
http,{Y5C2-B3VJ70LO-5560XCPY},11/24/2010 15:57:50,KRL0501,PC-7206,http://yahoo.com/hotjobs/WboUhagvat752138490.php,opening contribute report multitask years permanent technologies start job growth platform on-time on-time part-time passion job sales management resume strong contribute expert call customer interface recruiter process industry contribute degree growth degree permanent multiple contribute self initiative equivalent on-time required concepts start concepts degree
http,{T9S0-R1OB13KE-2825EHDR},11/24/2010 17:11:56,KRL0501,PC-7206,http://indeed.com/WboUhagvat1680703797.html,years benefits customer years job analyze experience industry on-time salary degree analyze responsibilities multitask contribute sales starter experience guidance develop required responsibilities on-time degree job opening interface platform interface resume salary customer engineer multitask responsibilities team start years dynamic opening on-time call contribute permanent skills opening start technologies job sales degree technologies management years strong resume degree multitask management develop experience hours multitask years multiple team report
email,{G2W5-B2PG52YT-3962KGVL},11/29/2010 09:00:54,KRL0501,PC-7206,Justine_Pate@northropgrumman.com,,,Kirby.Ruby.Lyons@dtaa.com,51233,0,responsibilities multiple benefits management management customer multiple customer start platform process guidance resume guidance benefits skills interface job skills job multitask team dynamic salary report passion people multiple technologies report contribute multitask responsibilities resume experience process initiative team years permanent management report initiative passion strong platform growth customer part-time opening
http,{E1Y2-W4ET28LK-6922RMRO},11/29/2010 13:32:26,KRL0501,PC-7206,http://careerbuilder.com/WboUhagvat660170997.htm,strong initiative platform part-time hours team opening part-time on-line guidance start concepts benefits responsibilities salary resume initiative growth customer technologies team opening skills on-time initiative develop report platform develop customer dynamic people sales initiative resume skills interface job people team report job equivalent benefits start initiative compensation concepts degree relocation permanent on-time degree contribute years job years initiative platform people contribute analyze opening passion engineer growth
http,{H3P5-E3RU20AZ-1147AUDL},11/29/2010 13:51:26,KRL0501,PC-7206,http://aol.com/jobs/WboUhagvat1963819229.jsp,concepts degree technologies equivalent responsibilities guidance starter strong responsibilities responsibilities strong strong people dynamic industry sales part-time management equivalent years guidance develop develop contribute resume experience interface skills multiple team salary degree platform years contribute people strong industry people dynamic opening multitask
email,{M7O4-G4MU30OA-7037RKZB},11/29/2010 16:19:55,KRL0501,PC-7206,Justine_Pate@northropgrumman.com,,,Kirby.Ruby.Lyons@dtaa.com,35524,0,dynamic part-time on-line relocation equivalent required growth passion multitask part-time passion hours concepts interface compensation technologies experience degree management permanent required team experience on-time growth platform degree resume permanent job management
http,{O6H2-N0RN99ID-4355MMJP},11/29/2010 17:24:05,KRL0501,PC-7206,http://raytheon.com/WboUhagvat343187784.jsp,concepts technologies on-time responsibilities on-time start experience interface technologies job part-time resume team equivalent management sales degree permanent degree skills initiative experience technologies job growth expert dynamic multitask equivalent management report passion skills multiple technologies benefits on-time resume team process job strong develop skills analyze
http,{F7L4-E6MR23OV-0917PBMI},11/30/2010 08:46:40,KRL0501,PC-7206,http://indeed.com/WboUhagvat1680703797.html,start opening compensation strong expert develop self team industry opening management years guidance experience concepts starter concepts management on-time contribute job contribute job people responsibilities equivalent compensation sales benefits opening responsibilities years job
http,{N3O8-B3MU36XP-3084VJJE},11/30/2010 11:39:46,KRL0501,PC-7206,http://boeing.com/WboUhagvat1904327536.htm,engineer process industry technologies skills contribute on-time develop contribute responsibilities resume growth compensation experience contribute customer opening opening expert resume people starter job strong platform on-time technologies strong team sales analyze strong dynamic job start experience
http,{F6K3-Z7EX82WB-0596CYLY},11/30/2010 13:48:00,KRL0501,PC-7206,http://lockheedmartin.com/WboUhagvat1636367808.htm,contribute multiple on-time strong customer required multitask management people opening self guidance job self visual equivalent guidance start salary benefits benefits growth initiative team analyze experience guidance guidance experience multiple sales required
http,{E2P0-U9HW73VA-8380VWPJ},11/30/2010 15:06:55,KRL0501,PC-7206,http://linkedin.com/WboUhagvat1479839504.aspx,experience experience opening multiple resume opening skills on-time multitask customer on-time engineer years platform analyze report industry degree strong skills job degree expert sales resume sales job interface resume passion process experience concepts technologies required job multitask sales contribute initiative people growth concepts develop multitask sales platform customer management
http,{O6P5-V7GE93BB-8548PJVA},12/01/2010 08:18:19,KRL0501,PC-7206,http://aol.com/jobs/WboUhagvat1963819229.jsp,multiple opening opening on-time years develop job multitask opening degree multitask guidance multiple responsibilities interface job sales multitask people industry sales technologies engineer salary benefits develop required self growth guidance team responsibilities on-time equivalent sales benefits required sales start growth customer initiative responsibilities concepts multitask start required compensation platform resume
http,{F8A8-W8RI01NW-0713NHRM},12/02/2010 09:21:53,KRL0501,PC-7206,http://lockheedmartin.com/WboUhagvat1636367808.htm,equivalent skills concepts interface customer required resume starter technologies on-time required analyze resume platform opening initiative experience sales self contribute sales experience industry management guidance opening salary starter interface guidance management experience passion interface passion growth years job growth expert responsibilities contribute starter customer multiple on-line sales opening years customer benefits required strong customer years
http,{W0E5-V0NV76HH-6401XOBH},12/02/2010 12:39:04,KRL0501,PC-7206,http://aol.com/jobs/WboUhagvat1963819229.jsp,part-time report degree experience skills concepts permanent permanent expert sales passion develop report equivalent required experience job team concepts team on-time concepts industry concepts customer multitask platform self skills sales start contribute passion job team required job platform years team
http,{M4S3-E0MU12OT-3616VLZP},12/02/2010 14:07:12,KRL0501,PC-7206,http://northropgrumman.com/WboUhagvat572113271.aspx,multiple concepts skills develop contribute guidance experience sales management required benefits equivalent equivalent engineer responsibilities guidance industry team recruiter equivalent industry on-time customer sales strong contribute years management
http,{R4N1-P8HT39YG-4964SCYS},12/02/2010 17:04:26,KRL0501,PC-7206,http://northropgrumman.com/WboUhagvat572113271.aspx,multiple benefits concepts self experience people equivalent start customer initiative resume resume multiple people on-time compensation team management salary visual strong resume contribute multiple team hours on-time multiple skills guidance team skills permanent people experience degree guidance on-line team years interface relocation on-time expert permanent team skills starter compensation degree passion report opening required people management report equivalent develop
http,{I9F6-U6OR95RN-4230FPYU},12/03/2010 08:53:37,KRL0501,PC-7206,http://jobhuntersbible.com/WboUhagvat1258877042.aspx,experience industry on-time technologies contribute people multitask recruiter dynamic interface concepts customer equivalent responsibilities passion initiative guidance concepts concepts benefits benefits skills responsibilities contribute years expert develop hours initiative years technologies start experience develop passion benefits responsibilities initiative salary initiative develop equivalent dynamic guidance initiative platform hours required years interface management industry benefits responsibilities permanent start team customer equivalent industry salary permanent starter resume resume opening degree guidance guidance skills contribute equivalent industry
http,{R9A2-T4TM50JG-4303RJMF},12/03/2010 09:09:30,KRL0501,PC-7206,http://northropgrumman.com/WboUhagvat572113271.aspx,responsibilities customer engineer required experience strong degree salary passion degree industry required permanent management guidance customer responsibilities starter industry sales opening initiative part-time equivalent permanent platform opening start years expert industry process experience opening growth customer compensation develop job hours team job report dynamic resume people
http,{S7X3-R8MF16KT-1890UITY},12/03/2010 09:34:04,KRL0501,PC-7206,http://harris.com/WboUhagvat1919385663.htm,permanent report years skills responsibilities technologies permanent required job industry compensation resume required strong analyze visual guidance develop team initiative benefits strong degree sales job start part-time equivalent initiative industry start technologies skills self passion skills people
http,{G2Z4-G3PV60MC-9389DMTK},12/03/2010 11:54:35,KRL0501,PC-7206,http://raytheon.com/WboUhagvat343187784.jsp,sales customer develop starter skills expert experience people strong industry on-time opening on-time industry multitask growth permanent required develop dynamic on-time responsibilities multiple on-time platform hours passion guidance equivalent team contribute management concepts responsibilities analyze dynamic develop concepts years job permanent self dynamic customer permanent growth skills skills people growth
http,{I5K2-N6IB54GU-4403WULC},12/03/2010 11:56:06,KRL0501,PC-7206,http://craigslist.org/WboUhagvat1105403916.aspx,job people team experience multiple interface opening multiple resume platform customer passion sales sales multitask analyze contribute self team responsibilities initiative years people strong report dynamic part-time expert start resume guidance report resume multiple resume required responsibilities management benefits required skills contribute initiative industry analyze responsibilities engineer skills team starter technologies degree growth guidance platform degree multiple team benefits skills
http,{H4X4-N6FG59BJ-7439BRPB},12/03/2010 12:19:58,KRL0501,PC-7206,http://simplyhired.com/WboUhagvat57469130.jsp,multitask start skills strong start resume years years initiative equivalent required initiative analyze start start skills experience dynamic compensation degree multiple years analyze permanent initiative starter contribute responsibilities multiple responsibilities industry strong equivalent expert years expert team dynamic required years sales required skills concepts degree multitask
http,{N6N6-W9IX83BZ-0037PNBQ},12/03/2010 12:36:05,KRL0501,PC-7206,http://lockheedmartin.com/WboUhagvat1636367808.htm,concepts required opening guidance opening initiative years interface concepts initiative passion people initiative multitask resume multitask sales technologies management resume platform initiative salary dynamic multitask on-time report management skills concepts sales sales on-time develop contribute passion resume years required management passion people self growth permanent platform people strong technologies growth platform experience interface
http,{S1K2-O3ST44LX-1964BLLM},12/03/2010 16:34:44,KRL0501,PC-7206,http://simplyhired.com/WboUhagvat57469130.jsp,report equivalent analyze contribute analyze multitask sales equivalent multiple engineer opening responsibilities resume process develop resume equivalent develop concepts sales team job permanent guidance experience industry growth years on-line initiative people growth develop people start customer develop strong required job growth benefits on-time
http,{Q2P8-M4QG15DU-5106FCTS},12/06/2010 08:55:22,KRL0501,PC-7206,http://job-hunt.org/WboUhagvat919122234.html,degree multiple degree sales industry benefits start part-time customer degree concepts growth contribute on-time years contribute initiative team permanent industry industry responsibilities sales concepts dynamic required people contribute salary responsibilities dynamic people years degree multitask responsibilities hours required resume hours analyze responsibilities industry sales
http,{W1Z9-M4IT67IO-4155ZXJW},12/06/2010 11:28:40,KRL0501,PC-7206,http://jobhuntersbible.com/WboUhagvat1258877042.aspx,passion multitask years strong experience guidance opening customer people on-time people dynamic strong interface management opening job interface start technologies required dynamic strong platform people growth resume sales degree team benefits responsibilities required multitask opening technologies multiple customer start required job technologies customer salary platform
http,{N4T5-G7UC39IJ-2836SUWY},12/06/2010 12:04:16,KRL0501,PC-7206,http://careerbuilder.com/WboUhagvat660170997.htm,on-time skills guidance job skills multitask expert multitask analyze equivalent required develop concepts multitask sales contribute multiple passion people required self self multitask sales sales responsibilities call starter degree resume benefits benefits multitask interface multiple years job contribute sales passion develop develop sales job people concepts on-time platform expert industry growth on-time guidance experience experience industry sales experience management resume interface
http,{Q8Y6-F6VI95EN-1839QKEY},12/06/2010 12:54:29,KRL0501,PC-7206,http://linkedin.com/WboUhagvat1479839504.aspx,responsibilities report passion develop sales visual start required resume passion on-time relocation start initiative passion experience contribute industry benefits responsibilities call report compensation passion passion resume platform on-time start responsibilities growth multitask develop benefits multiple resume customer on-line interface degree contribute engineer opening people skills initiative resume
http,{G1V7-U3CZ02PU-9586NOHQ},12/06/2010 13:47:56,KRL0501,PC-7206,http://monster.com/WboUhagvat1180707852.html,multitask contribute opening concepts experience starter initiative resume team customer concepts report resume customer platform skills self management responsibilities experience equivalent responsibilities experience interface sales develop start dynamic degree growth develop required starter responsibilities starter compensation guidance engineer dynamic passion expert opening responsibilities years develop required years
http,{N5D4-N1IR87NG-0438OQQE},12/06/2010 14:21:05,KRL0501,PC-7206,http://lockheedmartin.com/WboUhagvat1636367808.htm,responsibilities years years management permanent part-time sales required develop management on-time management interface resume opening benefits strong customer recruiter job strong job start initiative resume report degree expert skills strong years interface job initiative experience opening opening report job years recruiter resume strong analyze multiple equivalent industry opening
http,{H5P3-C9LW33IX-1752PCIB},12/06/2010 14:39:46,KRL0501,PC-7206,http://jobhuntersbible.com/WboUhagvat1258877042.aspx,develop required develop initiative sales technologies engineer job customer benefits multiple team engineer multitask resume multiple years hours platform recruiter expert develop job benefits passion technologies job technologies required customer contribute sales initiative hours on-time resume passion passion engineer passion multitask team start degree interface dynamic multitask process customer permanent benefits
http,{F7G8-E2OE17WH-2235LNNQ},12/06/2010 14:50:26,KRL0501,PC-7206,http://raytheon.com/WboUhagvat343187784.jsp,required customer experience guidance degree contribute people expert experience salary sales years years expert permanent resume permanent degree passion responsibilities on-line experience expert multiple growth strong management resume passion strong job team concepts starter benefits develop multiple concepts start management call part-time degree team
http,{O7K1-L0NA27LY-9564MODH},12/06/2010 15:30:03,KRL0501,PC-7206,http://hp.com/WboUhagvat1944152218.jsp,management team part-time develop initiative guidance growth concepts salary dynamic skills multiple benefits resume on-time hours expert passion interface years process responsibilities strong on-line required permanent responsibilities team opening on-time skills job benefits dynamic skills experience management concepts responsibilities start initiative part-time passion contribute resume report develop dynamic skills permanent permanent passion initiative recruiter passion start management required customer initiative management responsibilities visual customer report on-time self job job equivalent experience job multiple years visual multiple
http,{S0M2-Z4UM08QL-6531VJFU},12/06/2010 15:58:51,KRL0501,PC-7206,http://yahoo.com/hotjobs/WboUhagvat752138490.php,start expert skills contribute dynamic industry part-time customer develop responsibilities multitask required dynamic concepts guidance responsibilities team interface people develop interface process team develop permanent customer initiative develop resume initiative opening equivalent skills on-time degree people expert equivalent salary on-time compensation required experience resume responsibilities process industry starter degree responsibilities multiple interface customer
http,{T4P2-V8ZW65NB-1046CGPN},12/07/2010 08:23:43,KRL0501,PC-7206,http://careerbuilder.com/WboUhagvat660170997.htm,technologies passion start sales concepts responsibilities strong salary interface passion required job resume process required report guidance benefits dynamic responsibilities people starter experience resume customer hours people multitask permanent expert engineer develop industry platform visual process process contribute job permanent develop resume years customer concepts people guidance concepts starter skills team
email,{G1W7-U3VS12TB-5321VXPK},12/07/2010 10:02:58,KRL0501,PC-7206,Justine_Pate@northropgrumman.com,,,Kirby.Ruby.Lyons@dtaa.com,33519,0,visual on-time multiple start technologies guidance part-time job interface part-time part-time part-time interface interface degree growth required expert team on-line on-time skills report guidance equivalent multitask technologies industry experience initiative concepts dynamic multitask expert
http,{D1V0-Z4HZ94RM-2528OVAC},12/07/2010 10:08:07,KRL0501,PC-7206,http://raytheon.com/WboUhagvat343187784.jsp,call resume degree initiative contribute people responsibilities equivalent hours multitask customer platform opening years skills recruiter experience people dynamic platform process concepts equivalent technologies analyze interface job report team sales contribute platform skills analyze contribute initiative growth multiple degree benefits resume job opening required report expert part-time call years equivalent platform skills
http,{O3L6-K2FT09XW-0359TQEX},12/07/2010 10:37:45,KRL0501,PC-7206,http://lockheedmartin.com/WboUhagvat1636367808.htm,responsibilities experience concepts compensation growth responsibilities strong contribute people part-time interface on-time develop equivalent equivalent benefits hours dynamic part-time resume skills growth degree management growth develop part-time management multiple dynamic contribute permanent platform degree customer initiative develop benefits report analyze on-time contribute multiple experience
http,{C3M5-B0ZS14JI-3855KJDV},12/07/2010 11:41:31,KRL0501,PC-7206,http://monster.com/WboUhagvat1180707852.html,opening years years platform starter technologies multiple analyze passion guidance technologies resume technologies interface experience on-line recruiter resume concepts required interface team management interface initiative management resume team equivalent initiative skills platform degree on-time skills concepts call job team permanent people report develop report platform initiative multitask people report job call skills expert start multiple required contribute multitask engineer job experience starter responsibilities develop sales passion management report on-time self
email,{M8N8-V8MJ09PA-9994PWZC},12/07/2010 11:48:01,KRL0501,PC-7206,Justine_Pate@northropgrumman.com,,,Kirby.Ruby.Lyons@dtaa.com,48807,0,skills start customer job opening multiple growth job dynamic degree starter equivalent platform technologies sales management sales growth platform platform resume technologies customer job management strong initiative resume people people responsibilities job equivalent start technologies skills people interface experience initiative growth start resume dynamic experience sales required multitask guidance platform develop platform guidance team job years job technologies dynamic
http,{W1Q5-W3BX07ZE-2432YGKL},12/07/2010 13:43:35,KRL0501,PC-7206,http://yahoo.com/hotjobs/WboUhagvat752138490.php,develop industry responsibilities process interface concepts salary degree process salary resume industry dynamic on-time multitask customer management self multitask required engineer interface permanent multitask degree develop job years degree customer equivalent team permanent on-line interface experience contribute management management years dynamic analyze years skills industry job skills interface sales expert
http,{X7E1-X1CP67MN-0957HPZL},12/07/2010 14:38:01,KRL0501,PC-7206,http://boeing.com/WboUhagvat1904327536.htm,responsibilities platform experience salary platform resume multiple dynamic passion part-time multiple team strong people platform customer passion starter technologies experience on-time expert team relocation contribute technologies required benefits people people customer multitask team years on-line dynamic passion industry dynamic compensation initiative equivalent report engineer report multiple resume experience people passion growth platform equivalent part-time technologies people years passion passion strong customer interface part-time opening
http,{E9Q6-S5MC80CP-5761YWCZ},12/07/2010 15:07:01,KRL0501,PC-7206,http://jobhuntersbible.com/WboUhagvat1258877042.aspx,hours start benefits initiative job growth contribute multiple team multitask resume start guidance contribute degree degree starter responsibilities benefits management initiative required equivalent expert on-line analyze multitask salary customer interface experience permanent required platform growth people report people benefits develop resume years customer years sales
http,{Y2Z4-V9YE96UL-0644NLAZ},12/07/2010 16:01:03,KRL0501,PC-7206,http://raytheon.com/WboUhagvat343187784.jsp,required passion required multiple permanent strong resume experience guidance experience platform strong resume experience guidance sales compensation concepts job resume multitask platform required on-time management team required part-time growth concepts years develop develop initiative dynamic expert guidance job sales passion self dynamic benefits benefits job team start multiple multiple resume skills team responsibilities dynamic report
http,{Q1K1-J2UO98OM-7919LKKN},12/07/2010 16:02:25,KRL0501,PC-7206,http://linkedin.com/WboUhagvat1479839504.aspx,skills management interface permanent skills responsibilities on-time multiple job part-time required develop strong strong benefits required skills experience interface starter benefits platform multiple team opening team start resume sales required sales skills sales skills on-time guidance job management contribute job degree required start responsibilities on-line skills degree analyze
http,{T1S8-F5WK75IC-3891NDDD},12/07/2010 16:24:23,KRL0501,PC-7206,http://monster.com/WboUhagvat1180707852.html,guidance strong responsibilities compensation interface concepts opening dynamic multiple visual salary compensation compensation opening management strong process concepts technologies expert contribute sales multitask team years skills responsibilities equivalent management analyze degree opening management growth interface analyze degree multiple resume customer opening team concepts interface multiple equivalent on-time industry team platform
email,{M7N8-H8EK99ZM-7174EKMJ},12/07/2010 16:51:39,KRL0501,PC-7206,Justine_Pate@northropgrumman.com,,,Kirby.Ruby.Lyons@dtaa.com,31291,0,degree interface resume sales team develop technologies passion report sales initiative initiative dynamic expert people multiple permanent dynamic job compensation contribute job job interface platform multitask start strong develop permanent contribute skills dynamic management analyze team concepts industry
http,{J4C1-W3UN59ES-4448NOPE},12/08/2010 08:27:58,KRL0501,PC-7206,http://hp.com/WboUhagvat1944152218.jsp,technologies years skills resume report starter passion skills self contribute resume platform develop experience resume sales engineer customer start industry equivalent guidance start platform develop platform people experience develop dynamic interface required concepts benefits concepts multitask responsibilities visual industry experience on-time interface starter resume guidance responsibilities concepts permanent multiple initiative strong strong
http,{X2W8-H5RP36KB-8124QMPH},12/08/2010 09:17:01,KRL0501,PC-7206,http://simplyhired.com/WboUhagvat57469130.jsp,sales people degree develop resume customer management platform team required report required passion customer compensation multiple opening dynamic passion opening platform experience concepts dynamic develop report responsibilities multitask passion contribute responsibilities team experience contribute years required compensation people team resume resume benefits customer multitask self degree technologies permanent contribute develop develop management contribute contribute
email,{X3D1-K1PY45RE-2662EGOP},12/08/2010 12:27:05,KRL0501,PC-7206,Justine_Pate@northropgrumman.com,,,Kirby.Ruby.Lyons@dtaa.com,21281,0,interface expert degree growth multiple customer contribute report technologies start multiple develop start responsibilities develop experience concepts dynamic job concepts people strong degree skills skills multiple customer required contribute multiple growth interface platform customer dynamic salary multiple dynamic contribute management responsibilities analyze benefits initiative required engineer self develop customer team dynamic sales multitask starter permanent report multitask equivalent
email,{A7Y9-E7LD65KO-9390FEOQ},12/08/2010 16:04:50,KRL0501,PC-7206,Justine_Pate@northropgrumman.com,,,Kirby.Ruby.Lyons@dtaa.com,24054,0,expert benefits salary degree interface required multiple sales multiple required required expert customer team growth years opening industry benefits concepts guidance years job opening degree technologies dynamic experience process platform people multitask concepts self experience required passion opening degree management develop resume management process required dynamic responsibilities responsibilities starter dynamic
http,{P0O0-Z8OZ91JQ-9081AMQU},12/08/2010 17:06:03,KRL0501,PC-7206,http://harris.com/WboUhagvat1919385663.htm,passion team develop customer salary permanent skills equivalent guidance platform years resume on-time visual multitask years skills responsibilities sales job benefits platform growth industry technologies team skills dynamic on-time report opening industry on-line growth years strong experience team degree degree skills hours
http,{N2H7-J5CI49SE-6715VGZW},12/09/2010 09:26:01,KRL0501,PC-7206,http://lockheedmartin.com/WboUhagvat1636367808.htm,team hours dynamic analyze concepts permanent interface years experience contribute required required platform initiative required part-time years resume dynamic experience resume customer multitask customer analyze resume start people opening team industry engineer opening resume start multiple people strong analyze job passion opening skills permanent growth start permanent people develop process analyze engineer growth experience team required expert initiative responsibilities resume resume starter contribute interface platform contribute responsibilities develop call skills required years team resume start skills degree
http,{M5K0-P8IH72UK-1866ISMJ},12/09/2010 12:22:35,KRL0501,PC-7206,http://lockheedmartin.com/WboUhagvat1636367808.htm,strong engineer multiple sales opening team benefits guidance sales responsibilities resume dynamic initiative start team required concepts passion starter required required analyze technologies develop technologies customer degree interface customer team degree people guidance team platform technologies dynamic recruiter dynamic years analyze degree degree years opening opening team equivalent contribute permanent platform management opening contribute
http,{N0O1-E5UK05QQ-7716VOXG},12/09/2010 13:04:24,KRL0501,PC-7206,http://harris.com/WboUhagvat1919385663.htm,experience equivalent initiative start report job benefits interface permanent start self multitask growth required equivalent analyze team skills benefits degree job years dynamic job process develop on-time report industry dynamic on-time starter contribute report equivalent growth passion required start industry contribute engineer people degree experience resume multitask multitask develop sales
http,{B1O0-F8VO82YV-2305KRBI},12/09/2010 13:26:23,KRL0501,PC-7206,http://indeed.com/WboUhagvat1680703797.html,initiative contribute process process team degree concepts resume degree customer team initiative passion equivalent team guidance hours platform permanent years passion platform process start degree degree management guidance concepts required strong concepts expert equivalent process initiative develop customer multiple growth opening initiative
http,{A8Z0-G4AD73KI-2790MNVZ},12/09/2010 13:45:56,KRL0501,PC-7206,http://jobhuntersbible.com/WboUhagvat1258877042.aspx,experience platform multiple multitask sales industry resume team report multiple opening develop experience strong expert responsibilities technologies skills report responsibilities on-line analyze management on-line team strong concepts industry interface process industry people dynamic equivalent job people people skills dynamic growth multitask relocation report concepts strong process on-line customer starter degree job permanent start responsibilities job
http,{K1P9-U5YA94LT-9686XJDM},12/09/2010 13:49:42,KRL0501,PC-7206,http://jobhuntersbible.com/WboUhagvat1258877042.aspx,multiple skills team skills years customer start start team responsibilities growth develop resume years report interface skills on-line job multitask dynamic years engineer years starter guidance responsibilities degree skills years team years start strong dynamic contribute job start growth equivalent customer responsibilities responsibilities multitask skills
http,{U0D7-C9JL48MH-2559PWBH},12/09/2010 14:34:47,KRL0501,PC-7206,http://aol.com/jobs/WboUhagvat1963819229.jsp,benefits opening initiative industry responsibilities degree multitask customer opening team sales multiple opening team on-time initiative team start self analyze on-time concepts start job passion platform growth start multitask passion strong starter interface expert process self people opening growth guidance permanent years responsibilities sales expert salary team
http,{N9V2-I1SL85UU-6761AWSY},12/09/2010 14:35:25,KRL0501,PC-7206,http://boeing.com/WboUhagvat1904327536.htm,team team sales interface skills initiative people job growth contribute skills resume growth equivalent industry opening multitask benefits strong start required required degree responsibilities guidance on-time develop degree relocation required salary required engineer job job growth resume skills required hours job starter visual technologies passion on-line permanent self start experience skills opening required benefits multitask customer multiple analyze permanent experience relocation report skills self multitask
http,{S9Z6-K1XU99UZ-7682KSTY},12/09/2010 15:47:20,KRL0501,PC-7206,http://hp.com/WboUhagvat1944152218.jsp,experience experience responsibilities passion experience customer passion interface team resume benefits experience job management team responsibilities responsibilities management interface people resume call skills responsibilities skills customer responsibilities experience team skills self required years on-time resume contribute strong technologies permanent equivalent management degree multitask responsibilities resume report
http,{J6C5-N1VD02RM-1309BLEJ},12/09/2010 16:34:25,KRL0501,PC-7206,http://simplyhired.com/WboUhagvat57469130.jsp,responsibilities job team skills guidance interface management customer self experience start concepts industry required initiative management technologies skills
http,{L7S4-W1OD31GL-0686TXJK},12/10/2010 08:04:28,KRL0501,PC-7206,http://northropgrumman.com/WboUhagvat572113271.aspx,team skills process platform required multiple contribute required multiple resume required self skills passion benefits initiative technologies concepts compensation starter initiative customer visual technologies report concepts skills engineer on-time passion strong skills multiple engineer customer contribute multitask multiple technologies platform job platform benefits interface team concepts initiative permanent opening customer skills concepts self permanent process technologies customer dynamic customer part-time contribute resume
http,{U0H2-A9PH98SU-3161GMND},12/10/2010 10:35:54,KRL0501,PC-7206,http://craigslist.org/WboUhagvat1105403916.aspx,guidance multiple passion team self responsibilities technologies concepts skills years growth multiple start contribute people management experience experience team responsibilities permanent skills relocation guidance part-time concepts job equivalent initiative self degree part-time opening strong people growth dynamic expert dynamic equivalent skills concepts responsibilities people years passion growth contribute report benefits sales benefits contribute years compensation develop opening industry industry
http,{V0D8-T2SD90AF-1229MUQL},12/10/2010 13:12:05,KRL0501,PC-7206,http://indeed.com/WboUhagvat1680703797.html,passion initiative responsibilities opening strong resume required experience on-time sales passion report expert start customer technologies industry start strong team years opening multiple years start degree opening dynamic responsibilities dynamic job multiple resume strong expert on-time concepts strong growth contribute years on-time responsibilities degree initiative initiative platform expert develop opening required multiple job degree self visual opening responsibilities passion experience dynamic initiative job
http,{Z8Y4-L0QT22BQ-7981GFNZ},12/10/2010 14:18:36,KRL0501,PC-7206,http://yahoo.com/hotjobs/WboUhagvat752138490.php,team on-time team process years opening develop required experience experience people responsibilities growth resume team hours permanent multiple degree visual develop skills multitask responsibilities experience resume required analyze passion interface experience sales multitask self responsibilities develop develop expert initiative on-time initiative expert job platform job equivalent opening guidance responsibilities
http,{K6N6-G8VK72NI-4177NFFK},12/10/2010 14:57:20,KRL0501,PC-7206,http://craigslist.org/WboUhagvat1105403916.aspx,team multitask dynamic equivalent required process management platform years benefits strong team starter benefits responsibilities develop passion dynamic guidance growth resume equivalent skills on-line customer management process degree interface degree skills develop self multitask responsibilities industry resume guidance platform sales on-time degree benefits multitask degree self skills guidance visual visual interface management experience required experience multiple platform starter responsibilities permanent part-time
http,{H0E3-R1LY31BO-9433OPGE},12/10/2010 15:14:00,KRL0501,PC-7206,http://harris.com/WboUhagvat1919385663.htm,resume concepts engineer customer equivalent starter industry dynamic permanent resume develop passion permanent equivalent years degree team required resume technologies multiple call skills permanent years platform experience management on-line multiple required interface technologies experience people equivalent on-line customer contribute initiative management sales job
http,{Y0J4-I7SW57KL-4551HYTZ},12/10/2010 15:49:24,KRL0501,PC-7206,http://linkedin.com/WboUhagvat1479839504.aspx,people on-line dynamic required multiple starter contribute sales team contribute start analyze contribute skills develop management industry industry technologies concepts permanent platform concepts multitask opening expert sales strong job multitask on-time industry management required process industry multiple part-time growth skills multiple team passion benefits industry management opening responsibilities resume technologies develop
http,{A6F5-R1RE91HH-3447QQUG},12/10/2010 16:35:29,KRL0501,PC-7206,http://craigslist.org/WboUhagvat1105403916.aspx,team hours industry engineer equivalent multiple develop passion team management job concepts required recruiter develop multitask management industry analyze concepts sales degree team degree responsibilities skills technologies opening dynamic dynamic part-time team report required compensation opening initiative people multitask engineer technologies technologies develop
http,{N6F0-B5JQ49AR-0316ZRHT},12/13/2010 09:39:23,KRL0501,PC-7206,http://craigslist.org/WboUhagvat1105403916.aspx,skills expert self degree concepts dynamic job opening process technologies management develop required visual opening concepts self develop concepts team degree concepts engineer salary management resume team multiple multiple equivalent develop years team analyze report multitask hours growth degree job contribute multitask initiative salary guidance dynamic develop passion
http,{P9N7-K1KF62YR-8494HUMP},12/13/2010 09:50:15,KRL0501,PC-7206,http://jobhuntersbible.com/WboUhagvat1258877042.aspx,start team on-line required sales degree years multiple self responsibilities part-time multiple salary experience initiative years passion contribute technologies sales years equivalent skills start initiative interface develop team permanent expert years guidance opening customer multiple dynamic permanent team growth skills dynamic opening contribute growth strong part-time contribute initiative concepts benefits salary
http,{G1V7-M7JH50UO-9027FMTX},12/13/2010 10:20:59,KRL0501,PC-7206,http://northropgrumman.com/WboUhagvat572113271.aspx,dynamic develop skills growth starter opening responsibilities experience required people industry required required industry degree platform on-line job experience on-time required industry technologies on-time initiative management multiple years required multiple strong responsibilities passion sales dynamic guidance analyze customer customer permanent permanent on-time dynamic
http,{L7R8-W1QA93AW-8729HJFB},12/13/2010 10:47:12,KRL0501,PC-7206,http://raytheon.com/WboUhagvat343187784.jsp,analyze team self required degree multiple team industry responsibilities required interface passion contribute engineer responsibilities permanent call contribute initiative salary compensation starter opening concepts responsibilities multitask customer strong experience responsibilities develop job opening skills degree strong responsibilities develop team start growth multitask starter resume passion responsibilities growth required initiative experience job
http,{I5S7-F6JQ08AH-7278CDMH},12/13/2010 12:02:35,KRL0501,PC-7206,http://job-hunt.org/WboUhagvat919122234.html,part-time dynamic years salary analyze team interface compensation platform sales sales develop opening skills resume platform interface report job on-line responsibilities expert experience resume permanent multitask skills responsibilities starter growth on-time recruiter skills strong benefits experience years interface initiative analyze sales compensation passion compensation benefits industry years skills people opening opening multiple opening
http,{W8T4-X9QA99GM-5320STKG},12/13/2010 13:19:44,KRL0501,PC-7206,http://aol.com/jobs/WboUhagvat1963819229.jsp,growth strong develop job management develop experience resume people concepts strong required dynamic guidance initiative develop permanent guidance relocation sales visual growth experience management required platform passion start develop customer concepts initiative people experience responsibilities skills contribute start growth passion required experience interface strong initiative strong degree multitask call multitask opening part-time platform degree
http,{H6N9-S7FJ63VW-3529OOMC},12/13/2010 13:23:18,KRL0501,PC-7206,http://craigslist.org/WboUhagvat1105403916.aspx,growth management concepts benefits visual opening responsibilities opening equivalent degree resume equivalent platform skills start multiple contribute platform permanent analyze skills multiple experience multitask required experience benefits multitask degree sales benefits required opening interface start concepts guidance technologies
http,{G7C7-W1TZ30TR-5189VLKD},12/13/2010 14:10:21,KRL0501,PC-7206,http://job-hunt.org/WboUhagvat919122234.html,expert experience starter responsibilities growth industry multiple self resume interface analyze job passion start degree develop years growth start job experience develop compensation growth team required technologies growth sales multitask technologies interface team platform customer opening opening visual technologies experience self management dynamic permanent hours hours platform call technologies call skills on-line degree passion contribute
http,{L3X4-J7JY23TK-1108YERY},12/13/2010 14:24:45,KRL0501,PC-7206,http://northropgrumman.com/WboUhagvat572113271.aspx,benefits initiative years passion concepts management start on-line contribute industry customer salary degree platform customer guidance contribute opening resume recruiter initiative start strong technologies required degree multiple multitask people self expert interface experience permanent years people develop years on-time starter experience years degree start responsibilities platform
http,{M2O9-G5SY00SU-0407DOOS},12/13/2010 17:20:01,KRL0501,PC-7206,http://harris.com/WboUhagvat1919385663.htm,management responsibilities start develop years report opening experience opening customer skills start develop sales resume concepts job passion experience on-line platform experience team concepts skills team part-time initiative industry platform contribute strong multiple part-time relocation industry self experience growth skills passion years starter responsibilities start analyze sales
http,{F1S7-I3BB09CJ-4825XCTW},12/14/2010 08:23:32,KRL0501,PC-7206,http://craigslist.org/WboUhagvat1105403916.aspx,resume on-time growth responsibilities multitask passion interface years multiple growth strong guidance responsibilities multiple multitask sales compensation customer platform equivalent equivalent resume hours skills equivalent interface contribute management years process years start strong benefits compensation industry required process equivalent visual management report guidance people hours team multiple dynamic multitask equivalent required skills responsibilities responsibilities degree required dynamic people
http,{N1V2-J2IL36PL-1952FCKQ},12/14/2010 10:37:36,KRL0501,PC-7206,http://aol.com/jobs/WboUhagvat1963819229.jsp,guidance experience interface team on-time report concepts multiple management platform people strong years multiple responsibilities multitask job concepts management strong permanent skills opening equivalent sales required develop on-time resume process industry growth experience experience develop technologies develop platform multiple opening contribute job relocation starter skills multitask concepts strong report contribute start dynamic resume multitask dynamic dynamic permanent equivalent develop degree strong required multitask technologies passion multiple dynamic multitask years
email,{A9M0-T7SP31AO-3088FNMM},12/14/2010 12:40:53,KRL0501,PC-7206,Justine_Pate@northropgrumman.com,,,Kirby.Ruby.Lyons@dtaa.com,18080,0,equivalent initiative strong start industry team management industry develop resume equivalent resume start part-time management team benefits resume people self process required dynamic equivalent people platform opening multiple on-time resume dynamic interface years experience contribute starter develop develop job compensation equivalent on-time concepts interface skills contribute concepts contribute report platform responsibilities sales skills concepts passion customer responsibilities industry team
email,{W3N2-T0VS58PQ-8054HFAB},12/14/2010 14:15:39,KRL0501,PC-7206,Justine_Pate@northropgrumman.com,,,Kirby.Ruby.Lyons@dtaa.com,30526,0,guidance resume management platform degree report hours guidance multiple customer develop hours call customer platform customer guidance required strong people years expert initiative experience experience start responsibilities experience required benefits develop contribute start interface degree salary degree concepts report skills passion skills customer contribute multitask report start customer job customer industry
http,{T6N9-K8FZ44KH-0570WZBG},12/14/2010 14:25:53,KRL0501,PC-7206,http://craigslist.org/WboUhagvat1105403916.aspx,report start growth sales expert expert opening salary opening permanent process benefits team resume years passion customer passion job compensation equivalent people benefits required experience strong platform develop required passion platform part-time benefits growth concepts customer technologies experience interface responsibilities
http,{R7M1-O1EW37CZ-8223BLLF},12/14/2010 15:32:09,KRL0501,PC-7206,http://lockheedmartin.com/WboUhagvat1636367808.htm,concepts opening responsibilities concepts part-time job team relocation skills concepts skills develop sales on-line multitask equivalent expert permanent customer sales passion responsibilities team growth people platform team management equivalent years multiple responsibilities resume process guidance start report starter call responsibilities hours industry years develop initiative experience platform relocation multitask people technologies contribute recruiter skills starter platform interface required strong passion platform expert job team strong concepts required
http,{X3Y2-Q8FG93IO-5876OBKH},12/15/2010 08:35:16,KRL0501,PC-7206,http://lockheedmartin.com/WboUhagvat1636367808.htm,process experience industry starter customer concepts skills job technologies dynamic sales skills experience dynamic industry guidance customer platform on-time multitask resume contribute skills expert guidance multitask engineer permanent management self resume required customer required on-time sales job people multitask opening initiative visual responsibilities customer experience concepts benefits team interface multiple start experience opening platform multitask
http,{V9X7-U9GQ39JB-9544CNSE},12/15/2010 14:37:13,KRL0501,PC-7206,http://hp.com/WboUhagvat1944152218.jsp,skills part-time job report initiative on-time interface concepts benefits opening management job contribute benefits experience start multitask part-time management degree salary experience resume permanent resume engineer permanent resume dynamic contribute growth develop report sales contribute equivalent experience required interface opening multiple engineer technologies report resume sales responsibilities technologies interface multiple resume interface customer salary part-time team customer opening passion resume resume people experience
http,{U2W3-O3DI31ZR-7586KEMM},12/15/2010 15:51:06,KRL0501,PC-7206,http://northropgrumman.com/WboUhagvat572113271.aspx,part-time degree required sales concepts sales concepts industry start dynamic growth resume equivalent visual part-time years contribute sales compensation self initiative concepts hours starter salary people degree starter on-time experience contribute job people part-time management guidance on-time technologies
http,{S5R6-Q2KN77NE-0673QPYQ},12/15/2010 16:22:09,KRL0501,PC-7206,http://linkedin.com/WboUhagvat1479839504.aspx,management team initiative contribute dynamic passion responsibilities self benefits growth initiative growth skills people report contribute start concepts people industry process resume people growth salary job required platform multitask years guidance permanent responsibilities sales people salary report contribute benefits opening skills opening resume strong skills sales permanent technologies equivalent hours
http,{G0U9-O5IP80GD-3313AVWU},12/15/2010 16:23:39,KRL0501,PC-7206,http://boeing.com/WboUhagvat1904327536.htm,benefits resume guidance start responsibilities start contribute start contribute process multitask responsibilities contribute starter initiative multiple contribute industry technologies part-time dynamic on-time
email,{K4U3-U7ZQ18EK-2262UFLU},12/15/2010 16:28:26,KRL0501,PC-7206,Justine_Pate@northropgrumman.com,,,Kirby.Ruby.Lyons@dtaa.com,40771,0,develop call responsibilities skills contribute multitask on-time multitask opening growth develop dynamic customer start analyze multiple strong on-time multitask responsibilities responsibilities guidance equivalent required responsibilities management expert strong interface years interface responsibilities degree management required required team contribute develop growth sales benefits multiple resume industry responsibilities people
http,{A2I7-O8TZ89YA-3217IZMA},12/15/2010 16:52:08,KRL0501,PC-7206,http://monster.com/WboUhagvat1180707852.html,multiple expert contribute multitask customer resume degree hours starter call part-time initiative degree experience opening experience on-time experience opening contribute start degree growth relocation industry process growth interface degree skills growth responsibilities customer skills concepts technologies contribute experience develop concepts industry resume process expert contribute technologies permanent strong interface experience self platform technologies resume
email,{T5T3-F1GQ70AQ-9713AYMT},12/15/2010 16:55:43,KRL0501,PC-7206,Justine_Pate@northropgrumman.com,,,Kirby.Ruby.Lyons@dtaa.com,40504,0,expert skills concepts dynamic responsibilities part-time growth experience initiative management responsibilities self growth responsibilities equivalent skills required expert develop multiple years responsibilities job resume passion multiple people resume required multitask equivalent analyze responsibilities degree years initiative permanent management starter passion multiple develop engineer develop report growth degree resume multitask hours report multitask resume
http,{L3B9-V7UA70GA-5688ZXAG},12/16/2010 08:22:10,KRL0501,PC-7206,http://aol.com/jobs/WboUhagvat1963819229.jsp,degree report compensation contribute technologies resume platform start skills passion job team resume experience required job growth skills multiple multitask self concepts concepts opening required industry relocation sales analyze customer team industry multiple customer start self team platform report sales part-time required years self on-time equivalent benefits job degree resume skills starter responsibilities years job on-line
http,{I3G5-R3WU10VY-0232KNVN},12/16/2010 11:05:41,KRL0501,PC-7206,http://harris.com/WboUhagvat1919385663.htm,people compensation resume visual start dynamic guidance multiple experience salary required develop degree passion multitask job multiple contribute skills growth develop team multitask years responsibilities team required analyze contribute multiple skills years sales permanent report starter skills multiple starter contribute multitask management dynamic develop skills job skills analyze multiple management develop interface growth required permanent job
http,{G0M1-X6KZ87BR-9103PBYK},12/16/2010 12:31:05,KRL0501,PC-7206,http://hp.com/WboUhagvat1944152218.jsp,degree required interface concepts job sales interface required years on-time contribute skills equivalent responsibilities people benefits opening opening job required responsibilities responsibilities part-time concepts experience experience responsibilities years call passion multitask job initiative interface sales self required multiple develop skills develop responsibilities self skills people technologies benefits industry start technologies starter compensation process growth
http,{G4N6-V7TE05GL-8549BYKJ},12/17/2010 09:37:20,KRL0501,PC-7206,http://simplyhired.com/WboUhagvat57469130.jsp,degree analyze years management team team start multiple multitask self initiative start benefits multitask compensation years compensation responsibilities contribute platform industry growth initiative guidance multiple required degree multiple management required years starter technologies concepts growth passion equivalent growth degree self multiple platform customer experience part-time responsibilities strong part-time contribute on-time required team skills part-time skills
http,{D6T1-E8YF46AU-8656LRTN},12/17/2010 12:42:12,KRL0501,PC-7206,http://jobhuntersbible.com/WboUhagvat1258877042.aspx,benefits dynamic dynamic guidance multitask sales responsibilities experience strong resume visual sales platform skills start people passion visual guidance concepts visual responsibilities multitask permanent resume years responsibilities skills years relocation guidance dynamic team experience on-time skills benefits resume develop visual strong sales people call on-line permanent required opening process guidance skills sales
http,{O4Q9-Q8OW38GP-3324BWZU},12/17/2010 13:40:21,KRL0501,PC-7206,http://careerbuilder.com/WboUhagvat660170997.htm,resume analyze strong relocation concepts concepts skills people skills sales guidance industry passion hours years team benefits compensation multiple resume benefits required resume industry salary contribute compensation team equivalent develop contribute degree salary skills starter concepts concepts skills dynamic responsibilities dynamic permanent responsibilities compensation experience analyze multitask industry on-time responsibilities degree concepts platform hours experience
http,{K1R2-J8PV08SN-6667JJHZ},12/17/2010 13:44:28,KRL0501,PC-7206,http://boeing.com/WboUhagvat1904327536.htm,years report experience degree initiative initiative resume develop hours hours skills guidance degree resume industry degree concepts strong visual industry job initiative platform technologies salary passion interface team technologies interface required required experience responsibilities guidance platform responsibilities customer salary years opening technologies multiple resume permanent
http,{D8P8-G7AF59IF-9874HMDW},12/17/2010 14:34:37,KRL0501,PC-7206,http://jobhuntersbible.com/WboUhagvat1258877042.aspx,years interface team experience experience experience skills equivalent degree people years years develop visual customer multitask resume self experience process resume customer benefits benefits required expert responsibilities strong contribute dynamic resume management people growth customer years self develop benefits skills multitask permanent equivalent strong
http,{D0X2-Z6UI41YS-9518LYNG},12/17/2010 15:41:43,KRL0501,PC-7206,http://monster.com/WboUhagvat1180707852.html,expert job job process develop initiative multitask multiple initiative report concepts technologies start team develop platform experience technologies industry develop multiple degree multitask multiple sales report develop opening report report experience report degree customer experience concepts team responsibilities required part-time skills concepts compensation technologies initiative job initiative people concepts expert guidance technologies initiative initiative opening multitask growth job years industry on-time compensation visual resume degree report
http,{W6L5-D8GO81ZZ-1588BNDY},12/17/2010 16:54:04,KRL0501,PC-7206,http://job-hunt.org/WboUhagvat919122234.html,guidance report report industry years years opening analyze multitask passion resume people responsibilities growth on-time industry sales responsibilities develop benefits develop sales multiple people management skills compensation concepts platform people opening technologies start resume
http,{I9D9-Y8KM14MC-8161UOGY},12/20/2010 11:52:38,KRL0501,PC-7206,http://monster.com/WboUhagvat1180707852.html,initiative start guidance guidance benefits relocation growth degree on-time responsibilities experience expert technologies expert multitask skills management opening strong strong strong analyze permanent multiple passion sales passion people job resume experience on-time resume growth people responsibilities benefits multitask dynamic responsibilities multiple required contribute technologies equivalent resume years call management industry passion strong concepts degree equivalent on-time platform resume
http,{W2M5-A6XU92YD-1168ELSS},12/20/2010 11:59:27,KRL0501,PC-7206,http://craigslist.org/WboUhagvat1105403916.aspx,responsibilities technologies team report customer hours dynamic initiative multitask degree start compensation initiative customer strong industry technologies start resume benefits analyze starter guidance contribute compensation experience resume initiative customer years report experience equivalent report skills process degree years required equivalent process responsibilities equivalent opening initiative permanent
http,{R7X8-K4XX39LF-3091LPYA},12/20/2010 14:11:59,KRL0501,PC-7206,http://monster.com/WboUhagvat1180707852.html,report self degree benefits people opening degree multitask visual years initiative people management customer team years recruiter sales experience team industry permanent on-time develop process team platform people engineer sales concepts benefits develop skills process guidance experience guidance self develop dynamic passion
http,{I8M5-J1SK06QA-3440QEZS},12/20/2010 16:21:25,KRL0501,PC-7206,http://harris.com/WboUhagvat1919385663.htm,multiple industry self report years opening passion growth expert multitask multitask contribute call multiple initiative equivalent start degree growth industry growth initiative multiple technologies initiative initiative growth multitask industry industry concepts strong growth
http,{K8H0-L6AR60KX-3733RIZP},12/21/2010 10:08:19,KRL0501,PC-7206,http://northropgrumman.com/WboUhagvat572113271.aspx,passion job report growth concepts customer develop equivalent analyze customer multitask growth degree initiative resume management interface skills resume concepts part-time customer years people degree analyze start benefits multitask management skills benefits skills starter strong dynamic report multitask interface start process growth concepts expert years growth contribute management on-time required report compensation interface contribute growth
http,{B3L5-I2HM42KA-9204USVE},12/21/2010 10:21:05,KRL0501,PC-7206,http://jobhuntersbible.com/WboUhagvat1258877042.aspx,develop required dynamic strong responsibilities technologies initiative relocation required starter job management expert years multitask contribute customer expert job initiative guidance develop responsibilities contribute contribute self report degree years experience sales guidance skills responsibilities experience growth strong skills process technologies opening skills multitask industry skills contribute industry job compensation experience multitask responsibilities concepts industry interface opening benefits start permanent
http,{I0Z1-M5NL14AE-2897FTWC},12/21/2010 11:51:11,KRL0501,PC-7206,http://yahoo.com/hotjobs/WboUhagvat752138490.php,years process on-time strong years responsibilities years management degree platform opening experience degree opening skills team report develop job engineer skills develop on-line multiple platform skills management dynamic management compensation report on-line skills sales team contribute responsibilities platform platform customer responsibilities start people technologies
http,{H5S1-U9YR08BO-8014WDMB},12/21/2010 12:41:03,KRL0501,PC-7206,http://boeing.com/WboUhagvat1904327536.htm,strong management initiative skills sales equivalent required industry equivalent salary initiative dynamic expert required initiative team responsibilities skills responsibilities visual expert team strong compensation strong equivalent on-time permanent multiple self customer engineer multiple start customer experience equivalent on-time recruiter responsibilities passion hours equivalent strong required skills
http,{M5V8-W7BD45SL-8679QYTA},12/21/2010 14:33:25,KRL0501,PC-7206,http://craigslist.org/WboUhagvat1105403916.aspx,concepts salary report industry dynamic skills equivalent equivalent permanent management develop start job experience customer analyze responsibilities opening industry degree responsibilities develop experience management customer multitask degree management sales multiple platform dynamic resume industry starter part-time on-time technologies report resume opening on-line years visual initiative growth experience part-time skills industry
http,{L3S9-I3DI66FH-8479FQGS},12/21/2010 14:48:12,KRL0501,PC-7206,http://indeed.com/WboUhagvat1680703797.html,customer concepts self on-time team develop equivalent engineer on-time job on-time interface initiative opening team equivalent required experience skills required growth degree technologies growth develop customer required required experience analyze concepts engineer job on-time passion initiative resume passion people benefits degree degree job concepts technologies visual expert responsibilities job sales opening resume on-time platform
email,{W3O6-U6PJ96OH-7447TBLG},12/21/2010 15:27:33,KRL0501,PC-7206,Justine_Pate@northropgrumman.com,,,Kirby.Ruby.Lyons@dtaa.com,42666,0,management customer opening resume degree responsibilities sales multiple start platform opening on-time concepts strong multitask report call analyze skills technologies technologies responsibilities resume contribute salary degree engineer guidance equivalent hours dynamic years process experience management job
email,{F9L5-V9GY25XL-9389DRGR},12/21/2010 16:39:52,KRL0501,PC-7206,Justine_Pate@northropgrumman.com,,,Kirby.Ruby.Lyons@dtaa.com,40684,0,passion equivalent platform resume analyze people start multitask contribute years report multiple opening process degree permanent industry equivalent multitask responsibilities contribute people team equivalent customer equivalent technologies contribute sales technologies degree growth opening benefits strong guidance on-time team management customer start equivalent degree contribute contribute starter start starter guidance concepts job engineer
device,{A5V6-Q2HQ31JW-6376NTXJ},12/22/2010 08:23:31,KRL0501,PC-7206,Connect
device,{H4Z5-A4SV43RF-5771YCJD},12/22/2010 08:36:57,KRL0501,PC-7206,Disconnect
device,{L9I9-O7FY96CN-3204SLWY},12/22/2010 09:25:43,KRL0501,PC-7206,Connect
device,{V3V9-A7OG14ZR-2616VSTT},12/22/2010 09:28:42,KRL0501,PC-7206,Disconnect
device,{J1Y2-G1GM68GY-2162ASNR},12/22/2010 10:29:40,KRL0501,PC-7206,Connect
http,{W2Q1-N4JI89AC-1493JEIA},12/22/2010 10:50:32,KRL0501,PC-7206,http://craigslist.org/WboUhagvat1105403916.aspx,analyze contribute resume start equivalent skills start passion interface initiative skills interface passion platform compensation interface people contribute platform strong required develop technologies permanent initiative passion develop guidance initiative resume report people sales contribute passion growth customer opening interface responsibilities analyze people on-time equivalent start
device,{V8O2-J4DG54CF-0604JRZT},12/22/2010 11:32:06,KRL0501,PC-7206,Disconnect
device,{P9W5-S3BW29WM-5173YKVV},12/22/2010 12:38:58,KRL0501,PC-7206,Connect
device,{A1H2-Z9RU02BV-3791LXHQ},12/22/2010 12:50:16,KRL0501,PC-7206,Disconnect
device,{Q2U1-U8DU02LY-4540CLPP},12/22/2010 12:56:30,KRL0501,PC-7206,Connect
device,{U7R7-L1LP49YJ-4831XHIU},12/22/2010 13:17:38,KRL0501,PC-7206,Disconnect
device,{U2V1-S7UM19MG-4628PJHE},12/22/2010 13:49:08,KRL0501,PC-7206,Connect
device,{R8T9-M2VS70JL-6424RWHC},12/22/2010 14:28:56,KRL0501,PC-7206,Disconnect
device,{P9A5-W6KD43JT-8103TWBU},12/22/2010 15:45:46,KRL0501,PC-7206,Connect
device,{E6C0-G2XM07TZ-8405NQMG},12/22/2010 15:58:17,KRL0501,PC-7206,Disconnect
device,{G1U1-M2DY66HB-1390CAFS},12/27/2010 09:02:20,KRL0501,PC-7206,Connect
device,{U2I6-W9MC62CK-9817NEPM},12/27/2010 09:26:08,KRL0501,PC-7206,Disconnect
device,{K5G2-L9XX66OU-2708NYYQ},12/27/2010 09:57:55,KRL0501,PC-7206,Connect
device,{Z3C1-N7WC60SD-4136AQBS},12/27/2010 10:05:14,KRL0501,PC-7206,Disconnect
device,{P7M3-M4NW95GG-4011BKDA},12/27/2010 10:59:37,KRL0501,PC-7206,Connect
device,{Y5S4-M8EC66VD-5610OEEY},12/27/2010 11:14:59,KRL0501,PC-7206,Disconnect
device,{V7U9-W7US19NA-7067BEDI},12/27/2010 11:39:43,KRL0501,PC-7206,Connect
device,{W6Q2-R9FA75SW-4385KBNR},12/27/2010 12:04:32,KRL0501,PC-7206,Disconnect
device,{O1U6-T3BM98JZ-9836OIQO},12/27/2010 13:26:33,KRL0501,PC-7206,Connect
device,{P7O3-U2KY41GV-8764PTKD},12/27/2010 13:27:13,KRL0501,PC-7206,Disconnect
device,{Z8V9-R8GX75EA-2303IEHB},12/27/2010 15:47:13,KRL0501,PC-7206,Connect
device,{P6Z1-T0NV31IR-4829PBZE},12/27/2010 16:56:38,KRL0501,PC-7206,Disconnect
device,{L8S4-R0SQ92UB-1620GWWV},12/28/2010 09:13:47,KRL0501,PC-7206,Connect
device,{V0D3-M4YV18CL-7097IOGR},12/28/2010 09:26:13,KRL0501,PC-7206,Disconnect
device,{U5X2-Y2QA81GA-1329GKUM},12/28/2010 11:09:38,KRL0501,PC-7206,Connect
device,{Z8P7-A6HN98BP-4590UJQS},12/28/2010 12:59:49,KRL0501,PC-7206,Disconnect
device,{B0Q7-T8KZ65UC-4396PVKO},12/28/2010 13:48:17,KRL0501,PC-7206,Connect
device,{N6X7-G2RZ15BC-4445UYEU},12/28/2010 13:53:37,KRL0501,PC-7206,Disconnect
device,{D3I5-I2DN83DU-6990MSSG},12/28/2010 14:21:36,KRL0501,PC-7206,Connect
device,{E2K4-U3WS18MF-3612AHRL},12/28/2010 14:50:26,KRL0501,PC-7206,Disconnect
device,{Y4T0-F6XK07UO-3410GFKV},12/28/2010 15:01:17,KRL0501,PC-7206,Connect
device,{M9O3-R6PQ56IQ-0820WFNC},12/28/2010 15:46:03,KRL0501,PC-7206,Disconnect
device,{V1M2-L8CE29DU-5948MBTJ},12/30/2010 10:58:50,KRL0501,PC-7206,Connect
device,{Q1R5-K9ML43DT-1079GNSP},12/30/2010 11:20:35,KRL0501,PC-7206,Disconnect
device,{N9D5-C3CM08CD-6949WRCF},12/30/2010 11:21:05,KRL0501,PC-7206,Connect
device,{S0I2-L9MV60LI-8858SPFU},12/30/2010 11:23:18,KRL0501,PC-7206,Disconnect
device,{T9D5-E1GR80YR-7460RKHW},12/30/2010 11:26:09,KRL0501,PC-7206,Connect
device,{J2B6-X5YG35AM-4032VKLT},12/30/2010 11:31:44,KRL0501,PC-7206,Disconnect
device,{M6M0-S1JY32LI-8819CXWU},12/30/2010 15:31:08,KRL0501,PC-7206,Connect
device,{S1K0-X7MK50CG-7508XRTL},12/30/2010 15:34:28,KRL0501,PC-7206,Disconnect
device,{Y0T9-B9SK00VY-2256CXOL},12/30/2010 16:16:36,KRL0501,PC-7206,Connect
device,{Y3A3-L3WP43MK-9048KUOI},12/30/2010 16:28:29,KRL0501,PC-7206,Disconnect
device,{J8M9-G4CW61NE-8131UXZZ},12/30/2010 16:31:55,KRL0501,PC-7206,Connect
device,{H0Q8-K7VI78JD-7862XMNE},12/30/2010 16:44:54,KRL0501,PC-7206,Disconnect
email,{Q0W4-A9ET30OW-7013VHZU},01/03/2011 16:49:56,KRL0501,PC-7206,Bert.Jason.Henderson@dtaa.com,,,Kirby.Ruby.Lyons@dtaa.com,21260,0,my key position tender exit letter resignation opportunity key position week exit letter of exit letter my resignation of week tender notice my letter resignation interview letter 2 2 2 of thanks my position resignation letter 2 2 week resign opportunity 2 of my key position position resignation opportunity interview letter opportunity week
device,{C9A1-G7NY78PL-6635AFZW},01/05/2011 08:34:06,KRL0501,PC-7206,Connect
device,{G9R1-G1WQ04YJ-1101LFCG},01/05/2011 08:46:38,KRL0501,PC-7206,Disconnect
device,{G1C8-P8DR64BG-8637ZLXR},01/05/2011 09:52:11,KRL0501,PC-7206,Connect
device,{Z5X4-G2UL70DY-9973LUWE},01/05/2011 09:55:10,KRL0501,PC-7206,Disconnect
device,{W8I9-U0VL09UD-8691EIIR},01/05/2011 10:39:50,KRL0501,PC-7206,Connect
device,{E2N3-E6RV51GQ-3257NXUH},01/05/2011 10:48:31,KRL0501,PC-7206,Disconnect
device,{P0Q9-W4XX79JF-2183UEWW},01/05/2011 13:42:36,KRL0501,PC-7206,Connect
device,{A2Z5-Q0WC72IT-3489AWAQ},01/05/2011 13:56:20,KRL0501,PC-7206,Disconnect
device,{V5E0-V4PA15ZJ-4385IKEC},01/05/2011 14:41:06,KRL0501,PC-7206,Connect
device,{Q0V2-G2NL68IQ-1854RAHE},01/05/2011 14:52:04,KRL0501,PC-7206,Disconnect
device,{G0Q0-U5EQ78IZ-1060TUTP},01/05/2011 15:09:39,KRL0501,PC-7206,Connect
device,{D7A6-I7KC11RR-7232VZXK},01/05/2011 15:36:55,KRL0501,PC-7206,Disconnect
device,{Z8B6-D7JW59KH-7085WJSP},01/05/2011 16:35:14,KRL0501,PC-7206,Connect
device,{S2K3-J3AQ90KP-0518EBKA},01/05/2011 16:55:44,KRL0501,PC-7206,Disconnect
device,{X9A2-S9XN35JM-0337RWTJ},01/06/2011 08:33:10,KRL0501,PC-7206,Connect
device,{O7B4-L0XJ66CG-2443MBXN},01/06/2011 08:39:44,KRL0501,PC-7206,Disconnect
device,{K5C4-D7CK40RL-7346TJWG},01/06/2011 08:55:43,KRL0501,PC-7206,Connect
device,{I4Y8-C5DS94BM-9720DJWC},01/06/2011 09:00:23,KRL0501,PC-7206,Disconnect
device,{Q9U1-Z0IG40CG-4769TMIM},01/06/2011 10:21:50,KRL0501,PC-7206,Connect
device,{H4V9-P9KR75IS-1448ZMCQ},01/06/2011 10:46:13,KRL0501,PC-7206,Disconnect
device,{Z4U2-B1YH22TQ-4900FJFX},01/06/2011 10:51:25,KRL0501,PC-7206,Connect
device,{Y9A2-B6EC47IM-7973AFSG},01/06/2011 11:29:33,KRL0501,PC-7206,Disconnect
device,{X8H8-C8KE82HG-1992MZDC},01/06/2011 12:43:38,KRL0501,PC-7206,Connect
device,{G2T5-S1DA27HO-6823XKCY},01/06/2011 12:47:55,KRL0501,PC-7206,Disconnect
device,{H3S2-E4HM49XO-6357OZPT},01/06/2011 14:44:19,KRL0501,PC-7206,Connect
device,{S1R0-B7RP64CO-3836RAMB},01/06/2011 14:54:57,KRL0501,PC-7206,Disconnect
device,{E6Q9-G6VQ25VH-5632ZLBP},01/06/2011 15:53:33,KRL0501,PC-7206,Connect
device,{S2S0-Q6HI68TT-2378ZCSN},01/06/2011 16:16:06,KRL0501,PC-7206,Disconnect
device,{T2G9-T5VU36YP-7986LFFC},01/19/2011 09:52:57,KRL0501,PC-7206,Connect
device,{Z2H4-D3QO53CR-6065WACB},01/19/2011 09:55:04,KRL0501,PC-7206,Disconnect
device,{V5Y5-Z3MG06XG-3957IBGF},01/19/2011 10:00:09,KRL0501,PC-7206,Connect
device,{B7D5-Y2JV27GV-4520ZJMM},01/19/2011 11:08:47,KRL0501,PC-7206,Disconnect
device,{G8N0-K2RK45GX-6465BTFK},01/19/2011 11:42:22,KRL0501,PC-7206,Connect
device,{L3O0-S4IR62FE-6743HXPF},01/19/2011 12:09:01,KRL0501,PC-7206,Disconnect
device,{E1V7-K4LM86RL-0196KFGF},01/19/2011 13:30:10,KRL0501,PC-7206,Connect
device,{B1M3-T1JQ50LQ-3628HMSQ},01/19/2011 13:32:09,KRL0501,PC-7206,Disconnect
device,{Y4O2-F9CG07DR-3971PQQR},01/19/2011 15:35:08,KRL0501,PC-7206,Connect
device,{H6W0-D7EJ35VH-1237HRGW},01/19/2011 16:02:47,KRL0501,PC-7206,Disconnect
device,{C0V5-A1CB44ZJ-3891AJKX},01/19/2011 16:25:58,KRL0501,PC-7206,Connect
device,{J2A1-J6NS43BI-6478ZSNL},01/19/2011 17:06:28,KRL0501,PC-7206,Disconnect
