http,{Z5C8-N8AM39LV-0153NKJQ},07/06/2010 08:33:06,IJM0776,PC-0198,http://raytheon.com/WboUhagvat343187784.jsp,job years concepts multiple management multitask benefits on-time process multiple opening on-time opening required multiple opening experience on-time permanent opening multitask technologies dynamic team contribute develop growth process opening years contribute initiative technologies on-time years passion self responsibilities on-time concepts resume platform passion people team experience resume passion skills technologies industry experience skills industry
http,{G2R2-K6QM01VI-4941NDON},07/06/2010 08:55:57,IJM0776,PC-0198,http://raytheon.com/WboUhagvat343187784.jsp,customer hours required passion years equivalent resume develop required industry years salary skills team growth process people people opening team initiative self job degree growth job concepts degree sales passion growth concepts multitask multitask multitask management responsibilities opening industry customer concepts contribute industry report growth on-line job skills platform industry management
http,{Z0Q5-J4MP74GL-4676UAQS},07/06/2010 10:17:33,IJM0776,PC-0198,http://linkedin.com/WboUhagvat1479839504.aspx,guidance sales required customer passion resume industry years management analyze resume management hours team experience start hours degree job resume interface required passion opening interface dynamic technologies engineer management degree on-time technologies degree develop engineer required analyze benefits skills sales skills strong growth
http,{M5Q0-X6TO71QD-7708BZWQ},07/06/2010 10:27:32,IJM0776,PC-0198,http://simplyhired.com/WboUhagvat57469130.jsp,permanent equivalent people technologies responsibilities skills call strong interface team responsibilities multiple passion part-time on-time initiative industry degree years interface industry platform skills develop skills dynamic job permanent team on-line years required call initiative skills customer expert start multiple industry multitask people salary strong technologies degree multiple required years management degree industry permanent develop sales industry contribute part-time start industry platform concepts strong
http,{O3Z5-B8DL83RX-0143ZXVZ},07/06/2010 11:51:28,IJM0776,PC-0198,http://monster.com/WboUhagvat1180707852.html,sales technologies contribute technologies permanent concepts salary concepts multitask industry people guidance part-time develop team management process experience degree develop platform skills multiple compensation process multiple resume people industry resume dynamic industry call team years
http,{F1J6-K7UZ55UU-7145BYWX},07/06/2010 12:08:08,IJM0776,PC-0198,http://northropgrumman.com/WboUhagvat572113271.aspx,industry visual experience dynamic benefits sales initiative dynamic interface interface people multitask hours report part-time people analyze salary experience dynamic team concepts experience multitask multitask concepts people job report opening self degree multitask experience on-time guidance contribute years management resume equivalent multitask management hours hours dynamic contribute customer industry develop visual strong years
http,{V3F1-G9ZF65GO-6089CUCB},07/06/2010 12:40:16,IJM0776,PC-0198,http://harris.com/WboUhagvat1919385663.htm,start multitask dynamic years responsibilities benefits process multitask multitask process degree contribute benefits permanent job industry people experience analyze equivalent dynamic develop skills equivalent experience people part-time team expert hours customer technologies develop recruiter
http,{W6D3-A3SQ82TF-1003HJCY},07/06/2010 12:55:11,IJM0776,PC-0198,http://job-hunt.org/WboUhagvat919122234.html,multiple years engineer visual responsibilities interface job initiative develop management sales permanent report people opening platform contribute people job experience self responsibilities contribute concepts team passion resume experience start equivalent interface management team industry skills technologies platform opening multitask multitask degree part-time contribute develop develop analyze responsibilities
http,{M3T2-K4TK06QM-4458MPUP},07/06/2010 14:08:44,IJM0776,PC-0198,http://careerbuilder.com/WboUhagvat660170997.htm,team equivalent equivalent experience permanent experience opening hours concepts starter responsibilities sales team experience skills start experience experience concepts interface salary required visual multiple required platform industry resume passion sales required concepts passion multiple start required required on-time multitask opening industry multiple multiple equivalent multitask hours customer
http,{Z3J7-C3OG53AT-6816GRGD},07/06/2010 16:15:32,IJM0776,PC-0198,http://jobhuntersbible.com/WboUhagvat1258877042.aspx,visual resume starter job multiple people resume skills strong skills technologies hours equivalent on-time skills expert customer concepts concepts technologies experience contribute permanent sales growth sales opening team permanent resume initiative starter job starter strong hours contribute technologies responsibilities platform develop responsibilities people team people resume skills dynamic technologies start salary
http,{R7G8-H4TV54HR-9272TUQL},07/07/2010 08:54:08,IJM0776,PC-0198,http://lockheedmartin.com/WboUhagvat1636367808.htm,sales responsibilities part-time self benefits people report years years management passion expert people guidance required permanent management multitask interface on-time team experience strong concepts required develop required management expert degree management growth contribute benefits multitask sales dynamic experience hours customer skills multitask passion part-time degree opening
http,{W7D0-L0GL83LH-1197ZYGL},07/07/2010 09:09:59,IJM0776,PC-0198,http://craigslist.org/WboUhagvat1105403916.aspx,job team self report guidance starter industry customer responsibilities required expert contribute resume interface multiple multitask team platform years multiple guidance equivalent develop passion years degree start platform start
http,{F6P7-U7XP50GQ-1739SHSU},07/07/2010 09:11:06,IJM0776,PC-0198,http://job-hunt.org/WboUhagvat919122234.html,resume skills degree team management required equivalent report equivalent passion years analyze dynamic contribute people on-time skills analyze multiple self self develop equivalent resume interface industry experience degree relocation contribute skills report contribute permanent dynamic salary guidance multiple industry part-time experience responsibilities visual team skills people interface compensation permanent guidance experience job compensation process responsibilities interface customer management industry contribute relocation skills job required
http,{X6U3-N6KL44JW-1269HKGH},07/07/2010 12:39:31,IJM0776,PC-0198,http://linkedin.com/WboUhagvat1479839504.aspx,technologies benefits team opening guidance job people self required experience multitask sales relocation equivalent customer multiple develop initiative hours degree degree initiative multiple resume visual required platform experience responsibilities growth degree equivalent industry permanent growth initiative sales platform resume technologies contribute technologies sales multiple contribute contribute opening responsibilities on-time job concepts growth equivalent salary resume strong resume
http,{T6A6-H3JH98ZL-2208UMKP},07/07/2010 14:25:58,IJM0776,PC-0198,http://raytheon.com/WboUhagvat343187784.jsp,compensation degree passion report degree strong resume expert technologies skills people skills responsibilities equivalent concepts on-time resume resume relocation resume on-time technologies team equivalent expert initiative initiative interface benefits multitask expert experience hours experience resume job responsibilities develop degree process analyze skills initiative team
http,{R5I6-Z8YP25MD-7874RXKS},07/07/2010 15:23:56,IJM0776,PC-0198,http://jobhuntersbible.com/WboUhagvat1258877042.aspx,responsibilities job concepts responsibilities contribute industry expert degree responsibilities dynamic guidance start contribute responsibilities people multiple platform industry opening people platform concepts recruiter self platform develop resume permanent develop experience concepts report growth salary people experience team process concepts team platform equivalent multiple start analyze management interface skills initiative experience
http,{P7U1-D0HZ34OF-6586IOYM},07/08/2010 11:12:34,IJM0776,PC-0198,http://linkedin.com/WboUhagvat1479839504.aspx,skills start responsibilities experience team sales guidance strong guidance start process hours growth degree industry initiative interface multiple customer sales required engineer analyze multiple required responsibilities permanent degree customer skills degree multiple
http,{G7C6-W9JZ31AS-1791WEWQ},07/08/2010 11:47:06,IJM0776,PC-0198,http://job-hunt.org/WboUhagvat919122234.html,concepts analyze skills team technologies engineer develop platform degree multitask guidance contribute expert customer develop required guidance report required opening permanent visual team benefits experience experience years multiple management responsibilities management industry technologies permanent hours team guidance passion equivalent interface contribute growth customer guidance sales team initiative relocation industry resume technologies contribute
http,{O9C0-J7GP82OF-6763DYEW},07/08/2010 13:24:32,IJM0776,PC-0198,http://linkedin.com/WboUhagvat1479839504.aspx,management opening customer resume passion sales equivalent customer report interface degree team compensation on-time opening required technologies initiative multitask concepts interface customer interface responsibilities platform technologies technologies strong on-line platform skills growth customer growth opening contribute multiple platform skills start management customer concepts strong visual responsibilities multitask contribute degree job report expert on-line team industry sales
http,{W6W3-W5GR53JQ-8397KMDK},07/08/2010 15:29:52,IJM0776,PC-0198,http://aol.com/jobs/WboUhagvat1963819229.jsp,job contribute platform visual responsibilities degree opening required guidance concepts required report guidance process responsibilities contribute years guidance concepts degree concepts team permanent responsibilities self resume report concepts guidance on-line degree customer contribute develop equivalent start interface analyze platform develop interface responsibilities report technologies skills industry industry strong contribute responsibilities permanent multitask skills opening permanent
http,{Y7V6-V3PB38YI-1746PRRP},07/08/2010 15:35:17,IJM0776,PC-0198,http://boeing.com/WboUhagvat1904327536.htm,skills multiple customer resume strong resume equivalent develop multiple contribute resume self initiative resume opening dynamic sales strong sales job dynamic required contribute experience benefits team skills interface degree call permanent required hours industry required technologies interface develop technologies passion develop on-time responsibilities sales part-time responsibilities degree technologies on-time experience benefits
http,{F7O0-L1LF66VW-7381XNNL},07/09/2010 08:52:15,IJM0776,PC-0198,http://jobhuntersbible.com/WboUhagvat1258877042.aspx,guidance skills permanent resume platform experience report technologies initiative part-time develop develop equivalent interface technologies resume develop skills customer growth resume concepts report degree degree dynamic industry strong on-line degree management equivalent opening required resume concepts passion customer people responsibilities people initiative self degree degree multiple opening resume interface passion years responsibilities job strong compensation management part-time report opening multitask job guidance interface
http,{K6X9-P6TY10PM-9119TZDP},07/09/2010 10:34:35,IJM0776,PC-0198,http://harris.com/WboUhagvat1919385663.htm,platform on-time platform resume customer part-time experience develop contribute passion process skills develop concepts hours multiple required platform platform years start process platform strong benefits industry engineer people guidance contribute multiple management process passion customer degree guidance report opening multiple sales hours customer analyze interface skills years self benefits relocation management customer opening management customer process responsibilities growth years experience benefits job process job skills years
http,{O4D5-Y3TK10VT-8679QKAQ},07/09/2010 11:33:28,IJM0776,PC-0198,http://careerbuilder.com/WboUhagvat660170997.htm,opening management develop multiple dynamic strong growth equivalent required multiple analyze skills management degree dynamic required growth permanent multitask responsibilities contribute permanent sales skills multitask report experience years contribute process experience experience analyze responsibilities team required on-time platform concepts industry dynamic growth sales benefits process contribute job opening benefits customer required compensation analyze industry analyze management equivalent permanent industry years relocation customer report concepts contribute
http,{A1E1-Q2PM61SD-7411YWRY},07/09/2010 13:42:35,IJM0776,PC-0198,http://job-hunt.org/WboUhagvat919122234.html,passion resume permanent recruiter people experience skills management technologies experience process multiple analyze experience part-time experience visual people team start resume sales salary years experience required team growth responsibilities starter on-time start compensation on-line degree customer management degree years degree develop equivalent technologies
http,{E7J2-J5MS93VD-1793XFKS},07/09/2010 14:17:33,IJM0776,PC-0198,http://northropgrumman.com/WboUhagvat572113271.aspx,benefits multiple responsibilities growth platform management initiative process multitask develop part-time sales technologies job growth job experience technologies self hours develop opening develop responsibilities people years responsibilities degree concepts multitask guidance growth passion growth concepts report team
http,{D6S9-H1PD86LX-1133KQCE},07/09/2010 15:44:31,IJM0776,PC-0198,http://aol.com/jobs/WboUhagvat1963819229.jsp,growth people expert resume start degree skills industry engineer team opening interface years growth required process sales management years responsibilities experience responsibilities industry report sales start dynamic expert on-time recruiter recruiter required customer interface sales strong required experience opening sales skills resume analyze report skills concepts customer benefits hours multitask contribute responsibilities team required multitask equivalent strong
email,{N2V9-Z3MA96AA-8489CHAS},07/12/2010 08:33:33,IJM0776,PC-0198,Slater.Nigel@raytheon.com,,,Indira.Jocelyn.Mack@dtaa.com,26370,0,job industry contribute dynamic customer years management opening benefits platform develop contribute skills interface experience salary strong skills report strong develop team permanent equivalent develop passion salary customer management develop concepts call strong start concepts responsibilities responsibilities responsibilities start dynamic growth
http,{B9A6-D3EJ21WS-8398QQRW},07/12/2010 10:18:24,IJM0776,PC-0198,http://boeing.com/WboUhagvat1904327536.htm,resume growth concepts experience resume team benefits self process multitask sales job starter initiative develop dynamic degree hours hours passion job required guidance permanent analyze self platform part-time years benefits skills hours multitask resume sales skills sales sales hours salary management skills responsibilities sales multitask start opening opening degree multitask years strong
http,{U0S1-G8NS80GB-8461FHIY},07/12/2010 12:08:56,IJM0776,PC-0198,http://simplyhired.com/WboUhagvat57469130.jsp,platform resume years process job guidance degree expert opening initiative platform develop management required platform develop team engineer develop management opening skills people job team analyze visual develop relocation multiple start responsibilities responsibilities develop team visual passion expert guidance multiple analyze platform job on-time resume resume technologies develop years salary technologies resume job hours required management guidance responsibilities benefits technologies people
http,{B1V1-D6NJ63JK-3387HCYV},07/12/2010 12:25:47,IJM0776,PC-0198,http://yahoo.com/hotjobs/WboUhagvat752138490.php,multiple skills starter dynamic platform strong team on-time salary degree skills skills years dynamic process strong strong develop benefits team contribute experience equivalent analyze contribute resume on-line equivalent platform equivalent team multiple contribute initiative report dynamic growth initiative engineer customer self skills resume
http,{Y3R8-C2LP97KM-8213XCBT},07/12/2010 12:43:40,IJM0776,PC-0198,http://aol.com/jobs/WboUhagvat1963819229.jsp,expert on-time responsibilities experience multitask self report skills platform part-time dynamic process call experience hours people salary strong job platform skills team job dynamic visual strong multitask initiative technologies guidance platform growth concepts on-line sales interface contribute responsibilities skills recruiter growth experience start develop multiple industry passion years multitask concepts job visual engineer
http,{W0O1-F0LV78DP-0823JXZK},07/12/2010 12:49:55,IJM0776,PC-0198,http://jobhuntersbible.com/WboUhagvat1258877042.aspx,platform required multitask opening analyze platform skills interface equivalent passion multitask expert customer people industry multiple growth sales management responsibilities skills years required dynamic opening industry on-time industry years visual self opening analyze growth experience equivalent experience compensation degree contribute hours required opening benefits multiple initiative job years concepts analyze benefits
http,{N7J9-G5PB48IG-6255NISQ},07/12/2010 13:25:53,IJM0776,PC-0198,http://job-hunt.org/WboUhagvat919122234.html,develop management responsibilities job experience permanent multitask team experience people customer on-time start resume analyze platform benefits platform management resume experience years resume years contribute skills required develop degree years team customer passion sales visual team team growth platform experience required report guidance part-time responsibilities management start industry degree management skills on-time interface multiple on-time customer resume initiative passion contribute multitask
http,{O4E7-P7VS04RQ-2690NOFL},07/12/2010 13:51:32,IJM0776,PC-0198,http://yahoo.com/hotjobs/WboUhagvat752138490.php,required degree part-time contribute passion customer growth responsibilities on-line years skills required sales required dynamic customer degree sales equivalent compensation permanent customer starter expert platform on-line platform management starter experience interface report years hours people skills passion visual concepts resume part-time customer engineer
http,{H9X7-F9UO02AE-1582PRCO},07/12/2010 14:15:27,IJM0776,PC-0198,http://jobhuntersbible.com/WboUhagvat1258877042.aspx,required resume industry passion resume strong years salary benefits develop interface dynamic skills on-line interface visual experience on-time strong salary develop skills permanent management interface people degree people contribute sales start equivalent job report multiple experience salary interface platform people job contribute report experience management growth years
email,{Z2Q5-F5FI03JK-9039GXYR},07/12/2010 15:04:56,IJM0776,PC-0198,Slater.Nigel@raytheon.com,,,Indira.Jocelyn.Mack@dtaa.com,32330,0,job compensation skills process initiative start degree equivalent concepts permanent sales permanent strong develop customer hours resume analyze self years experience job strong resume team start interface experience benefits job equivalent salary expert responsibilities develop resume job opening strong multitask dynamic growth responsibilities
http,{J6T5-J1CL89VO-7526VGFE},07/12/2010 16:24:41,IJM0776,PC-0198,http://monster.com/WboUhagvat1180707852.html,experience guidance degree management resume passion experience experience team equivalent expert people initiative job passion start report required responsibilities sales technologies multitask process technologies platform management compensation starter customer job degree engineer team passion people equivalent degree skills team concepts guidance responsibilities skills technologies multitask resume multitask on-time sales contribute responsibilities initiative growth
http,{J2R8-H1WX83BY-1877WLMB},07/13/2010 11:02:37,IJM0776,PC-0198,http://linkedin.com/WboUhagvat1479839504.aspx,passion strong passion benefits strong management years responsibilities multiple engineer skills technologies resume dynamic opening expert starter job required start required job years report team concepts industry multitask experience sales develop develop opening opening degree job skills strong strong guidance experience analyze opening initiative resume engineer people people interface industry salary experience develop skills strong customer multiple
http,{J1I3-V0DZ54AA-8463NMQW},07/13/2010 12:17:43,IJM0776,PC-0198,http://craigslist.org/WboUhagvat1105403916.aspx,team salary industry resume starter required on-time multitask people degree report opening years passion management develop job experience initiative equivalent responsibilities on-time permanent years starter start benefits contribute management starter start required experience strong strong equivalent guidance analyze responsibilities initiative job management starter contribute passion multitask resume process growth degree resume permanent skills
http,{R9T1-J0DR51GV-8129NISG},07/13/2010 12:19:56,IJM0776,PC-0198,http://aol.com/jobs/WboUhagvat1963819229.jsp,management visual recruiter responsibilities self benefits expert team degree guidance develop start benefits develop interface process passion required passion resume years technologies multiple platform contribute multitask develop resume contribute passion contribute degree multiple team expert degree benefits dynamic
http,{W6X2-K8IH67WC-2330UCCY},07/13/2010 13:21:15,IJM0776,PC-0198,http://hp.com/WboUhagvat1944152218.jsp,contribute strong degree equivalent skills multitask interface strong degree dynamic develop benefits starter people people on-time required technologies responsibilities technologies required industry customer multitask permanent on-time permanent expert people industry recruiter permanent on-time responsibilities sales interface permanent job on-line growth contribute resume people industry growth years start benefits hours interface contribute team multitask sales platform on-line resume required develop benefits growth interface
http,{E7M8-N5VZ62YW-3686TAUX},07/13/2010 16:01:34,IJM0776,PC-0198,http://hp.com/WboUhagvat1944152218.jsp,customer opening resume part-time team multiple expert responsibilities contribute technologies compensation job responsibilities multiple analyze years starter team develop develop job degree people growth passion benefits required resume start multitask passion sales contribute responsibilities initiative
http,{C7E7-T4WF40TS-6249XCAW},07/13/2010 16:13:17,IJM0776,PC-0198,http://aol.com/jobs/WboUhagvat1963819229.jsp,resume resume multiple on-time experience self contribute report skills multitask multiple dynamic required resume contribute responsibilities experience analyze team sales responsibilities expert self salary degree degree engineer analyze opening on-time management management initiative strong expert report team opening develop responsibilities management dynamic benefits start start growth growth passion initiative visual responsibilities part-time analyze multitask team multitask customer people job analyze technologies multiple opening technologies growth technologies part-time degree required interface responsibilities experience industry platform
http,{G1M9-Q1HR07GB-3814GLVW},07/14/2010 12:18:40,IJM0776,PC-0198,http://careerbuilder.com/WboUhagvat660170997.htm,responsibilities required team experience experience years years team on-time passion industry responsibilities interface permanent resume team job job equivalent equivalent concepts platform opening job benefits resume years responsibilities experience develop experience start resume start management permanent platform team process analyze engineer equivalent on-line customer process guidance required engineer technologies job develop initiative resume industry experience resume years years guidance compensation
http,{I8X7-H1LL37QJ-1167OIMR},07/14/2010 13:24:37,IJM0776,PC-0198,http://monster.com/WboUhagvat1180707852.html,strong responsibilities years starter responsibilities skills visual sales start hours customer concepts analyze analyze dynamic skills sales analyze multitask multiple job responsibilities benefits required benefits job process people resume compensation team experience recruiter on-time team strong platform required multiple sales responsibilities initiative
http,{T4P9-V4LZ70XC-9011LGBD},07/14/2010 13:33:44,IJM0776,PC-0198,http://lockheedmartin.com/WboUhagvat1636367808.htm,growth expert multiple contribute multiple skills report people growth passion resume expert responsibilities part-time team recruiter skills years degree permanent guidance benefits responsibilities skills degree technologies experience management permanent contribute growth
http,{X3Q6-X3FZ45NH-4483ZZFK},07/14/2010 14:20:58,IJM0776,PC-0198,http://jobhuntersbible.com/WboUhagvat1258877042.aspx,skills initiative benefits required years develop team compensation process responsibilities skills dynamic guidance initiative dynamic process years equivalent skills start passion multitask people develop analyze management report skills concepts customer technologies permanent on-time team passion interface industry starter people job job benefits on-time expert
http,{M2D8-D4WM37KP-2995THHL},07/14/2010 14:59:09,IJM0776,PC-0198,http://indeed.com/WboUhagvat1680703797.html,dynamic salary passion dynamic strong resume start skills guidance process customer multitask degree experience experience platform self responsibilities growth contribute experience passion contribute customer required years passion multiple skills passion process experience platform compensation multitask team team management initiative on-time technologies interface degree customer on-line required start customer analyze self passion permanent concepts customer responsibilities report industry hours team
http,{B6O8-S2IV42YG-0122UOSJ},07/15/2010 09:16:00,IJM0776,PC-0198,http://careerbuilder.com/WboUhagvat660170997.htm,equivalent sales initiative on-time initiative develop equivalent contribute skills job develop report technologies multiple required expert required industry experience responsibilities strong strong growth technologies benefits resume responsibilities team develop relocation concepts required customer opening skills job self team equivalent develop opening opening required team initiative contribute degree job growth technologies degree
http,{M7B4-D3YE52NT-9675NBOR},07/15/2010 09:22:11,IJM0776,PC-0198,http://lockheedmartin.com/WboUhagvat1636367808.htm,multiple benefits people years required people job degree develop start people years degree required multiple technologies resume multitask process skills permanent equivalent concepts starter start initiative degree management process degree people sales management opening opening industry on-time sales process multiple required starter initiative develop platform
http,{P0G8-O4GW65HN-0800GXTH},07/15/2010 12:04:40,IJM0776,PC-0198,http://raytheon.com/WboUhagvat343187784.jsp,required starter recruiter starter customer multitask degree resume passion start platform multitask growth technologies opening sales start multitask dynamic equivalent technologies part-time dynamic initiative contribute initiative contribute opening benefits required
email,{T1D1-D9IQ62FJ-2585FGQI},07/15/2010 13:28:21,IJM0776,PC-0198,Slater.Nigel@raytheon.com,,,Indira.Jocelyn.Mack@dtaa.com,16160,0,multiple years industry compensation skills multiple concepts skills customer resume skills permanent technologies call degree opening report equivalent growth resume initiative growth starter resume team sales skills concepts compensation skills initiative platform required concepts visual management equivalent start contribute part-time passion multiple strong management experience years management permanent job skills concepts
email,{M8J0-U1AZ85RK-8544KRSO},07/15/2010 14:22:01,IJM0776,PC-0198,Slater.Nigel@raytheon.com,,,Indira.Jocelyn.Mack@dtaa.com,40539,0,interface salary passion growth job equivalent process concepts platform degree on-time people industry interface analyze multitask years dynamic opening skills responsibilities equivalent multitask opening equivalent salary initiative multitask benefits develop resume required benefits dynamic team benefits skills growth platform job growth start sales salary
http,{G7I5-M0EN90OY-9105GUAF},07/16/2010 08:35:55,IJM0776,PC-0198,http://northropgrumman.com/WboUhagvat572113271.aspx,strong experience start starter multitask people sales process interface opening team strong initiative experience customer salary platform resume skills platform technologies experience expert initiative required hours concepts required contribute benefits permanent years starter team passion starter resume people compensation contribute equivalent process team years engineer permanent equivalent experience people multiple
http,{K2H8-R3XB74OG-4614QWUB},07/16/2010 10:16:14,IJM0776,PC-0198,http://harris.com/WboUhagvat1919385663.htm,management start multiple growth develop experience strong platform passion strong compensation opening on-line required skills relocation initiative team interface multitask benefits passion multitask on-line on-line interface industry on-line industry skills part-time start interface opening compensation hours customer degree required passion
http,{Z0V3-N7GT07TV-2674LAOE},07/16/2010 11:15:44,IJM0776,PC-0198,http://boeing.com/WboUhagvat1904327536.htm,resume expert engineer resume initiative contribute job expert concepts team dynamic develop years develop self strong dynamic on-time equivalent report guidance opening team initiative required analyze platform resume experience guidance required platform customer benefits
http,{E2J0-W3OS98SX-9751PRJV},07/16/2010 12:13:17,IJM0776,PC-0198,http://linkedin.com/WboUhagvat1479839504.aspx,analyze required process customer degree compensation resume customer degree team experience required passion develop guidance platform develop compensation growth technologies report people dynamic responsibilities growth years self job technologies resume experience opening platform required management concepts guidance management contribute call management on-line start initiative
http,{U0T3-D4XZ89HE-0072KADN},07/16/2010 13:17:49,IJM0776,PC-0198,http://raytheon.com/WboUhagvat343187784.jsp,technologies multiple skills experience team expert responsibilities strong multitask experience benefits develop technologies relocation team required process multiple dynamic job degree skills start analyze degree expert resume report team years multitask salary interface required skills job experience on-time on-time management customer degree interface call
http,{K8Y7-M0JE70JJ-1304BKLI},07/16/2010 16:05:46,IJM0776,PC-0198,http://simplyhired.com/WboUhagvat57469130.jsp,benefits years experience skills interface develop resume customer equivalent multitask required skills required skills growth multitask people sales required management start equivalent experience opening permanent equivalent experience expert years hours multitask degree responsibilities multiple degree initiative experience develop job multitask opening initiative skills people team starter interface strong contribute experience growth experience people experience responsibilities
http,{X6F2-P0UA15DL-0763FBZA},07/19/2010 08:33:29,IJM0776,PC-0198,http://indeed.com/WboUhagvat1680703797.html,multiple dynamic initiative management skills growth required platform platform people passion platform develop skills years responsibilities start growth multiple hours job required degree guidance required multiple people develop start required compensation years opening skills report contribute hours compensation on-time equivalent platform dynamic required initiative interface strong team experience develop experience interface platform on-time
http,{G2B7-S2AT04MZ-9884ZOTE},07/19/2010 08:56:34,IJM0776,PC-0198,http://harris.com/WboUhagvat1919385663.htm,multiple years strong dynamic required required start initiative people process multiple team concepts concepts responsibilities equivalent people platform growth experience on-line required customer on-line permanent management dynamic strong equivalent interface process technologies sales permanent growth responsibilities contribute multitask develop starter strong skills platform job growth resume report growth contribute passion required report guidance call salary dynamic team process
http,{R5D2-O1GL10TY-5804DPXC},07/19/2010 09:48:24,IJM0776,PC-0198,http://simplyhired.com/WboUhagvat57469130.jsp,dynamic industry on-time resume industry passion required degree multitask self resume dynamic report growth contribute platform concepts equivalent job dynamic initiative self hours analyze on-line customer experience industry experience develop years opening industry opening multiple analyze required guidance responsibilities passion develop job develop start salary growth team multitask start multiple guidance
http,{X5M3-I6FN96YC-7094ULZU},07/19/2010 11:55:23,IJM0776,PC-0198,http://raytheon.com/WboUhagvat343187784.jsp,permanent platform process interface concepts years equivalent visual equivalent management salary develop team initiative interface multiple growth management team multiple job multitask strong analyze job sales customer growth required analyze permanent analyze required management contribute platform permanent passion report strong analyze resume platform team management years experience guidance analyze required degree multiple dynamic visual permanent team skills initiative required multitask skills technologies team start experience years
http,{B9X8-C8EC36OP-9584LLBE},07/19/2010 14:49:01,IJM0776,PC-0198,http://yahoo.com/hotjobs/WboUhagvat752138490.php,sales management process compensation part-time benefits concepts sales degree compensation on-line contribute develop technologies experience industry permanent team concepts start technologies industry opening process multiple opening permanent benefits contribute experience on-time part-time develop experience equivalent report required concepts multiple
http,{N5H7-I2FL30JX-2896ZWRT},07/19/2010 14:49:17,IJM0776,PC-0198,http://careerbuilder.com/WboUhagvat660170997.htm,strong multitask interface degree responsibilities multiple experience multitask responsibilities multitask start strong permanent industry growth opening compensation part-time technologies customer years concepts passion resume self guidance team guidance opening experience starter resume report growth team degree report platform process analyze multiple sales opening on-time growth required management platform people experience develop team years people report contribute skills responsibilities process concepts
http,{S8A2-E3WJ66DE-9357WKPS},07/20/2010 09:15:50,IJM0776,PC-0198,http://monster.com/WboUhagvat1180707852.html,platform opening contribute years visual expert start degree equivalent people passion responsibilities equivalent develop interface initiative sales customer people on-time dynamic job sales skills sales multiple equivalent
http,{M4U3-O6YA34EN-2915BZPR},07/20/2010 09:36:17,IJM0776,PC-0198,http://craigslist.org/WboUhagvat1105403916.aspx,visual starter years experience technologies management customer passion multitask degree initiative multiple equivalent resume customer multiple customer call passion salary analyze multitask dynamic concepts years required starter engineer multiple analyze years initiative permanent responsibilities responsibilities process management experience opening strong multiple team on-line degree concepts team skills starter
http,{B1B4-Q7AG64DM-3883IWVW},07/20/2010 10:01:20,IJM0776,PC-0198,http://monster.com/WboUhagvat1180707852.html,guidance management dynamic team industry growth responsibilities guidance passion benefits experience equivalent equivalent management opening benefits on-time starter guidance benefits dynamic benefits initiative team customer management dynamic
http,{J0D9-Z8KZ95JU-2332EFTA},07/20/2010 11:08:26,IJM0776,PC-0198,http://northropgrumman.com/WboUhagvat572113271.aspx,customer self experience multiple required expert growth strong permanent skills develop dynamic degree opening multitask strong expert industry benefits concepts expert initiative platform opening passion expert multiple concepts contribute passion platform team multitask interface platform part-time responsibilities people permanent job compensation job process customer concepts interface contribute required start compensation starter experience
http,{C0Y4-O0SW00YC-0387ZZRA},07/20/2010 11:49:03,IJM0776,PC-0198,http://harris.com/WboUhagvat1919385663.htm,concepts experience passion equivalent technologies contribute industry responsibilities process guidance resume initiative technologies industry people team part-time opening initiative on-line degree skills report experience job multiple part-time technologies equivalent required responsibilities responsibilities strong sales dynamic resume years equivalent permanent team concepts years develop part-time resume analyze process industry initiative responsibilities management required opening call concepts technologies resume initiative responsibilities people opening growth growth report
http,{Q1A7-Q0RU96MI-2344OMJB},07/20/2010 12:46:09,IJM0776,PC-0198,http://job-hunt.org/WboUhagvat919122234.html,contribute skills skills initiative dynamic visual initiative passion analyze initiative required passion multiple job job degree skills contribute initiative responsibilities job initiative develop customer engineer platform hours responsibilities management multitask hours start concepts platform people management growth industry equivalent experience recruiter growth visual team hours opening compensation
http,{P4K8-A7OW36XK-8966RIBC},07/20/2010 14:51:59,IJM0776,PC-0198,http://boeing.com/WboUhagvat1904327536.htm,equivalent skills experience growth compensation opening self technologies concepts resume skills people dynamic platform initiative customer management people job initiative start resume years job experience resume salary multitask dynamic skills benefits multiple permanent permanent multiple develop start equivalent opening multiple passion initiative passion skills responsibilities skills responsibilities required
http,{T7F0-U8YH11XJ-3387USFR},07/20/2010 15:33:54,IJM0776,PC-0198,http://monster.com/WboUhagvat1180707852.html,on-line hours resume hours resume years required interface interface develop degree initiative passion years sales on-time people people years hours start equivalent passion years contribute on-time management permanent resume industry dynamic report concepts benefits resume team years equivalent benefits years customer process growth report engineer
http,{S0E0-I8EI60KF-3478IJDD},07/21/2010 09:29:58,IJM0776,PC-0198,http://monster.com/WboUhagvat1180707852.html,hours management guidance guidance experience engineer opening responsibilities starter hours multiple strong concepts customer passion on-line platform report visual sales report sales resume opening industry customer job start resume contribute expert experience resume contribute process growth on-line analyze people responsibilities
email,{A8L7-E2NG41WZ-0044UNKX},07/21/2010 09:42:43,IJM0776,PC-0198,Slater.Nigel@raytheon.com,,,Indira.Jocelyn.Mack@dtaa.com,27062,0,resume develop initiative equivalent management equivalent required team growth passion responsibilities responsibilities experience multiple dynamic responsibilities guidance start industry years compensation report contribute interface opening responsibilities years analyze equivalent expert expert resume team degree sales growth required process equivalent salary team industry team
http,{U7K6-S5RJ75MY-9133WZCH},07/21/2010 10:13:29,IJM0776,PC-0198,http://aol.com/jobs/WboUhagvat1963819229.jsp,starter permanent start experience initiative years engineer benefits part-time customer salary team interface multitask team opening start required required passion degree benefits expert growth develop required experience on-time develop concepts required self people team process equivalent passion skills interface compensation concepts team customer sales management contribute interface contribute skills opening sales multitask guidance contribute multiple passion initiative start technologies multitask contribute visual permanent resume
http,{Q2O5-N1XC54WW-2775VRKY},07/21/2010 10:50:54,IJM0776,PC-0198,http://boeing.com/WboUhagvat1904327536.htm,resume on-time team resume required multitask passion multiple job multitask concepts people industry growth analyze dynamic multitask job guidance industry contribute guidance degree skills benefits degree equivalent required management compensation degree analyze passion hours multitask guidance strong interface develop platform opening strong resume report degree platform responsibilities years report people analyze required
http,{S5V6-L9YW79NX-7229AOCX},07/21/2010 11:00:24,IJM0776,PC-0198,http://careerbuilder.com/WboUhagvat660170997.htm,growth salary permanent customer self opening on-line contribute strong resume customer team initiative resume contribute initiative industry permanent multitask resume passion start management resume job growth technologies start analyze people interface sales degree responsibilities on-time develop contribute start permanent initiative initiative industry on-line responsibilities strong sales years interface
email,{U9R0-T3AK83AX-6771AVFR},07/21/2010 12:06:26,IJM0776,PC-0198,Slater.Nigel@raytheon.com,,,Indira.Jocelyn.Mack@dtaa.com,24669,0,skills skills equivalent contribute responsibilities process degree required industry job process technologies people experience initiative on-line multiple team resume benefits relocation degree opening team management equivalent strong equivalent develop expert experience resume degree industry experience starter platform concepts develop equivalent responsibilities contribute interface opening process equivalent skills growth job self growth concepts industry contribute sales develop years job multitask experience dynamic customer job process initiative people contribute management multitask engineer analyze resume growth job
http,{H6R7-H8GW67ME-2408XZKK},07/21/2010 13:29:58,IJM0776,PC-0198,http://job-hunt.org/WboUhagvat919122234.html,opening required report responsibilities multiple salary develop start management dynamic multiple strong required customer resume hours technologies required develop degree management develop skills dynamic develop multiple concepts strong guidance benefits responsibilities expert permanent
http,{N7W7-T8VW00SX-2436TXSZ},07/21/2010 14:04:13,IJM0776,PC-0198,http://simplyhired.com/WboUhagvat57469130.jsp,expert resume team equivalent contribute concepts permanent growth people starter skills customer start resume contribute on-line degree start technologies develop passion expert experience customer technologies responsibilities passion passion management platform growth guidance people required team self analyze contribute process benefits on-time experience platform guidance
http,{K8B3-A9GL17LL-9605TACX},07/21/2010 14:32:01,IJM0776,PC-0198,http://boeing.com/WboUhagvat1904327536.htm,passion people dynamic passion expert opening multiple compensation multiple degree benefits on-time equivalent team equivalent growth engineer multitask salary management required degree degree experience concepts passion industry passion experience years process interface team self platform initiative
http,{Z2H9-P7XI10KP-7247QEER},07/21/2010 14:41:13,IJM0776,PC-0198,http://jobhuntersbible.com/WboUhagvat1258877042.aspx,dynamic growth responsibilities skills technologies customer start strong expert strong strong opening interface customer equivalent process degree degree develop benefits develop resume relocation job experience hours customer opening experience required experience customer process develop multiple
email,{S3V5-C0QP49JZ-1034FWRZ},07/21/2010 15:18:15,IJM0776,PC-0198,Slater.Nigel@raytheon.com,,,Indira.Jocelyn.Mack@dtaa.com,25905,0,benefits develop benefits hours team guidance experience experience team contribute initiative management compensation job benefits years required opening develop passion team on-time team skills degree process years passion permanent equivalent hours multitask opening permanent years dynamic on-time visual
http,{X7O6-I6UV42FI-8057IRXR},07/21/2010 15:22:42,IJM0776,PC-0198,http://raytheon.com/WboUhagvat343187784.jsp,contribute equivalent resume equivalent sales team contribute platform develop initiative multitask growth resume people required multitask job passion management compensation passion report initiative responsibilities responsibilities resume concepts industry customer resume technologies passion skills multitask call develop start dynamic multiple multitask interface multitask expert part-time equivalent skills equivalent passion years dynamic
http,{T3O4-R4UI60QF-6604BMVX},07/21/2010 15:58:57,IJM0776,PC-0198,http://lockheedmartin.com/WboUhagvat1636367808.htm,sales experience degree interface concepts resume required passion technologies concepts industry report multiple growth interface growth skills degree resume resume industry opening multitask degree on-line expert platform strong compensation passion management required initiative experience skills guidance guidance interface responsibilities contribute
http,{Y2Y3-O5LU36NF-4961EWLK},07/22/2010 10:09:26,IJM0776,PC-0198,http://raytheon.com/WboUhagvat343187784.jsp,experience permanent benefits sales hours multitask interface platform team dynamic job experience dynamic management initiative concepts experience responsibilities interface multiple contribute salary degree degree sales start visual strong management degree sales technologies multitask develop hours hours customer initiative resume equivalent experience develop compensation expert platform develop benefits contribute skills people experience contribute industry engineer strong multiple experience passion multitask team industry industry self develop expert
http,{H9W0-T6LS55SE-3678EGJL},07/22/2010 10:21:14,IJM0776,PC-0198,http://lockheedmartin.com/WboUhagvat1636367808.htm,responsibilities skills guidance technologies permanent dynamic expert on-line growth technologies required team degree self passion opening expert skills people self opening multitask self develop initiative concepts industry interface sales sales management customer team permanent required industry develop self strong start years develop responsibilities multitask strong dynamic
http,{Z6O7-H2YD88JI-6936QKGV},07/22/2010 10:36:19,IJM0776,PC-0198,http://simplyhired.com/WboUhagvat57469130.jsp,platform customer salary on-time multitask growth platform multitask required report dynamic develop process experience customer passion opening dynamic starter management equivalent sales required contribute required years multiple on-time start responsibilities skills team engineer sales resume required people initiative expert customer self call develop industry people benefits responsibilities start multitask dynamic team technologies required multitask benefits benefits resume degree required experience contribute equivalent multiple resume relocation concepts people industry skills report industry start industry process customer
http,{W7C8-S7IL95FB-5639XMBB},07/22/2010 11:01:30,IJM0776,PC-0198,http://lockheedmartin.com/WboUhagvat1636367808.htm,team guidance multitask initiative technologies customer experience resume analyze technologies strong develop degree management team opening salary job report concepts engineer sales initiative skills strong years permanent team multiple years customer start resume required develop process expert develop opening strong dynamic develop part-time experience experience multitask report years customer responsibilities responsibilities years strong process industry multitask job growth management passion contribute concepts compensation
http,{L4H4-F1NC18TR-9930NZHC},07/22/2010 11:46:02,IJM0776,PC-0198,http://hp.com/WboUhagvat1944152218.jsp,permanent resume start multitask concepts people multiple platform experience expert skills permanent equivalent initiative strong hours benefits responsibilities required technologies technologies degree engineer opening engineer years degree initiative industry sales management benefits benefits benefits guidance responsibilities resume concepts equivalent skills process management team team concepts resume years required report multiple on-line on-time opening multiple degree team concepts compensation
http,{M2W1-R2OA17JR-5895JFUS},07/22/2010 13:00:16,IJM0776,PC-0198,http://boeing.com/WboUhagvat1904327536.htm,passion interface on-line initiative opening customer contribute benefits platform resume sales people benefits opening dynamic resume guidance required job resume experience part-time strong resume passion growth multitask responsibilities team guidance industry team team expert experience develop equivalent degree growth management degree initiative opening start benefits resume multitask visual interface team start opening skills management multiple
http,{C6V5-Z0UD20YS-4671DQID},07/22/2010 13:14:17,IJM0776,PC-0198,http://monster.com/WboUhagvat1180707852.html,on-time responsibilities strong interface experience management years required starter resume develop visual technologies experience degree degree required degree customer multitask experience team resume years required responsibilities guidance experience management guidance team dynamic interface skills develop develop guidance experience responsibilities start customer team customer degree experience dynamic on-time permanent industry required permanent permanent opening multitask initiative required platform contribute skills dynamic part-time multitask opening
http,{E1I7-C2DZ01CU-1543HFTH},07/22/2010 13:34:41,IJM0776,PC-0198,http://job-hunt.org/WboUhagvat919122234.html,responsibilities concepts hours on-line experience responsibilities report resume sales develop years concepts people contribute team job equivalent skills self opening hours sales permanent expert experience expert years equivalent team start growth self hours people technologies permanent responsibilities engineer contribute required team multiple people develop sales compensation
http,{E4N7-D5RX88WA-4698PYON},07/22/2010 14:09:35,IJM0776,PC-0198,http://aol.com/jobs/WboUhagvat1963819229.jsp,experience years analyze concepts people call report industry expert relocation benefits initiative relocation experience equivalent multitask required interface responsibilities part-time multiple hours technologies years years skills permanent engineer initiative management management skills passion guidance multiple skills
http,{K5V1-G7YF13PI-1185IWYQ},07/22/2010 16:09:16,IJM0776,PC-0198,http://craigslist.org/WboUhagvat1105403916.aspx,part-time equivalent platform job guidance technologies growth initiative benefits multitask technologies industry engineer job management call technologies benefits interface concepts experience responsibilities skills multitask people expert contribute process expert on-time required interface engineer opening self interface strong experience job
http,{G3R6-I0TZ27YD-5126HQMM},07/23/2010 09:21:51,IJM0776,PC-0198,http://jobhuntersbible.com/WboUhagvat1258877042.aspx,report required concepts industry compensation multiple resume years contribute interface compensation opening dynamic required process interface industry guidance develop growth interface job concepts develop growth develop contribute growth equivalent required skills responsibilities interface on-time strong multitask contribute experience required on-line management report process passion skills required sales benefits part-time degree concepts concepts salary platform growth
http,{X9S7-S4EU51OE-1769IEZG},07/23/2010 10:32:01,IJM0776,PC-0198,http://yahoo.com/hotjobs/WboUhagvat752138490.php,technologies permanent skills permanent sales required interface years concepts starter report passion degree skills platform platform skills skills starter report responsibilities team required develop report skills skills skills expert contribute process opening industry analyze industry growth initiative technologies equivalent report experience sales interface permanent compensation responsibilities start develop people hours salary start analyze opening growth
http,{S4E5-E2RT17VA-4241VTAB},07/23/2010 11:46:56,IJM0776,PC-0198,http://raytheon.com/WboUhagvat343187784.jsp,degree management compensation develop technologies responsibilities compensation people on-line skills report expert resume team self on-time team experience contribute resume start skills start report passion degree self contribute multitask analyze technologies benefits initiative develop
http,{C6F7-Z3UC21YU-5242DQPR},07/23/2010 12:03:50,IJM0776,PC-0198,http://monster.com/WboUhagvat1180707852.html,equivalent passion required customer skills skills skills skills degree customer equivalent multiple expert degree skills people self on-line experience develop multitask technologies team industry team required required equivalent technologies develop responsibilities resume years dynamic industry responsibilities analyze hours growth benefits develop industry
http,{S1C7-S3EM22LJ-4244ZYQU},07/23/2010 12:54:29,IJM0776,PC-0198,http://indeed.com/WboUhagvat1680703797.html,equivalent multitask growth customer skills start required analyze people skills sales management equivalent industry starter analyze concepts engineer interface contribute degree industry passion start multitask passion growth growth responsibilities experience report benefits resume dynamic years multitask industry contribute guidance guidance on-time technologies initiative initiative multitask growth required required team on-time degree management interface benefits compensation permanent analyze skills multiple management job experience benefits benefits on-line guidance industry technologies experience customer technologies industry
http,{R9A3-S8MM29CN-8801DLSW},07/23/2010 13:55:24,IJM0776,PC-0198,http://boeing.com/WboUhagvat1904327536.htm,required growth opening degree technologies experience start customer benefits multiple self sales responsibilities compensation expert responsibilities multiple multitask skills dynamic interface responsibilities resume multitask permanent passion sales multiple develop management platform management degree industry resume customer compensation sales start skills expert expert start experience on-time responsibilities skills equivalent multiple dynamic resume required technologies job develop guidance interface part-time team opening opening customer start
http,{Q1O3-E4DG92SA-2100EHOV},07/23/2010 15:09:29,IJM0776,PC-0198,http://harris.com/WboUhagvat1919385663.htm,strong people strong equivalent compensation required skills equivalent analyze degree responsibilities on-line industry process technologies resume permanent platform engineer technologies start analyze strong job process experience skills contribute years degree passion initiative on-line equivalent industry expert self job platform benefits customer multitask process growth people growth strong sales technologies dynamic degree skills skills team dynamic multitask years
http,{Q2D2-N6RL82HY-9600NAEQ},07/26/2010 12:24:28,IJM0776,PC-0198,http://careerbuilder.com/WboUhagvat660170997.htm,responsibilities equivalent dynamic skills dynamic sales sales start compensation team management industry platform customer equivalent passion multitask part-time analyze contribute start skills hours degree sales experience equivalent years resume platform resume skills salary degree dynamic equivalent degree customer
http,{G8S1-U2OK96DW-0542SXEF},07/26/2010 15:18:34,IJM0776,PC-0198,http://linkedin.com/WboUhagvat1479839504.aspx,team contribute team years team team opening experience resume responsibilities passion multitask hours contribute compensation opening management skills passion years responsibilities analyze team equivalent years growth concepts engineer multitask job years required contribute customer permanent concepts permanent required multiple self sales skills sales skills interface visual skills years sales self dynamic resume concepts experience responsibilities starter equivalent customer report start experience report sales people degree contribute develop compensation degree
email,{Q1K4-T0KN16TJ-4530NZSH},07/27/2010 10:35:32,IJM0776,PC-0198,Slater.Nigel@raytheon.com,,,Indira.Jocelyn.Mack@dtaa.com,23355,0,growth job customer job team permanent team job contribute strong compensation resume team call required responsibilities experience required skills multiple initiative opening people experience multiple degree experience years passion dynamic guidance job management passion benefits sales dynamic customer multitask benefits multitask resume degree required interface hours guidance industry platform engineer resume passion call hours engineer resume
email,{S9O2-O8TQ14FE-0898VSDN},07/27/2010 10:54:27,IJM0776,PC-0198,Slater.Nigel@raytheon.com,,,Indira.Jocelyn.Mack@dtaa.com,28090,0,growth expert technologies salary responsibilities opening sales technologies opening degree technologies expert multiple sales guidance technologies management concepts concepts job degree expert start initiative degree skills benefits resume responsibilities multitask job starter guidance years analyze customer compensation dynamic on-line team sales team concepts sales responsibilities start concepts strong contribute report multiple resume
http,{U3A2-O5JL40JZ-1735WMCM},07/27/2010 12:40:12,IJM0776,PC-0198,http://hp.com/WboUhagvat1944152218.jsp,relocation required management equivalent dynamic experience start multitask skills develop degree growth strong experience platform platform expert multiple skills self sales opening guidance concepts report job concepts required multitask team on-time multiple process customer initiative starter starter salary skills salary initiative opening opening degree people start multiple equivalent growth equivalent team interface strong sales experience resume industry resume multiple team passion job required multitask required develop responsibilities
email,{B4M9-O2HP70IZ-7564RLDT},07/27/2010 13:20:12,IJM0776,PC-0198,Slater.Nigel@raytheon.com,,,Indira.Jocelyn.Mack@dtaa.com,38030,0,interface concepts part-time multitask contribute salary responsibilities expert multitask multiple passion develop on-time guidance job dynamic required guidance skills on-time degree platform resume job technologies growth report resume strong guidance people job engineer develop sales equivalent people dynamic experience responsibilities years contribute multiple
http,{N1M7-Q1FG52LC-9455KNPM},07/27/2010 13:45:07,IJM0776,PC-0198,http://job-hunt.org/WboUhagvat919122234.html,multiple resume required years develop salary passion expert equivalent technologies industry passion engineer passion salary required report job develop dynamic start salary skills passion team platform team expert skills experience team people hours report degree required passion required multitask equivalent guidance years technologies call years equivalent platform required skills industry passion start initiative technologies passion opening responsibilities initiative benefits multitask on-time on-time contribute concepts technologies permanent self experience customer required
http,{I1E2-Z8SC93ID-2976NHDK},07/27/2010 16:14:18,IJM0776,PC-0198,http://harris.com/WboUhagvat1919385663.htm,team sales passion years technologies customer on-line hours report industry compensation platform on-time strong years multitask analyze years passion required sales multiple skills growth contribute people sales responsibilities interface opening analyze management years engineer degree platform equivalent strong sales self experience customer required responsibilities team growth industry resume responsibilities report industry permanent multiple team required platform equivalent report people
http,{K3A2-E3VV64OF-4094VEKR},07/28/2010 08:51:16,IJM0776,PC-0198,http://monster.com/WboUhagvat1180707852.html,interface passion multitask responsibilities customer passion technologies guidance resume expert dynamic degree experience resume report dynamic salary years on-line customer job relocation experience multitask process management start team responsibilities start sales multiple platform dynamic experience resume report growth concepts multiple contribute concepts strong start resume platform skills concepts start people permanent team required resume report job on-time skills equivalent equivalent resume multitask equivalent platform permanent
http,{U1N2-J9PN15UL-5782QEXU},07/28/2010 08:53:11,IJM0776,PC-0198,http://aol.com/jobs/WboUhagvat1963819229.jsp,expert permanent experience industry on-time people required salary contribute management salary interface passion initiative benefits people initiative resume industry equivalent on-time expert contribute contribute report multitask experience opening technologies required job initiative interface permanent skills benefits interface industry team responsibilities process equivalent recruiter
http,{X5Q7-R3WL96KJ-8853NCDG},07/28/2010 09:28:14,IJM0776,PC-0198,http://careerbuilder.com/WboUhagvat660170997.htm,responsibilities part-time years years initiative recruiter initiative interface benefits contribute on-time on-time experience analyze growth contribute passion contribute dynamic develop experience develop benefits management benefits permanent growth strong part-time guidance hours degree skills hours management benefits responsibilities dynamic team engineer benefits
http,{M8E4-L2QG85YZ-6226CCZB},07/28/2010 10:21:16,IJM0776,PC-0198,http://simplyhired.com/WboUhagvat57469130.jsp,dynamic multiple people guidance resume growth customer multitask years part-time industry start industry growth responsibilities initiative industry technologies benefits required process strong experience contribute team multitask initiative interface years years skills growth degree sales on-time concepts sales dynamic team analyze
http,{F1N5-C8GJ86QQ-3032MFOU},07/28/2010 13:32:41,IJM0776,PC-0198,http://harris.com/WboUhagvat1919385663.htm,platform develop analyze expert job permanent customer permanent equivalent industry expert experience skills customer required analyze compensation multitask required sales on-time team sales required customer required benefits multitask industry interface team passion initiative contribute dynamic analyze interface required part-time develop team years start growth technologies concepts sales customer concepts responsibilities part-time passion interface
http,{E7N2-M0NR83MA-5783BQUJ},07/29/2010 08:59:04,IJM0776,PC-0198,http://hp.com/WboUhagvat1944152218.jsp,skills expert years people industry team dynamic job skills resume passion starter opening dynamic technologies job growth concepts initiative start salary initiative technologies hours technologies years compensation expert salary multiple multiple responsibilities self job start on-line initiative initiative resume platform resume required team benefits on-time technologies
http,{I2B4-D3WE85EK-5494FDDJ},07/29/2010 09:25:55,IJM0776,PC-0198,http://raytheon.com/WboUhagvat343187784.jsp,start salary technologies customer responsibilities contribute interface experience interface equivalent job passion opening equivalent relocation industry team expert call experience responsibilities industry expert multitask permanent relocation team customer visual report team platform dynamic salary compensation equivalent contribute start skills platform hours permanent team guidance report multiple team contribute hours strong experience years responsibilities industry responsibilities resume required multitask strong job opening people expert self experience management strong benefits industry engineer contribute
http,{R0H0-L2VU17MO-9523QJZX},07/29/2010 09:32:24,IJM0776,PC-0198,http://jobhuntersbible.com/WboUhagvat1258877042.aspx,strong opening required people multiple technologies management dynamic resume platform people responsibilities growth start management concepts opening required start skills equivalent develop technologies benefits technologies contribute multiple report people platform passion start multiple start analyze sales sales benefits experience
http,{G4D7-V9UL51EI-8762MNNK},07/29/2010 10:12:58,IJM0776,PC-0198,http://careerbuilder.com/WboUhagvat660170997.htm,dynamic responsibilities self skills on-time skills industry guidance recruiter team engineer benefits process job technologies skills report people on-line hours skills responsibilities initiative benefits people passion compensation develop years experience team equivalent develop experience strong multiple skills job skills on-line
http,{I9Y2-D4FX66XM-3996ZEYU},07/29/2010 10:38:11,IJM0776,PC-0198,http://careerbuilder.com/WboUhagvat660170997.htm,expert resume contribute develop customer customer multitask equivalent technologies management part-time customer degree process permanent permanent strong multitask passion contribute sales expert guidance industry required required contribute compensation years job visual multitask degree interface interface management degree resume growth job management technologies resume sales job start benefits develop job customer platform concepts benefits multiple people start opening initiative responsibilities
http,{J1P4-M7OE34VZ-7210NZXC},07/29/2010 11:12:02,IJM0776,PC-0198,http://hp.com/WboUhagvat1944152218.jsp,skills customer start starter initiative skills opening job start self benefits multiple opening initiative sales platform concepts passion concepts expert team resume technologies strong experience start industry customer opening industry concepts years opening management responsibilities team required part-time job years passion equivalent skills benefits develop
http,{B3F6-B7VH63WX-3434MWYX},07/29/2010 12:18:13,IJM0776,PC-0198,http://craigslist.org/WboUhagvat1105403916.aspx,people benefits expert skills responsibilities job job years multiple guidance responsibilities report concepts skills dynamic experience develop starter process platform concepts benefits passion part-time hours responsibilities job growth multitask hours expert report on-line years dynamic job degree experience on-time develop years opening dynamic technologies process permanent multiple multiple multiple salary job resume responsibilities growth recruiter resume interface multiple skills required
http,{M4Z1-Q7OD70GX-3945NQFB},07/29/2010 12:38:48,IJM0776,PC-0198,http://jobhuntersbible.com/WboUhagvat1258877042.aspx,process expert start multitask initiative concepts responsibilities skills experience develop benefits expert management benefits start passion job contribute relocation platform experience multitask years guidance multiple team job job dynamic passion permanent years growth years people experience guidance initiative on-time starter permanent benefits resume contribute industry multitask technologies benefits
http,{M6C6-L5NB50ID-2298YJEE},07/29/2010 14:03:37,IJM0776,PC-0198,http://careerbuilder.com/WboUhagvat660170997.htm,customer multitask develop growth dynamic sales skills equivalent interface responsibilities required skills starter platform equivalent growth contribute job multiple multitask experience degree platform start responsibilities years experience benefits degree multitask skills job sales contribute management hours sales expert multitask opening process equivalent hours
http,{Y7F0-T3IA81KM-8836KAUX},07/29/2010 14:24:18,IJM0776,PC-0198,http://monster.com/WboUhagvat1180707852.html,team guidance visual experience sales resume industry skills job people industry opening report salary interface contribute on-time years customer sales resume responsibilities salary call compensation compensation passion responsibilities equivalent technologies on-time on-time technologies required skills management degree guidance customer develop contribute visual team start technologies guidance required platform degree develop platform sales skills growth guidance multitask process compensation
http,{F1G7-I9HS20UO-0260VVKV},07/30/2010 08:36:22,IJM0776,PC-0198,http://craigslist.org/WboUhagvat1105403916.aspx,people platform responsibilities equivalent technologies strong dynamic passion start contribute job part-time team interface guidance dynamic interface report guidance team industry sales on-time years guidance start years sales technologies start platform experience start skills degree platform guidance degree equivalent dynamic develop growth initiative growth passion experience multitask multitask responsibilities people required people years multitask
http,{C6S8-C4RW57XM-0962USYA},07/30/2010 12:28:59,IJM0776,PC-0198,http://jobhuntersbible.com/WboUhagvat1258877042.aspx,hours experience on-time team team required on-time management contribute hours required job team customer resume start technologies passion degree experience permanent job dynamic process passion multitask start multiple dynamic strong skills compensation resume industry multiple benefits start dynamic starter management multitask multiple growth required sales skills start job compensation growth strong opening skills opening call salary required required opening starter management passion years develop degree years degree resume growth passion
http,{Z1N5-E8DJ19SE-3106UFFQ},07/30/2010 13:38:55,IJM0776,PC-0198,http://indeed.com/WboUhagvat1680703797.html,multiple experience visual experience skills years benefits analyze contribute self degree job sales sales experience resume interface resume growth opening strong initiative report guidance years starter resume concepts platform customer degree equivalent job degree required multiple resume multitask growth multiple responsibilities skills report multitask experience benefits multiple permanent multiple growth required years responsibilities engineer people initiative part-time start resume develop
email,{Y9G5-T2JV28EV-7909TQTZ},07/30/2010 14:14:55,IJM0776,PC-0198,Slater.Nigel@raytheon.com,,,Indira.Jocelyn.Mack@dtaa.com,27356,0,salary starter growth salary responsibilities degree management interface concepts management responsibilities contribute growth engineer skills benefits experience team people concepts resume experience visual skills hours permanent passion passion develop responsibilities concepts dynamic multitask customer experience interface visual resume customer concepts management team permanent process permanent develop permanent technologies growth hours resume responsibilities management guidance people interface equivalent responsibilities interface resume experience sales
email,{A8Z0-P7PL26NM-1802GPPU},07/30/2010 14:19:16,IJM0776,PC-0198,Slater.Nigel@raytheon.com,,,Indira.Jocelyn.Mack@dtaa.com,17621,0,resume interface experience process process engineer hours experience engineer report growth people responsibilities experience team guidance sales required starter dynamic expert experience resume degree equivalent opening responsibilities customer people experience dynamic platform multitask years technologies multitask industry salary skills multitask expert benefits skills platform
http,{K7O5-Y2WN16FQ-4525SIZA},07/30/2010 14:39:27,IJM0776,PC-0198,http://simplyhired.com/WboUhagvat57469130.jsp,passion opening sales resume industry multitask develop years job multitask job part-time on-line platform degree resume degree guidance technologies management responsibilities start responsibilities permanent contribute hours people technologies initiative required interface strong permanent passion multitask growth job benefits guidance growth passion develop analyze years contribute on-time multitask on-time report initiative resume resume job initiative skills experience
http,{V1D7-M2GC04BM-8682IUYA},07/30/2010 15:49:06,IJM0776,PC-0198,http://lockheedmartin.com/WboUhagvat1636367808.htm,years report resume years strong engineer visual on-line salary industry sales permanent start industry start salary on-time strong salary call team concepts passion compensation customer team process analyze develop passion required people process team skills analyze concepts skills start technologies platform report contribute technologies hours multitask
http,{V6F9-Y0EX30DI-5093JNGI},07/30/2010 16:24:29,IJM0776,PC-0198,http://careerbuilder.com/WboUhagvat660170997.htm,develop resume team degree technologies strong strong visual customer initiative report customer analyze initiative people customer technologies skills years resume people multiple expert skills sales permanent analyze part-time technologies team starter job years equivalent team strong growth sales sales required multiple years initiative degree permanent responsibilities required opening engineer report develop degree report relocation interface self initiative skills skills opening technologies management multitask experience platform hours industry
http,{S4V1-W7IY01GO-7876SMEE},08/02/2010 08:47:45,IJM0776,PC-0198,http://jobhuntersbible.com/WboUhagvat1258877042.aspx,sales strong strong multiple passion multiple degree sales contribute permanent team growth initiative part-time interface engineer report platform skills expert salary salary permanent platform passion experience equivalent multitask responsibilities experience interface benefits hours concepts opening job concepts multitask industry experience concepts required degree passion years interface report platform starter benefits people strong multitask experience responsibilities visual guidance initiative
http,{A4X7-B9SJ46NF-1867WYCM},08/02/2010 10:51:55,IJM0776,PC-0198,http://raytheon.com/WboUhagvat343187784.jsp,compensation platform initiative responsibilities responsibilities compensation starter call growth contribute call management required multiple benefits start job team degree team resume contribute management technologies starter years on-line growth experience visual permanent industry equivalent starter equivalent contribute passion
email,{F9M1-J2MI63QO-0452TDSX},08/03/2010 08:46:53,IJM0776,PC-0198,Slater.Nigel@raytheon.com,,,Indira.Jocelyn.Mack@dtaa.com,43777,0,management initiative benefits contribute benefits contribute sales skills expert concepts self job resume develop equivalent team people resume opening interface resume analyze technologies passion resume interface multiple team concepts opening opening resume process people salary permanent multitask responsibilities initiative equivalent hours expert on-line interface management responsibilities skills multitask opening platform passion equivalent years people resume multiple management opening customer on-time platform
http,{Y7I3-I5RJ50YQ-8857KMBX},08/03/2010 09:05:19,IJM0776,PC-0198,http://job-hunt.org/WboUhagvat919122234.html,strong degree industry concepts responsibilities initiative on-line resume opening starter experience customer required industry report required skills skills skills contribute dynamic visual technologies resume skills develop develop degree starter skills analyze multitask responsibilities dynamic guidance opening skills
email,{A9Z5-H8XZ32ML-5966SPSO},08/03/2010 15:30:57,IJM0776,PC-0198,Slater.Nigel@raytheon.com,,,Indira.Jocelyn.Mack@dtaa.com,28786,0,skills permanent hours skills job expert relocation strong sales responsibilities experience skills engineer management people starter multitask resume resume visual develop starter starter interface management strong people customer required compensation required dynamic people self passion responsibilities analyze resume
http,{J2Q5-Q7ZL07XV-9643PEHP},08/04/2010 09:23:33,IJM0776,PC-0198,http://boeing.com/WboUhagvat1904327536.htm,job passion start start platform required years required permanent team growth responsibilities develop start years interface required self equivalent people develop required opening salary technologies guidance required concepts resume resume develop required equivalent report multiple permanent resume platform develop equivalent team people on-time passion benefits industry management expert job contribute required dynamic management responsibilities analyze people opening multiple industry
http,{E1Z3-U5IE31SV-7726LTHX},08/04/2010 10:20:53,IJM0776,PC-0198,http://job-hunt.org/WboUhagvat919122234.html,team team management report part-time develop analyze passion management strong self required part-time required passion starter permanent multiple start sales required passion salary visual process sales years initiative concepts sales start benefits job on-time resume call guidance process resume visual hours dynamic compensation guidance technologies resume skills initiative equivalent technologies growth compensation equivalent experience management contribute resume required skills equivalent multiple growth years contribute
http,{O0E1-Q0UX16UM-1638DWWW},08/04/2010 10:41:28,IJM0776,PC-0198,http://northropgrumman.com/WboUhagvat572113271.aspx,people people start people part-time report equivalent resume sales growth develop sales responsibilities experience responsibilities years technologies required expert experience passion required contribute experience opening responsibilities guidance degree expert interface people initiative skills multiple job salary sales platform experience platform people customer sales people multiple start customer dynamic report develop degree
http,{N0G9-B3BJ32LZ-9669HSFS},08/04/2010 12:00:04,IJM0776,PC-0198,http://simplyhired.com/WboUhagvat57469130.jsp,passion sales initiative skills team multiple permanent multiple experience develop sales people initiative customer salary starter develop skills experience platform experience responsibilities team customer part-time industry on-time customer analyze
http,{P2U2-R5JF79DY-1949KNIQ},08/04/2010 12:57:36,IJM0776,PC-0198,http://indeed.com/WboUhagvat1680703797.html,on-time years industry develop skills required opening multiple opening degree start dynamic resume resume resume salary on-time benefits people years multitask customer degree equivalent self compensation degree customer report benefits starter customer technologies years contribute report years permanent resume people responsibilities multiple self analyze people degree degree job team management platform part-time
email,{E9Q9-P5SX26QZ-9913PUFW},08/04/2010 13:34:01,IJM0776,PC-0198,Slater.Nigel@raytheon.com,,,Indira.Jocelyn.Mack@dtaa.com,26732,1,experience multitask permanent required team dynamic starter skills start opening industry concepts responsibilities required industry technologies required concepts multiple compensation initiative compensation growth management visual permanent on-line develop degree job experience degree degree permanent benefits technologies platform process process multitask experience multiple management resume multitask benefits on-line resume platform
http,{Q7S8-A5UF13UP-5843OFKW},08/04/2010 14:38:45,IJM0776,PC-0198,http://simplyhired.com/WboUhagvat57469130.jsp,management multitask permanent resume experience required responsibilities initiative initiative resume contribute years opening multiple multiple concepts visual years resume sales resume multitask process degree interface visual multitask industry years equivalent resume customer industry opening years process team multitask passion degree experience
http,{V3Y3-C0EJ17WD-6140DVIW},08/04/2010 16:11:42,IJM0776,PC-0198,http://linkedin.com/WboUhagvat1479839504.aspx,growth start multiple management on-time guidance required experience customer opening multitask dynamic self platform develop resume concepts growth platform strong job industry people hours self experience interface degree people relocation growth interface on-time required contribute experience multiple contribute equivalent start degree industry expert benefits benefits growth experience platform skills industry job
http,{J3V1-H1BW04SJ-3140RVOQ},08/04/2010 16:19:07,IJM0776,PC-0198,http://raytheon.com/WboUhagvat343187784.jsp,guidance required develop skills on-time industry guidance analyze industry resume salary responsibilities engineer degree permanent resume sales opening equivalent initiative technologies multitask degree strong self resume develop customer initiative growth multiple resume job years develop growth expert dynamic
device,{X5U8-Z4XC86QS-5949ROKV},08/06/2010 09:27:24,IJM0776,PC-0198,Connect
device,{Z0S3-A5MX03AY-0184PNWO},08/06/2010 09:36:53,IJM0776,PC-0198,Disconnect
device,{X4G5-B2TE46HR-9348IGTU},08/06/2010 10:02:44,IJM0776,PC-0198,Connect
device,{P7M8-L1WJ21IN-4440SGHO},08/06/2010 10:04:49,IJM0776,PC-0198,Disconnect
device,{W7W5-I6VY17YK-7084RCZB},08/06/2010 10:34:17,IJM0776,PC-0198,Connect
device,{I6T7-E7DQ49AY-7272BMUI},08/06/2010 11:06:00,IJM0776,PC-0198,Disconnect
device,{U3H5-W4KJ81JS-9227LEFT},08/06/2010 11:23:02,IJM0776,PC-0198,Connect
device,{A1H5-L4VF58RY-2966GHQG},08/06/2010 11:41:54,IJM0776,PC-0198,Disconnect
device,{R7B5-C2WL21ZV-3910ZUEV},08/06/2010 11:58:42,IJM0776,PC-0198,Connect
device,{F2S3-Z1EX62UH-6536RJEF},08/06/2010 12:01:46,IJM0776,PC-0198,Disconnect
device,{V4G2-Q9NA28KG-0451GOPX},08/06/2010 13:29:14,IJM0776,PC-0198,Connect
device,{C2T8-D2FT35FC-5237EXDN},08/06/2010 13:44:55,IJM0776,PC-0198,Disconnect
device,{W7M0-D1TM79ZB-0119GDEG},08/06/2010 14:53:48,IJM0776,PC-0198,Connect
device,{U8C4-T5YP22TQ-0991RHKJ},08/06/2010 15:06:12,IJM0776,PC-0198,Disconnect
device,{Y8N9-Q0FY23UG-5168ZNJB},08/06/2010 16:04:05,IJM0776,PC-0198,Connect
device,{Y4L4-I4ME75UN-0866BYDW},08/06/2010 16:08:01,IJM0776,PC-0198,Disconnect
device,{Q6F6-P9JW56KR-9000CXSS},08/09/2010 09:28:24,IJM0776,PC-0198,Connect
device,{X9X0-X9TU16FT-3629GKNL},08/09/2010 09:30:48,IJM0776,PC-0198,Disconnect
device,{N8P8-P2XO97PY-7417CAXP},08/09/2010 10:18:56,IJM0776,PC-0198,Connect
device,{R0A1-J0HR31PP-1865HGFW},08/09/2010 10:39:59,IJM0776,PC-0198,Disconnect
device,{P1I1-V4DC16GS-4047WIHH},08/09/2010 11:58:12,IJM0776,PC-0198,Connect
device,{F3N1-D3UU45HG-1252DUTV},08/09/2010 12:11:03,IJM0776,PC-0198,Disconnect
device,{B6E4-Q3OD56SH-2797YQRT},08/09/2010 13:09:32,IJM0776,PC-0198,Connect
device,{Y0K7-M1NK83PN-9381CRPX},08/09/2010 13:11:10,IJM0776,PC-0198,Disconnect
device,{X1E6-H6HE77RA-0286LSGI},08/09/2010 13:35:21,IJM0776,PC-0198,Connect
device,{B0W0-P2PT08UH-6461PHSA},08/09/2010 13:55:28,IJM0776,PC-0198,Disconnect
device,{O1K9-J9TZ08BT-7217NGVR},08/09/2010 15:21:25,IJM0776,PC-0198,Connect
device,{K1K1-K0II02JI-2623KHRM},08/09/2010 15:52:03,IJM0776,PC-0198,Disconnect
email,{C2K4-B5OX45HX-9412TMCS},08/17/2010 10:36:14,IJM0776,PC-0198,Blaine.Helen.Cervantes@dtaa.com,,,Indira.Jocelyn.Mack@dtaa.com,21962,0,key week exit exit resignation resign opportunity position resignation of thanks resign notice of opportunity resign exit resignation opportunity week 2 notice of notice position position of tender resignation resign exit resign resign letter key interview of week position position resignation 2 resignation tender resignation thanks position position resignation week notice resign
device,{D7O2-I2OR88NL-1319MHOO},08/18/2010 08:38:59,IJM0776,PC-0198,Connect
device,{O1K3-S2KS39ZR-6929ZRQY},08/18/2010 08:56:06,IJM0776,PC-0198,Disconnect
device,{E9Q9-V3IP53RZ-3790HYEQ},08/18/2010 10:04:01,IJM0776,PC-0198,Connect
device,{E3R2-H2ZY77YR-0818NAKH},08/18/2010 10:10:12,IJM0776,PC-0198,Disconnect
device,{L0R2-T3NR42PR-5614EGPU},08/18/2010 11:08:01,IJM0776,PC-0198,Connect
device,{I9M8-V6BO34RB-5252JVAX},08/18/2010 11:29:56,IJM0776,PC-0198,Disconnect
device,{W2B3-Y7GZ23NB-4778GVTX},08/18/2010 11:49:02,IJM0776,PC-0198,Connect
device,{L8A4-W3DY23ET-4372GCLP},08/18/2010 11:49:49,IJM0776,PC-0198,Disconnect
device,{X1D9-E1EF88GO-1763CWPZ},08/18/2010 15:09:15,IJM0776,PC-0198,Connect
device,{W3T8-C1NM45SI-5549KSDW},08/18/2010 15:09:18,IJM0776,PC-0198,Disconnect
device,{Y9E5-V5HH62SG-9409LHWW},08/19/2010 08:51:04,IJM0776,PC-0198,Connect
device,{U0Q7-G7ZN74GX-0637UFYZ},08/19/2010 09:36:52,IJM0776,PC-0198,Disconnect
device,{A8U0-P2MW26CB-4944YHJU},08/19/2010 11:24:38,IJM0776,PC-0198,Connect
device,{P6I0-O1SE42OC-6718WMDM},08/19/2010 11:26:44,IJM0776,PC-0198,Disconnect
device,{N7S2-A5GS17SJ-3096VEFZ},08/19/2010 12:13:39,IJM0776,PC-0198,Connect
device,{A0H6-Y2IH34HG-7962YRDS},08/19/2010 12:15:29,IJM0776,PC-0198,Disconnect
device,{F7W1-I9ME40ZK-4808MZDZ},08/19/2010 12:59:34,IJM0776,PC-0198,Connect
device,{D9Y8-T8MD34MT-6777TRZH},08/19/2010 13:41:04,IJM0776,PC-0198,Disconnect
device,{Y5E1-W2QJ31HX-7361KZYQ},08/19/2010 13:53:21,IJM0776,PC-0198,Connect
device,{X1R5-P5SB84AH-2260GUFS},08/19/2010 14:23:27,IJM0776,PC-0198,Disconnect
device,{O0H0-X8RU01JS-1627QSWK},08/19/2010 15:26:19,IJM0776,PC-0198,Connect
device,{D0T4-F1XR96OV-0896QNMZ},08/19/2010 16:26:35,IJM0776,PC-0198,Disconnect
device,{T8H5-O6CK29SQ-5902MUYG},09/01/2010 08:36:58,IJM0776,PC-0198,Connect
device,{U2V3-O7PR95MM-4545ZOTV},09/01/2010 09:12:07,IJM0776,PC-0198,Disconnect
device,{P3U1-N0QD43JZ-0391IFYN},09/01/2010 09:20:16,IJM0776,PC-0198,Connect
device,{K8E2-D4YC98PD-2362MHUR},09/01/2010 09:28:06,IJM0776,PC-0198,Disconnect
device,{C7J8-Y4PY96IU-6668CFGZ},09/01/2010 09:45:54,IJM0776,PC-0198,Connect
device,{S7L0-P1GT06GS-3937FSUQ},09/01/2010 09:47:12,IJM0776,PC-0198,Disconnect
device,{X5L1-E0FL04BQ-4899FFHQ},09/01/2010 11:14:22,IJM0776,PC-0198,Connect
device,{C5K8-J2NO64NZ-6996HUSH},09/01/2010 11:26:26,IJM0776,PC-0198,Disconnect
device,{W4L7-W6OL17AH-2987RSZK},09/01/2010 11:39:09,IJM0776,PC-0198,Connect
device,{X4O0-P9ZF87OC-6463ZUHS},09/01/2010 11:45:08,IJM0776,PC-0198,Disconnect
device,{K7M5-P6BK69BI-4191OROQ},09/01/2010 11:50:08,IJM0776,PC-0198,Connect
device,{J8T6-V4IP22FD-0922IZAM},09/01/2010 12:05:09,IJM0776,PC-0198,Disconnect
device,{A0K9-M6KZ82SL-8069VMRA},09/01/2010 14:05:30,IJM0776,PC-0198,Connect
device,{I3Y1-T1CW57CB-8256EJMZ},09/01/2010 14:10:31,IJM0776,PC-0198,Disconnect
