http,{R6Q9-L8JX34JI-3118AKVQ},07/13/2010 09:46:08,RHL0992,PC-9040,http://monster.com/WboUhagvat1180707852.html,equivalent job analyze years sales concepts passion contribute resume job skills interface opening years self required passion technologies skills degree concepts degree contribute hours opening compensation equivalent years degree permanent customer initiative interface initiative benefits compensation industry degree sales growth opening on-line develop responsibilities passion initiative degree years required management management platform
http,{X0V5-G9PU24EA-0606SITB},07/13/2010 09:52:19,RHL0992,PC-9040,http://lockheedmartin.com/WboUhagvat1636367808.htm,people growth growth compensation team skills growth relocation platform sales multiple salary years analyze engineer customer multiple start on-time job skills growth multitask strong multitask contribute on-time report years years permanent initiative industry responsibilities benefits management develop technologies multiple job process recruiter platform equivalent develop experience
http,{R9A3-E0QH79BV-7226MVRT},07/13/2010 10:01:58,RHL0992,PC-9040,http://yahoo.com/hotjobs/WboUhagvat752138490.php,permanent starter opening hours permanent resume responsibilities dynamic degree interface team dynamic customer on-time interface responsibilities initiative experience required guidance process years self
http,{Q4A3-N3QE74TY-7673HEBC},07/13/2010 10:03:21,RHL0992,PC-9040,http://indeed.com/WboUhagvat1680703797.html,contribute opening multitask multitask required on-time required required degree years interface team concepts guidance dynamic degree technologies skills opening resume multitask experience contribute skills skills interface passion part-time degree multitask industry multiple interface report degree opening people job resume part-time multitask sales process call benefits technologies strong multitask develop engineer experience on-line degree permanent job concepts interface permanent start report benefits equivalent self
http,{B1Y3-O2FQ22IX-4233MHLQ},07/13/2010 11:37:13,RHL0992,PC-9040,http://aol.com/jobs/WboUhagvat1963819229.jsp,job initiative benefits start skills start expert multitask skills interface process strong report platform report equivalent industry resume engineer develop skills multiple initiative experience resume required expert platform industry responsibilities self resume years initiative starter salary sales responsibilities initiative interface years growth team analyze resume required
http,{U5Y6-D7AI34JS-6342RSXR},07/13/2010 11:50:28,RHL0992,PC-9040,http://aol.com/jobs/WboUhagvat1963819229.jsp,customer resume job dynamic on-time customer required degree engineer responsibilities resume required multitask growth resume contribute team customer platform years develop responsibilities customer degree team guidance technologies benefits strong process passion technologies industry job contribute growth part-time multitask opening report
http,{H7X4-J8HJ79BR-2442PIXK},07/13/2010 12:12:01,RHL0992,PC-9040,http://simplyhired.com/WboUhagvat57469130.jsp,people growth sales customer contribute years technologies expert expert degree dynamic passion team dynamic hours resume required compensation required people degree sales report strong concepts guidance opening starter opening platform years platform sales multiple benefits strong multitask responsibilities equivalent sales
http,{E9Z6-T8TH62KH-5116FUBC},07/13/2010 12:23:53,RHL0992,PC-9040,http://lockheedmartin.com/WboUhagvat1636367808.htm,concepts start skills degree call industry concepts contribute opening opening develop hours develop opening develop guidance equivalent industry dynamic resume multitask call skills call multitask on-time multitask technologies guidance resume benefits industry platform industry permanent skills team strong develop process equivalent hours responsibilities resume relocation customer concepts
http,{K7H3-A2DS11GJ-3429PFBC},07/13/2010 16:26:57,RHL0992,PC-9040,http://job-hunt.org/WboUhagvat919122234.html,platform management people start recruiter technologies resume people responsibilities report skills growth concepts contribute skills develop technologies interface skills process start multitask years permanent interface customer multitask multiple analyze customer customer initiative analyze interface degree equivalent concepts skills on-line opening opening degree required dynamic multitask report degree growth contribute start self experience resume dynamic
http,{P4N9-J3KV83SM-2993KELM},07/14/2010 10:47:31,RHL0992,PC-9040,http://linkedin.com/WboUhagvat1479839504.aspx,skills on-time initiative years multitask multiple responsibilities starter platform expert people dynamic concepts growth interface part-time interface management responsibilities degree job report platform industry multitask years equivalent years initiative platform experience years experience platform responsibilities part-time dynamic years contribute team expert visual passion technologies engineer growth sales compensation opening self engineer growth interface visual sales multiple compensation growth
http,{A8B3-M8SK92XX-6749TRWN},07/14/2010 11:10:36,RHL0992,PC-9040,http://jobhuntersbible.com/WboUhagvat1258877042.aspx,on-time expert opening concepts strong multiple skills passion team multiple required sales sales analyze job report concepts self start part-time platform on-time interface strong hours multitask management multitask multiple multiple recruiter strong job sales platform experience dynamic benefits resume experience concepts sales responsibilities on-time analyze salary platform report team technologies process responsibilities self team multiple responsibilities dynamic
http,{P3W8-U5AV08HU-4002JYOR},07/14/2010 11:20:16,RHL0992,PC-9040,http://harris.com/WboUhagvat1919385663.htm,salary skills platform responsibilities strong opening resume benefits passion required benefits opening customer analyze dynamic multitask benefits equivalent degree job concepts degree technologies guidance strong multitask resume customer customer permanent interface job responsibilities contribute expert start resume required sales team concepts benefits responsibilities equivalent engineer benefits analyze passion growth required on-time compensation dynamic report develop multiple technologies multiple degree part-time
http,{N2X5-H4JG04IR-2023GRBF},07/14/2010 12:17:23,RHL0992,PC-9040,http://linkedin.com/WboUhagvat1479839504.aspx,team sales on-line on-line degree on-line required skills engineer degree strong experience responsibilities years report job degree expert interface multitask skills job contribute team guidance degree customer platform compensation concepts on-time required industry hours industry experience salary multitask interface industry passion platform on-line multiple opening dynamic analyze develop experience hours salary people start experience opening degree initiative platform self skills industry benefits skills
http,{Y9M9-C1UT47WM-1037GBKG},07/14/2010 12:21:40,RHL0992,PC-9040,http://boeing.com/WboUhagvat1904327536.htm,analyze growth management concepts strong resume multiple analyze growth responsibilities skills starter equivalent permanent starter multitask engineer people resume management sales self experience customer permanent job passion strong dynamic equivalent equivalent dynamic strong required report technologies interface concepts skills benefits concepts hours sales equivalent initiative people people skills team passion
http,{Z1A5-K6LY07RV-4995LHJQ},07/14/2010 17:58:50,RHL0992,PC-9040,http://aol.com/jobs/WboUhagvat1963819229.jsp,team degree analyze years multitask expert responsibilities growth equivalent dynamic required resume develop sales skills interface years hours report experience opening skills on-time years years customer required technologies self permanent industry interface technologies industry compensation interface degree passion concepts permanent contribute starter resume sales multiple strong growth passion years job benefits multiple start on-time start job opening initiative strong resume skills growth required
http,{L4E0-G0EZ00OG-3836ROZN},07/15/2010 10:33:36,RHL0992,PC-9040,http://yahoo.com/hotjobs/WboUhagvat752138490.php,job experience concepts develop required management guidance concepts on-line strong on-time management start skills resume contribute starter technologies resume industry multitask resume resume benefits team develop concepts passion equivalent opening growth people visual opening starter opening industry degree customer develop guidance contribute opening concepts skills resume responsibilities opening multiple passion contribute interface
http,{S1F5-F4SZ35ET-7834MIGK},07/15/2010 11:54:58,RHL0992,PC-9040,http://craigslist.org/WboUhagvat1105403916.aspx,customer interface permanent starter resume hours job resume resume technologies team years experience technologies equivalent expert strong industry management required years dynamic skills engineer management part-time years growth job relocation benefits contribute equivalent strong compensation multitask team start technologies resume start develop concepts compensation years resume hours starter team report management resume contribute skills degree team equivalent
http,{V9K7-A4SC16RJ-8656RZVM},07/16/2010 10:11:36,RHL0992,PC-9040,http://hp.com/WboUhagvat1944152218.jsp,opening team on-time initiative passion start job industry on-line concepts visual guidance resume experience degree opening strong dynamic industry benefits initiative platform report required people permanent management dynamic people platform equivalent report management benefits growth
http,{X0P2-R9AY56FG-1907ZDCL},07/16/2010 10:22:30,RHL0992,PC-9040,http://linkedin.com/WboUhagvat1479839504.aspx,people growth benefits multitask management management initiative technologies on-time self responsibilities growth resume job job self benefits sales resume required on-time resume concepts customer on-time resume contribute interface team concepts customer concepts resume resume compensation dynamic degree required management industry strong years on-time resume opening
http,{C6K4-W0LH91OP-0933SYAY},07/16/2010 10:26:20,RHL0992,PC-9040,http://craigslist.org/WboUhagvat1105403916.aspx,platform people growth growth hours required permanent recruiter responsibilities management platform industry experience permanent benefits degree team initiative multitask people interface team growth on-time initiative interface responsibilities strong growth years permanent years job dynamic
http,{D3B0-S1AR68TH-2149SWKN},07/16/2010 10:40:47,RHL0992,PC-9040,http://monster.com/WboUhagvat1180707852.html,customer platform initiative on-line benefits job experience passion customer resume initiative part-time degree benefits degree management management industry growth team passion degree dynamic resume industry salary compensation hours experience experience resume growth skills required required degree job start develop experience years responsibilities report people resume multitask resume resume strong growth process permanent
http,{G0A3-C6QX38NN-4089VBDZ},07/16/2010 12:31:33,RHL0992,PC-9040,http://yahoo.com/hotjobs/WboUhagvat752138490.php,report multitask strong salary contribute skills permanent opening start technologies contribute contribute interface experience multitask skills equivalent guidance contribute concepts hours responsibilities multitask responsibilities degree experience report job equivalent industry team visual opening customer team management technologies passion equivalent resume permanent engineer visual job multitask resume guidance multiple experience compensation benefits skills
http,{N9M3-L2VE61SO-6950PQVS},07/16/2010 16:18:50,RHL0992,PC-9040,http://careerbuilder.com/WboUhagvat660170997.htm,opening analyze people on-line technologies responsibilities industry responsibilities job job multitask required technologies multitask multiple job customer job call people engineer hours skills years degree relocation passion people opening degree passion passion resume develop growth guidance develop visual skills self growth degree job years visual benefits passion permanent start concepts customer self skills required engineer
http,{F4W8-D4IC61DR-0962WWSU},07/16/2010 16:23:06,RHL0992,PC-9040,http://aol.com/jobs/WboUhagvat1963819229.jsp,responsibilities report develop hours initiative hours multitask years expert degree growth years required degree guidance platform people develop degree guidance part-time management benefits report equivalent team resume opening degree skills experience industry equivalent platform guidance multitask strong sales required degree years start technologies required management degree management required multiple
http,{U3B0-O4XN91JO-4563JPSE},07/16/2010 16:23:47,RHL0992,PC-9040,http://raytheon.com/WboUhagvat343187784.jsp,industry years concepts self platform job required management platform job responsibilities interface visual multitask analyze interface develop initiative part-time develop platform part-time team sales relocation equivalent required multiple hours growth initiative responsibilities platform skills concepts growth platform resume strong develop industry resume people opening passion skills on-line skills report concepts engineer industry multiple on-time experience management passion job strong equivalent starter process passion contribute guidance degree
http,{L8D0-V9XP26YM-1257HZLK},07/19/2010 09:18:05,RHL0992,PC-9040,http://monster.com/WboUhagvat1180707852.html,resume benefits salary analyze required expert strong job sales responsibilities customer passion responsibilities strong resume multitask customer resume opening resume industry starter develop interface customer team experience on-time sales required permanent hours sales interface multiple opening analyze sales degree guidance team contribute
http,{Y0L4-E8BU91UN-3190LUOV},07/19/2010 09:22:04,RHL0992,PC-9040,http://simplyhired.com/WboUhagvat57469130.jsp,responsibilities report degree start resume resume contribute strong benefits experience initiative job equivalent contribute degree multiple opening analyze required technologies platform platform required skills report required engineer on-time industry permanent years contribute required team strong growth part-time guidance growth visual develop permanent responsibilities opening equivalent
http,{W7M0-Q9JK34LX-3360AGTS},07/19/2010 09:50:27,RHL0992,PC-9040,http://job-hunt.org/WboUhagvat919122234.html,resume skills passion engineer permanent customer required responsibilities degree skills job job develop customer part-time concepts strong benefits concepts management start multiple years relocation benefits interface multiple skills passion interface sales self degree report resume platform contribute responsibilities sales responsibilities opening equivalent management process contribute permanent years team multitask equivalent
http,{P3X1-I3UW41CS-5973MQYU},07/19/2010 10:05:44,RHL0992,PC-9040,http://monster.com/WboUhagvat1180707852.html,process years team dynamic compensation strong management report equivalent dynamic sales guidance management years initiative part-time opening people opening starter passion required guidance growth responsibilities required salary equivalent management resume guidance contribute hours team contribute people contribute passion growth industry initiative skills multiple
http,{S9E2-N7MD89BF-8198RXCE},07/19/2010 10:05:50,RHL0992,PC-9040,http://indeed.com/WboUhagvat1680703797.html,engineer opening required resume strong growth on-time equivalent contribute start start hours experience sales customer multiple initiative industry concepts on-time equivalent concepts multiple resume industry experience team technologies on-time experience team compensation passion platform responsibilities dynamic growth process equivalent
http,{D1C1-A0ST09UQ-5164DULI},07/19/2010 10:13:42,RHL0992,PC-9040,http://craigslist.org/WboUhagvat1105403916.aspx,growth guidance analyze resume call team sales guidance dynamic expert dynamic guidance concepts initiative required visual strong platform years industry experience develop permanent experience interface analyze relocation required growth technologies years opening contribute on-time years hours visual people skills team benefits sales required responsibilities skills team strong people opening passion call permanent interface resume
http,{B2N9-S7JY11SF-5193YWUT},07/19/2010 10:42:48,RHL0992,PC-9040,http://yahoo.com/hotjobs/WboUhagvat752138490.php,growth sales benefits process compensation concepts develop benefits process people concepts industry job technologies management part-time responsibilities start interface team strong required multitask technologies report interface passion skills initiative concepts self dynamic
http,{B2E3-P1MV71TJ-8140KKQO},07/19/2010 11:14:21,RHL0992,PC-9040,http://craigslist.org/WboUhagvat1105403916.aspx,experience dynamic multiple passion years opening initiative technologies degree platform passion degree resume customer years analyze technologies required equivalent multitask develop customer platform required skills hours contribute team customer develop starter initiative job job resume sales engineer dynamic concepts years part-time report starter platform required management hours process platform technologies required team dynamic call industry dynamic initiative guidance responsibilities industry expert hours analyze guidance salary required
http,{P7Q3-L7RU06JO-6917AHYD},07/20/2010 10:18:11,RHL0992,PC-9040,http://boeing.com/WboUhagvat1904327536.htm,degree analyze contribute management start years equivalent growth opening develop report on-time years experience growth part-time responsibilities skills process team resume management skills start concepts experience degree team initiative sales technologies resume required on-time required equivalent years resume management years contribute guidance industry
http,{T6J8-S4CR01HW-5829RRFU},07/20/2010 11:05:56,RHL0992,PC-9040,http://linkedin.com/WboUhagvat1479839504.aspx,industry growth job skills management experience experience dynamic growth process dynamic strong strong dynamic industry management responsibilities permanent required resume resume industry develop strong years hours strong management engineer starter passion people customer industry degree years management team benefits people analyze required job experience years guidance
http,{I2C5-P9SN83YH-5958GVVT},07/20/2010 12:27:14,RHL0992,PC-9040,http://job-hunt.org/WboUhagvat919122234.html,required on-time interface guidance guidance industry responsibilities expert people on-time guidance job platform growth analyze industry experience expert process degree permanent opening job self responsibilities multiple platform benefits responsibilities concepts responsibilities permanent years guidance required guidance contribute job starter initiative platform passion years equivalent multiple degree permanent on-time expert expert expert industry contribute contribute multitask develop benefits platform people
http,{O2I9-M4ON88HF-3998ECRV},07/20/2010 12:40:23,RHL0992,PC-9040,http://yahoo.com/hotjobs/WboUhagvat752138490.php,start contribute start starter interface team required experience resume platform platform passion team industry expert passion resume initiative starter technologies management responsibilities starter sales responsibilities required recruiter start develop initiative multitask expert dynamic self growth team analyze opening interface strong contribute team equivalent develop develop management passion growth industry on-time skills years required customer
email,{Z6Z6-G3RV30NQ-3975UCKI},07/20/2010 15:16:28,RHL0992,PC-9040,BKM6137@hp.com,,,Rachel.Hermione.Le@dtaa.com,26428,0,years self customer on-time interface required develop start experience develop growth passion on-line dynamic platform degree on-line multitask sales skills part-time starter job report compensation management process experience interface skills platform experience initiative growth passion job guidance interface multiple growth dynamic growth industry develop sales compensation permanent experience visual team benefits develop compensation required initiative people on-time starter permanent team strong analyze required growth benefits
http,{Z2X6-W9WG43TZ-4084OJCS},07/21/2010 12:39:07,RHL0992,PC-9040,http://aol.com/jobs/WboUhagvat1963819229.jsp,interface management multiple visual team on-line contribute customer skills skills strong dynamic growth expert team start interface start platform strong multitask multiple passion on-time multiple job skills customer years passion job benefits technologies job years resume multitask process customer skills initiative develop initiative skills part-time sales benefits customer experience dynamic sales years contribute sales degree management passion
http,{H1D8-O0NK39FI-4266FZIV},07/22/2010 15:24:18,RHL0992,PC-9040,http://hp.com/WboUhagvat1944152218.jsp,industry platform responsibilities interface multiple resume hours required expert growth multiple passion hours growth required passion benefits job equivalent experience sales resume multiple part-time
http,{W7P8-E9FN22JM-3771ZJMF},07/22/2010 17:48:46,RHL0992,PC-9040,http://hp.com/WboUhagvat1944152218.jsp,sales years resume resume contribute resume start people process part-time contribute management skills benefits resume multiple start management customer concepts multitask degree visual process job management resume sales benefits multiple job experience analyze growth skills platform degree resume start passion salary required develop technologies visual sales concepts years permanent customer sales call growth skills opening degree passion benefits resume growth required growth on-time part-time benefits multiple required technologies team skills dynamic self resume industry skills
http,{M6F1-E8YS15BM-9808AAVF},07/23/2010 09:30:25,RHL0992,PC-9040,http://hp.com/WboUhagvat1944152218.jsp,years interface concepts degree team resume technologies benefits hours contribute permanent concepts team required passion industry multitask opening team recruiter opening multiple start benefits sales responsibilities analyze engineer expert resume multitask benefits passion responsibilities self resume equivalent on-time on-time expert analyze industry on-time guidance recruiter customer initiative analyze resume on-time starter opening salary multiple multiple
email,{K9W6-L9HN48PX-3635LLTB},07/23/2010 09:41:26,RHL0992,PC-9040,BKM6137@hp.com,,,Rachel.Hermione.Le@dtaa.com,17220,0,resume hours develop skills on-time customer resume equivalent degree customer start equivalent start responsibilities permanent years part-time start report skills skills industry customer multitask sales job degree engineer responsibilities initiative call technologies report experience management industry on-time salary benefits industry benefits start report responsibilities degree equivalent people job
email,{Y2L3-Z0NJ28WE-2551WSQN},07/23/2010 11:53:53,RHL0992,PC-9040,BKM6137@hp.com,,,Rachel.Hermione.Le@dtaa.com,21282,0,multiple passion required multitask guidance opening expert interface on-line years initiative permanent multitask analyze concepts passion resume report multiple salary passion growth responsibilities growth starter concepts develop starter team on-line management required responsibilities required analyze initiative on-line customer analyze self initiative management dynamic equivalent hours growth team guidance benefits dynamic growth
http,{X6Z1-N8AY07PL-3857CBOK},07/23/2010 12:22:39,RHL0992,PC-9040,http://job-hunt.org/WboUhagvat919122234.html,process growth resume resume resume required industry years strong customer required compensation start dynamic skills required skills customer platform opening permanent job resume years experience industry industry part-time report technologies interface management multiple required analyze process contribute expert experience years experience equivalent customer job resume multitask platform visual strong required multitask permanent resume equivalent develop contribute sales passion experience permanent management experience skills
http,{Z8E9-R2SH83PD-0968CRWL},07/23/2010 12:34:35,RHL0992,PC-9040,http://aol.com/jobs/WboUhagvat1963819229.jsp,multitask team on-line contribute visual dynamic multitask multitask experience permanent dynamic analyze guidance skills develop strong starter multiple resume compensation analyze industry degree resume platform analyze job experience multitask strong job resume develop part-time multitask years industry process resume resume platform on-line start expert interface process develop expert skills resume customer initiative expert compensation part-time job develop equivalent
email,{K9B4-D7XS59ZN-2953GQHJ},07/23/2010 17:06:20,RHL0992,PC-9040,BKM6137@hp.com,,,Rachel.Hermione.Le@dtaa.com,30816,0,multiple develop process years responsibilities multitask team dynamic experience skills develop sales people years customer expert management develop permanent years growth industry customer technologies people part-time team responsibilities opening industry process initiative dynamic relocation permanent customer skills hours call resume people resume equivalent industry job initiative call growth experience start degree multitask
email,{J0L9-O6AW22BA-4177KELK},07/26/2010 09:37:42,RHL0992,PC-9040,BKM6137@hp.com,,,Rachel.Hermione.Le@dtaa.com,35780,1,resume concepts dynamic compensation interface people concepts equivalent job resume degree interface compensation responsibilities degree skills sales expert guidance compensation engineer passion start technologies job skills growth responsibilities hours benefits on-time skills skills permanent relocation call years job analyze platform starter contribute initiative years interface multitask interface experience start years report growth platform dynamic starter salary on-line skills benefits opening passion passion develop skills years multiple
http,{L4X1-X5SY50AR-9527YJPT},07/26/2010 09:56:32,RHL0992,PC-9040,http://monster.com/WboUhagvat1180707852.html,opening dynamic develop interface strong benefits passion strong initiative contribute on-line start years develop on-time guidance responsibilities growth develop process sales resume industry contribute multitask experience process guidance start experience contribute experience analyze experience resume report sales contribute degree sales
email,{D8J1-K2AX26CE-9872EPOO},07/26/2010 10:37:28,RHL0992,PC-9040,BKM6137@hp.com,,,Rachel.Hermione.Le@dtaa.com,26378,0,degree platform industry degree degree team platform hours skills required benefits growth hours people growth management years multitask opening salary sales team team technologies responsibilities start management guidance degree degree expert multitask strong guidance platform multiple strong growth people multitask team opening team customer strong permanent benefits people job required part-time degree
http,{G5L2-R1JN53XN-1417NQER},07/26/2010 10:59:18,RHL0992,PC-9040,http://aol.com/jobs/WboUhagvat1963819229.jsp,growth customer analyze job benefits team start multitask degree people years growth people growth resume multiple multiple people years dynamic degree on-time team passion guidance experience contribute contribute team sales
http,{W8E5-W4GY48AP-2817GWMQ},07/26/2010 11:31:21,RHL0992,PC-9040,http://harris.com/WboUhagvat1919385663.htm,report permanent customer management compensation team team strong industry guidance passion start sales resume sales develop compensation report management skills platform hours degree experience platform passion concepts initiative dynamic industry engineer start responsibilities required experience benefits initiative technologies start concepts hours years skills team concepts initiative initiative multiple sales on-time team skills part-time benefits self platform technologies years equivalent degree
http,{I0X7-Y5UG82JJ-3823OPNA},07/26/2010 15:53:29,RHL0992,PC-9040,http://lockheedmartin.com/WboUhagvat1636367808.htm,opening engineer develop passion platform passion concepts platform years job years sales experience interface multitask develop customer resume people industry customer skills customer multiple platform management skills interface team on-time industry start multiple develop concepts strong interface salary process years relocation contribute self analyze analyze resume
http,{K7B2-I8BM96RR-3862JVAJ},07/26/2010 17:50:40,RHL0992,PC-9040,http://aol.com/jobs/WboUhagvat1963819229.jsp,contribute required resume strong skills equivalent interface compensation contribute people guidance degree dynamic initiative responsibilities skills multitask passion passion expert on-time team degree years passion customer years equivalent analyze growth initiative process degree technologies industry self years contribute customer responsibilities report job develop develop required team concepts customer job
http,{V3C3-V5FE33GI-9548NVQK},07/26/2010 18:09:41,RHL0992,PC-9040,http://lockheedmartin.com/WboUhagvat1636367808.htm,concepts guidance team starter growth passion passion on-time skills opening equivalent growth team self benefits multiple required customer experience develop resume skills industry customer compensation initiative process resume skills people job team opening dynamic engineer concepts industry benefits technologies multitask guidance required job equivalent initiative expert process
http,{X6P9-M5ET32LX-1047QTHT},07/26/2010 19:32:28,RHL0992,PC-9040,http://aol.com/jobs/WboUhagvat1963819229.jsp,sales interface job part-time multitask experience develop starter permanent responsibilities start strong dynamic technologies expert customer required responsibilities job self platform experience multitask degree interface sales platform team degree team skills growth team start customer concepts team team interface industry hours resume expert job passion customer required contribute salary interface required degree multitask platform
http,{X8A3-P2AY85OC-0289AUUP},07/26/2010 20:20:39,RHL0992,PC-9040,http://careerbuilder.com/WboUhagvat660170997.htm,interface engineer equivalent hours hours guidance years analyze opening contribute permanent analyze multitask platform concepts report compensation equivalent required required relocation platform contribute permanent passion skills resume platform job required opening technologies develop resume expert resume guidance visual expert sales team dynamic responsibilities growth visual on-line contribute salary
http,{D9Q4-G0AM80ZG-5679PWYO},07/26/2010 20:29:29,RHL0992,PC-9040,http://yahoo.com/hotjobs/WboUhagvat752138490.php,analyze equivalent skills starter growth technologies sales on-line platform management opening engineer management degree contribute expert guidance opening required people responsibilities management technologies resume management equivalent experience industry benefits job analyze sales degree skills multiple guidance analyze job multitask skills skills part-time guidance permanent relocation job visual skills
http,{R8D5-H1PL16QS-9268QAGR},07/27/2010 10:07:41,RHL0992,PC-9040,http://indeed.com/WboUhagvat1680703797.html,part-time required on-time guidance responsibilities opening years technologies concepts concepts multiple people compensation platform platform degree dynamic resume benefits people analyze expert part-time people job equivalent customer report required skills growth multitask contribute starter analyze strong opening degree develop years develop analyze develop skills develop dynamic engineer required responsibilities people job strong required dynamic multiple job team expert start degree sales interface required passion benefits visual concepts engineer permanent expert job permanent
http,{G7L7-Z7WT57RX-5306PIPI},07/27/2010 10:07:50,RHL0992,PC-9040,http://simplyhired.com/WboUhagvat57469130.jsp,required sales growth team interface team degree job management responsibilities expert process responsibilities develop report strong report develop resume dynamic on-time permanent experience initiative guidance people analyze concepts responsibilities equivalent skills on-line self multitask customer on-time years customer salary guidance benefits management part-time expert customer industry management initiative
http,{G8R9-Z7TT14QD-6322OLFX},07/27/2010 11:17:35,RHL0992,PC-9040,http://craigslist.org/WboUhagvat1105403916.aspx,technologies customer technologies start growth analyze contribute expert develop team skills expert skills guidance sales degree growth dynamic starter dynamic resume dynamic sales develop dynamic permanent experience years multitask management compensation experience multiple multitask hours resume contribute experience responsibilities initiative multitask expert interface expert resume dynamic technologies contribute interface opening compensation engineer analyze part-time report start multitask initiative permanent strong passion start interface degree passion starter required passion responsibilities strong report concepts initiative process concepts process sales required team skills permanent concepts
http,{I2B8-N1VH12BJ-6005GQMI},07/27/2010 11:35:09,RHL0992,PC-9040,http://harris.com/WboUhagvat1919385663.htm,skills customer years starter multiple expert benefits contribute dynamic compensation responsibilities resume experience passion report permanent team experience initiative opening management contribute responsibilities management experience interface required skills expert analyze self degree opening platform passion management required starter years customer multiple expert opening platform start job concepts skills experience sales dynamic job
http,{X5I5-Q8GE59OY-5404HAWU},07/27/2010 11:35:30,RHL0992,PC-9040,http://northropgrumman.com/WboUhagvat572113271.aspx,interface job people multitask multiple dynamic initiative customer team platform opening people required technologies report responsibilities resume start experience multiple degree resume management required start experience team dynamic resume industry multiple years analyze permanent part-time growth
http,{C0D5-P3FY12VE-4681POBM},07/27/2010 12:57:39,RHL0992,PC-9040,http://craigslist.org/WboUhagvat1105403916.aspx,process experience equivalent management growth report start growth opening passion multiple on-time equivalent initiative process analyze required degree report report initiative concepts job growth concepts people experience customer engineer opening contribute interface sales report interface
email,{J3E4-G3ME43TI-1198VTRM},07/28/2010 10:59:35,RHL0992,PC-9040,BKM6137@hp.com,,,Rachel.Hermione.Le@dtaa.com,53782,0,platform start resume concepts required concepts permanent years passion responsibilities experience benefits technologies equivalent skills analyze experience concepts platform growth interface resume relocation part-time responsibilities multitask develop develop passion permanent expert contribute salary develop permanent management required
http,{Q2P9-T6MQ49HV-2141LBJX},07/28/2010 15:13:16,RHL0992,PC-9040,http://job-hunt.org/WboUhagvat919122234.html,develop experience permanent develop growth years on-line required multiple growth guidance responsibilities growth opening hours people report self required platform process skills part-time sales degree required skills multiple responsibilities salary skills interface industry years job resume equivalent dynamic skills sales skills required permanent on-time growth industry starter permanent customer required passion skills required resume multitask on-line contribute industry years
http,{E5A4-M4RM78YE-7268ERCZ},07/28/2010 15:52:43,RHL0992,PC-9040,http://raytheon.com/WboUhagvat343187784.jsp,strong contribute compensation passion visual concepts multitask strong process multiple salary compensation part-time customer passion technologies concepts team degree recruiter management report interface technologies degree degree required technologies skills passion responsibilities degree guidance benefits dynamic strong interface degree initiative degree permanent strong industry responsibilities visual permanent equivalent platform resume team
email,{F7T0-P9VS14BS-8821QQDC},07/28/2010 16:18:57,RHL0992,PC-9040,BKM6137@hp.com,,,Rachel.Hermione.Le@dtaa.com,33526,0,management engineer resume permanent required equivalent years people required industry start permanent multiple sales customer skills years sales job contribute growth process responsibilities benefits report multitask dynamic sales skills experience starter technologies self skills required process compensation skills guidance strong strong interface equivalent skills multiple on-line on-time contribute equivalent starter self
http,{Y4E8-C0JO02NX-4641EHTO},07/28/2010 16:35:08,RHL0992,PC-9040,http://aol.com/jobs/WboUhagvat1963819229.jsp,team management dynamic sales starter job responsibilities on-time develop required strong permanent platform dynamic equivalent experience permanent required experience benefits experience skills expert sales management starter customer responsibilities permanent people equivalent contribute required concepts multiple resume dynamic develop permanent growth technologies permanent expert contribute equivalent part-time skills customer management required responsibilities technologies
http,{K7S6-S1ES60VC-7414ZWHW},07/28/2010 18:08:35,RHL0992,PC-9040,http://northropgrumman.com/WboUhagvat572113271.aspx,expert self concepts industry growth contribute passion relocation people expert team customer experience initiative sales skills resume passion people initiative skills develop concepts management multiple platform compensation opening years skills growth expert contribute contribute responsibilities management team responsibilities on-time equivalent people call dynamic
http,{F0E4-O3DW11KV-6897SHSN},07/28/2010 19:05:07,RHL0992,PC-9040,http://jobhuntersbible.com/WboUhagvat1258877042.aspx,years expert responsibilities degree skills people resume multiple job years experience customer initiative people team team multitask industry on-time develop concepts people technologies multitask multiple benefits skills passion industry permanent equivalent sales resume visual multiple skills initiative dynamic permanent skills team passion skills sales develop concepts growth dynamic analyze
email,{W3A3-Y0JA57JY-5689HJNA},07/28/2010 21:01:07,RHL0992,PC-9040,BKM6137@hp.com,,,Rachel.Hermione.Le@dtaa.com,27341,1,report technologies platform platform start multiple multitask sales job initiative on-line dynamic technologies team guidance part-time years contribute contribute contribute visual resume resume experience industry degree salary interface recruiter expert guidance passion industry salary sales management hours sales self team equivalent strong interface concepts responsibilities start expert
email,{X2X5-L1ZQ62VH-3825UMPR},07/29/2010 10:02:13,RHL0992,PC-9040,BKM6137@hp.com,,,Rachel.Hermione.Le@dtaa.com,15454,2,management concepts start team multiple concepts multitask platform management report management contribute multiple equivalent skills sales skills skills equivalent interface responsibilities degree on-time analyze team technologies experience sales starter interface develop sales on-line responsibilities resume management technologies strong on-line interface
http,{X2N7-Z0GM51PZ-6348IHCC},07/29/2010 10:14:31,RHL0992,PC-9040,http://monster.com/WboUhagvat1180707852.html,skills skills dynamic job resume salary interface required contribute growth contribute experience customer opening concepts people contribute engineer equivalent team permanent customer platform technologies years degree customer management required degree expert initiative resume resume required platform contribute develop growth experience starter platform sales experience report skills develop call multiple industry platform growth start management equivalent guidance
http,{K1D9-N3HP60EV-6205QOIR},07/29/2010 10:40:51,RHL0992,PC-9040,http://hp.com/WboUhagvat1944152218.jsp,skills platform contribute guidance growth multiple call resume multiple job hours process opening platform dynamic report people responsibilities guidance strong analyze growth team analyze dynamic job job passion initiative compensation strong responsibilities platform customer sales degree management start concepts contribute degree industry guidance hours process degree experience dynamic customer report benefits required technologies
email,{H7X7-I0OM48QG-1287OOJQ},07/29/2010 10:51:06,RHL0992,PC-9040,BKM6137@hp.com,,,Rachel.Hermione.Le@dtaa.com,26612,1,self starter concepts growth years on-line management sales responsibilities hours benefits resume people opening job team part-time experience self responsibilities concepts interface process passion resume years expert people customer technologies interface team experience responsibilities dynamic dynamic starter multiple platform sales team develop years job call equivalent degree contribute contribute expert experience skills develop concepts on-time report passion technologies years required experience multitask experience develop
http,{H3I6-R5FJ41GM-0430ZXQF},07/29/2010 11:13:06,RHL0992,PC-9040,http://harris.com/WboUhagvat1919385663.htm,industry benefits sales platform people years growth resume permanent resume job dynamic process multitask team management equivalent skills engineer recruiter salary growth team on-time technologies growth multiple required experience self technologies concepts analyze strong degree job degree multiple resume people analyze
http,{P7O7-N6YS67UR-6437HXKD},07/29/2010 11:43:35,RHL0992,PC-9040,http://hp.com/WboUhagvat1944152218.jsp,team job contribute degree job passion guidance team on-time degree relocation team contribute job responsibilities growth required multiple job responsibilities experience strong industry compensation responsibilities
http,{Z9T8-D5CC12XP-4296JXYV},07/29/2010 11:46:01,RHL0992,PC-9040,http://indeed.com/WboUhagvat1680703797.html,customer interface resume starter resume multitask contribute platform guidance passion engineer platform responsibilities concepts develop analyze growth resume people sales process passion growth people develop dynamic years multiple concepts benefits compensation required technologies degree expert analyze develop interface hours passion contribute contribute resume technologies resume multitask opening skills interface years analyze sales required contribute
http,{U8U6-E2LV53UU-5536ZGJS},07/29/2010 14:28:37,RHL0992,PC-9040,http://boeing.com/WboUhagvat1904327536.htm,customer report permanent report experience analyze passion develop start contribute report skills start interface responsibilities years process multiple expert required degree skills resume interface report management required years start process contribute guidance guidance required start on-time industry contribute required multiple experience starter contribute experience on-line passion concepts
http,{W3U2-C7TJ37LK-4601IHYJ},07/29/2010 19:33:51,RHL0992,PC-9040,http://jobhuntersbible.com/WboUhagvat1258877042.aspx,technologies resume analyze technologies industry concepts team process job degree resume equivalent relocation visual platform interface self expert required responsibilities passion sales analyze benefits develop experience strong skills platform industry
http,{Y0W5-S0QS44TX-5733OLJR},07/30/2010 10:26:52,RHL0992,PC-9040,http://hp.com/WboUhagvat1944152218.jsp,people on-time hours growth sales equivalent strong team visual resume start benefits resume skills salary opening team dynamic years responsibilities initiative start required multiple people process industry guidance customer years multitask visual team dynamic contribute expert hours customer dynamic skills multiple strong dynamic required opening process team team skills technologies multitask experience interface concepts process opening job experience guidance self process job years responsibilities expert
http,{C6G7-B3PJ72CH-4626KMBF},07/30/2010 10:44:04,RHL0992,PC-9040,http://raytheon.com/WboUhagvat343187784.jsp,required team contribute starter equivalent equivalent customer growth dynamic skills report engineer required responsibilities sales degree initiative passion multitask passion sales resume people management initiative
http,{L6F4-Z6AN20BJ-2187GROW},07/30/2010 10:57:55,RHL0992,PC-9040,http://harris.com/WboUhagvat1919385663.htm,on-time growth expert required benefits experience growth people report job develop concepts develop contribute strong industry resume team benefits opening part-time skills technologies skills starter years concepts multitask benefits opening start expert people years equivalent process people people customer interface guidance part-time
http,{H8M6-S6SB97XQ-0556CGEN},07/30/2010 11:04:41,RHL0992,PC-9040,http://indeed.com/WboUhagvat1680703797.html,job equivalent degree develop passion contribute sales concepts technologies self resume develop resume responsibilities concepts sales guidance multiple team recruiter resume concepts engineer multitask dynamic job sales experience customer technologies concepts passion starter strong process experience passion multiple multitask degree growth opening initiative growth skills process years equivalent technologies concepts dynamic analyze process multitask growth multiple on-time resume initiative guidance degree opening
http,{G3M4-Z4XC70HP-8872NMYR},07/30/2010 11:44:51,RHL0992,PC-9040,http://aol.com/jobs/WboUhagvat1963819229.jsp,equivalent interface expert develop years start salary contribute compensation growth dynamic multitask responsibilities team contribute degree customer opening people starter multitask salary team team technologies equivalent years strong self technologies technologies team growth initiative industry people starter resume multiple concepts
http,{T8J7-W6SA13RW-7727QJXG},07/30/2010 16:07:15,RHL0992,PC-9040,http://careerbuilder.com/WboUhagvat660170997.htm,years team equivalent process contribute benefits compensation opening start job benefits develop concepts permanent experience sales people multitask people initiative experience growth part-time degree contribute develop multitask management start guidance multitask start platform strong job multitask resume years management process equivalent start customer
http,{E9G7-U3UN21DI-7492EYMV},07/30/2010 17:47:18,RHL0992,PC-9040,http://yahoo.com/hotjobs/WboUhagvat752138490.php,analyze opening multiple opening interface process sales multiple on-time skills industry process interface benefits job concepts years industry self growth passion responsibilities sales job resume growth concepts benefits start required equivalent compensation years expert concepts required opening degree call degree team expert equivalent start develop required degree customer dynamic multitask resume interface skills industry
http,{K8I9-I5UM74VP-5203NPVP},07/30/2010 20:11:33,RHL0992,PC-9040,http://linkedin.com/WboUhagvat1479839504.aspx,start analyze growth degree salary required on-time technologies strong opening process platform part-time growth expert technologies skills analyze initiative team sales team experience passion customer customer resume equivalent salary management technologies resume degree salary analyze part-time interface benefits starter industry dynamic years report strong expert develop initiative platform responsibilities develop customer team self visual customer experience process sales skills industry customer dynamic
http,{S4T5-N7JN90WA-8458LFCK},07/30/2010 20:47:26,RHL0992,PC-9040,http://harris.com/WboUhagvat1919385663.htm,management multiple passion sales guidance develop strong team engineer develop equivalent degree starter responsibilities degree skills passion industry initiative concepts technologies opening passion multitask team customer initiative job experience team initiative guidance on-time experience guidance benefits salary on-line growth interface resume analyze skills develop
http,{E3L4-N6DS16VV-9843ODQC},08/02/2010 10:08:31,RHL0992,PC-9040,http://hp.com/WboUhagvat1944152218.jsp,growth years strong guidance years team opening guidance growth permanent management multitask platform starter platform on-line opening growth skills customer starter passion required growth recruiter growth permanent benefits responsibilities start industry resume required salary sales degree benefits required experience initiative experience skills multiple customer management interface starter opening expert platform compensation contribute job team industry process dynamic team opening part-time contribute interface skills
http,{W6R7-G1IY70RB-5517DBSK},08/02/2010 12:46:18,RHL0992,PC-9040,http://job-hunt.org/WboUhagvat919122234.html,report self resume start required compensation job equivalent dynamic people people responsibilities passion initiative opening strong responsibilities team responsibilities benefits start interface analyze degree passion strong report experience analyze interface resume technologies team skills
http,{K1Z8-Z5CN21YT-9260BQMO},08/02/2010 14:08:06,RHL0992,PC-9040,http://yahoo.com/hotjobs/WboUhagvat752138490.php,on-line industry technologies guidance interface platform industry years skills technologies opening strong responsibilities opening expert degree expert start job experience initiative multitask required start passion hours management dynamic experience resume industry customer management contribute interface contribute people dynamic growth guidance strong team equivalent relocation resume compensation on-time opening experience
http,{Q3A5-D4WD46DT-4726EUSK},08/02/2010 15:09:20,RHL0992,PC-9040,http://linkedin.com/WboUhagvat1479839504.aspx,equivalent industry sales benefits on-time analyze experience expert required sales sales relocation passion visual multiple platform technologies multiple guidance technologies strong visual multitask compensation resume develop analyze experience management customer multitask salary team equivalent passion analyze analyze job job develop initiative team dynamic resume recruiter industry years contribute platform start sales people passion
http,{I5F9-U5QT40OA-4657FSUL},08/02/2010 15:26:24,RHL0992,PC-9040,http://linkedin.com/WboUhagvat1479839504.aspx,initiative analyze multitask degree expert skills skills engineer multiple salary responsibilities degree job on-time passion guidance equivalent permanent skills management platform multitask degree dynamic guidance report contribute contribute passion strong starter resume dynamic
http,{P9N6-X8MA54XR-3833ZVUZ},08/02/2010 15:42:45,RHL0992,PC-9040,http://boeing.com/WboUhagvat1904327536.htm,expert hours responsibilities report years develop initiative report process technologies customer resume benefits growth dynamic team sales responsibilities industry industry opening develop interface analyze on-time dynamic passion platform resume engineer report opening start required
http,{N5U0-L6MB05RR-7997SXJW},08/02/2010 17:19:26,RHL0992,PC-9040,http://harris.com/WboUhagvat1919385663.htm,required relocation sales start multitask interface initiative experience self interface customer compensation degree report people hours self resume recruiter resume people compensation growth report opening skills strong team customer equivalent required sales passion growth contribute contribute years benefits benefits start call analyze report start people experience required start strong start platform analyze multiple required multiple permanent experience experience customer starter
email,{H0T0-N1CD07TA-6909AZVF},08/02/2010 17:33:21,RHL0992,PC-9040,BKM6137@hp.com,,,Rachel.Hermione.Le@dtaa.com,29272,0,recruiter growth contribute opening team people multitask opening hours process contribute team opening start growth industry degree growth multiple job concepts skills initiative opening multitask required multitask guidance multitask benefits analyze equivalent strong report job self
email,{B3T0-T2MH27SD-5852QFPX},08/02/2010 18:30:42,RHL0992,PC-9040,BKM6137@hp.com,,,Rachel.Hermione.Le@dtaa.com,23539,0,sales degree customer sales develop process customer job years experience job resume contribute part-time growth develop permanent skills develop analyze growth resume resume multiple self people skills customer team technologies guidance strong responsibilities resume opening on-line recruiter expert contribute benefits initiative multitask platform concepts
http,{C9X9-Y2LN79GH-3931RHYE},08/02/2010 19:09:29,RHL0992,PC-9040,http://yahoo.com/hotjobs/WboUhagvat752138490.php,platform platform sales technologies start concepts interface growth years equivalent develop guidance expert technologies develop team management required passion initiative part-time platform analyze platform equivalent develop customer contribute analyze job years starter multiple skills develop responsibilities degree multitask
http,{E2H0-T7VO50TC-8175FZMJ},08/03/2010 09:04:51,RHL0992,PC-9040,http://hp.com/WboUhagvat1944152218.jsp,contribute platform initiative develop equivalent job opening multiple platform strong responsibilities contribute sales customer experience hours management interface self multiple passion passion industry people skills multiple expert resume platform equivalent opening contribute expert platform industry degree skills growth platform concepts benefits on-time interface team degree job job engineer required on-time resume years responsibilities report resume contribute equivalent team degree engineer
http,{Q9J4-Y5YG03CF-6496KUEA},08/03/2010 11:03:42,RHL0992,PC-9040,http://lockheedmartin.com/WboUhagvat1636367808.htm,degree team responsibilities years contribute job degree job technologies equivalent sales job analyze platform passion responsibilities growth team people strong resume management initiative management dynamic engineer process years strong equivalent strong resume people job concepts resume team benefits passion platform contribute self multitask compensation multitask passion resume growth sales starter resume degree experience experience equivalent part-time part-time recruiter
http,{C1Q4-K3IJ71ZQ-0070YQSS},08/03/2010 11:39:43,RHL0992,PC-9040,http://northropgrumman.com/WboUhagvat572113271.aspx,expert initiative multitask skills skills concepts passion concepts years visual people customer report process passion platform compensation opening responsibilities required benefits concepts technologies dynamic platform technologies compensation required multitask develop growth experience resume multitask salary report develop strong responsibilities recruiter recruiter opening skills people dynamic expert people experience multitask customer initiative opening interface resume part-time years
http,{O5A2-B9ZM11UY-2265SEEB},08/03/2010 11:48:02,RHL0992,PC-9040,http://simplyhired.com/WboUhagvat57469130.jsp,on-time experience equivalent experience compensation initiative starter platform benefits strong technologies skills years job people industry multitask responsibilities part-time team multiple concepts job experience multiple relocation degree growth contribute part-time required opening sales equivalent growth experience skills passion technologies customer degree contribute team experience years on-line multiple degree multiple permanent analyze concepts interface customer management responsibilities dynamic
http,{O8O5-M6NR28GQ-6626FXAO},08/03/2010 15:00:22,RHL0992,PC-9040,http://harris.com/WboUhagvat1919385663.htm,skills industry degree platform process sales opening experience multitask technologies start dynamic team industry experience guidance develop develop management industry initiative permanent industry visual team degree develop start contribute experience required start initiative platform responsibilities skills platform part-time part-time permanent
http,{Q4T3-T2LC53GQ-7021QWPO},08/03/2010 17:18:57,RHL0992,PC-9040,http://raytheon.com/WboUhagvat343187784.jsp,skills skills degree hours passion resume technologies part-time team initiative expert resume start concepts permanent skills required sales strong develop customer degree contribute skills multitask experience customer growth strong skills on-time multiple growth sales strong multitask team experience years degree resume on-time process develop experience develop sales develop compensation
http,{D2D2-D7BH37VV-6474CCVZ},08/03/2010 19:34:22,RHL0992,PC-9040,http://linkedin.com/WboUhagvat1479839504.aspx,contribute required multitask customer dynamic initiative sales degree technologies multitask develop concepts sales responsibilities skills process technologies years management customer skills report on-time responsibilities hours experience people customer growth analyze skills resume degree responsibilities platform team skills people job sales responsibilities responsibilities opening analyze hours compensation visual responsibilities people
http,{O2H7-E1LU95OD-2103PHMY},08/03/2010 20:28:13,RHL0992,PC-9040,http://northropgrumman.com/WboUhagvat572113271.aspx,dynamic resume job sales industry growth technologies process job team engineer equivalent salary years start process equivalent compensation industry develop starter start start strong platform dynamic team sales contribute industry interface contribute concepts years develop management dynamic responsibilities
http,{H9Y8-K6PT74QE-2350TZSX},08/04/2010 09:21:33,RHL0992,PC-9040,http://indeed.com/WboUhagvat1680703797.html,on-time concepts analyze years years job develop experience multitask initiative job people years platform compensation initiative engineer team strong platform recruiter technologies team opening team passion permanent multitask skills degree technologies customer dynamic responsibilities permanent platform responsibilities permanent experience years people expert develop call required required concepts engineer benefits dynamic self experience strong on-line platform benefits multitask on-time opening growth
email,{U2C0-K9WR01AQ-8092YSUF},08/04/2010 10:31:17,RHL0992,PC-9040,BKM6137@hp.com,,,Rachel.Hermione.Le@dtaa.com,19650,0,passion skills resume initiative on-time experience job report contribute develop platform multitask interface team visual experience equivalent multiple team responsibilities skills required years concepts permanent report contribute strong skills resume relocation responsibilities degree benefits multitask experience platform guidance required industry contribute multitask initiative people multiple multitask people people skills on-time technologies dynamic permanent growth benefits customer
http,{P0K7-S3QQ95TU-5254OZFM},08/04/2010 12:29:34,RHL0992,PC-9040,http://jobhuntersbible.com/WboUhagvat1258877042.aspx,analyze benefits permanent multitask contribute years platform team benefits degree develop experience concepts develop process job opening growth develop required job years passion start compensation part-time guidance platform start experience multiple dynamic concepts job initiative customer dynamic strong equivalent equivalent passion technologies customer platform required sales strong customer on-line engineer people resume strong interface platform concepts
email,{X4O0-H9AN59SP-1408FOWM},08/04/2010 12:48:17,RHL0992,PC-9040,BKM6137@hp.com,,,Rachel.Hermione.Le@dtaa.com,26554,0,benefits strong multitask degree required passion passion expert degree sales degree resume industry required sales process strong self years required management team permanent team years start customer experience multitask management experience analyze start sales sales develop degree years sales concepts multiple experience strong expert customer technologies engineer interface interface guidance technologies people growth experience responsibilities experience
http,{I4I6-C7XG93YD-1740FOSV},08/04/2010 13:40:19,RHL0992,PC-9040,http://hp.com/WboUhagvat1944152218.jsp,multiple opening contribute years customer guidance process skills analyze equivalent degree growth required technologies analyze skills resume guidance job hours compensation strong degree customer initiative starter strong visual analyze management on-time resume multitask report equivalent start passion resume years resume concepts interface years experience team report resume required engineer passion responsibilities sales sales growth sales years expert passion develop concepts people years platform experience
http,{D7H8-I5MW76FF-5401KNRK},08/04/2010 14:48:24,RHL0992,PC-9040,http://hp.com/WboUhagvat1944152218.jsp,growth multiple sales required skills develop skills initiative platform required resume initiative required responsibilities sales required dynamic equivalent contribute passion strong passion interface multiple strong relocation customer resume skills permanent responsibilities resume initiative required expert growth part-time guidance growth strong on-time customer job skills degree
http,{P9Q2-G0SN09BG-7272EUJQ},08/04/2010 17:21:16,RHL0992,PC-9040,http://job-hunt.org/WboUhagvat919122234.html,resume strong develop contribute degree experience degree on-line customer process self initiative analyze resume contribute multiple responsibilities equivalent skills concepts initiative develop expert strong benefits skills benefits report team degree technologies starter resume dynamic job concepts guidance develop people
email,{V1H4-Y0MQ26DP-2569TOLF},08/04/2010 18:14:58,RHL0992,PC-9040,BKM6137@hp.com,,,Rachel.Hermione.Le@dtaa.com,24366,0,sales passion skills equivalent opening develop develop resume initiative engineer on-line job skills passion team multitask on-time starter resume resume self hours job salary years management degree report sales multiple start benefits develop dynamic responsibilities required engineer part-time develop platform process concepts resume resume platform team develop
http,{Y8J9-N4UH24BH-5904KNOQ},08/04/2010 19:57:19,RHL0992,PC-9040,http://harris.com/WboUhagvat1919385663.htm,starter team experience growth dynamic expert experience sales compensation initiative start platform responsibilities contribute benefits sales interface responsibilities experience initiative required responsibilities develop job management sales multiple experience multitask dynamic on-time multiple
http,{S3R4-E6BV61YM-1553RFMA},08/05/2010 10:57:10,RHL0992,PC-9040,http://indeed.com/WboUhagvat1680703797.html,visual experience dynamic contribute develop multiple benefits years degree job develop customer technologies skills equivalent resume develop management strong initiative permanent job opening hours guidance team team required years strong team experience compensation report part-time sales experience opening industry interface management years dynamic multitask on-time strong develop responsibilities start develop on-time multiple required experience
http,{F6G4-I3QR01JP-7040UKCR},08/05/2010 11:02:20,RHL0992,PC-9040,http://simplyhired.com/WboUhagvat57469130.jsp,dynamic platform required initiative skills report self concepts experience responsibilities concepts equivalent guidance start management interface permanent opening people resume part-time benefits team on-time starter job required experience job contribute required dynamic initiative opening initiative experience customer sales management experience initiative strong
http,{H8J2-H1AA14YP-4550JAKT},08/05/2010 11:24:42,RHL0992,PC-9040,http://yahoo.com/hotjobs/WboUhagvat752138490.php,skills job multitask industry guidance technologies degree management strong opening growth multitask experience multitask required start resume permanent technologies degree concepts growth salary resume salary passion concepts on-line contribute responsibilities degree degree interface initiative concepts years dynamic experience contribute hours experience sales customer benefits analyze job management technologies sales expert interface part-time self job
http,{W1C8-I1GO36HW-8026GMSW},08/05/2010 11:57:30,RHL0992,PC-9040,http://yahoo.com/hotjobs/WboUhagvat752138490.php,salary concepts years report years guidance hours develop experience compensation management experience passion people process passion part-time opening industry dynamic initiative multiple concepts initiative analyze on-time platform technologies team part-time guidance permanent people sales salary contribute multiple platform on-time
http,{W2X3-P4UU62YA-5474KCEL},08/05/2010 16:12:50,RHL0992,PC-9040,http://simplyhired.com/WboUhagvat57469130.jsp,resume expert job interface analyze degree analyze passion equivalent job people job resume degree sales industry compensation multitask expert customer recruiter job resume degree degree on-time report responsibilities report platform interface contribute
http,{U6Z6-D9RT59JE-9628LODR},08/05/2010 16:46:56,RHL0992,PC-9040,http://boeing.com/WboUhagvat1904327536.htm,develop required responsibilities guidance team years self team job skills equivalent multitask on-time experience multitask sales years resume years expert skills develop multiple multiple team part-time permanent skills people management required technologies team concepts salary equivalent experience customer on-time salary resume degree technologies self start initiative guidance report responsibilities industry passion required permanent develop part-time
http,{P5U9-Y2EI11HJ-1448LXAO},08/05/2010 19:02:08,RHL0992,PC-9040,http://aol.com/jobs/WboUhagvat1963819229.jsp,resume start growth required people management skills sales contribute dynamic opening years initiative customer opening equivalent report concepts report passion contribute on-time degree years compensation experience compensation benefits on-line expert technologies multiple process skills experience degree skills degree sales concepts job initiative on-time industry people
http,{H0R9-O3LN56FR-9315YMGO},08/06/2010 12:26:56,RHL0992,PC-9040,http://job-hunt.org/WboUhagvat919122234.html,develop people on-time job opening on-time concepts growth concepts required visual multiple experience sales required contribute benefits management multitask multitask customer technologies required people responsibilities expert self job multitask management develop experience contribute multiple multiple customer experience opening contribute starter management permanent degree equivalent resume job required compensation industry equivalent management start skills develop growth initiative job customer strong skills team expert contribute people resume develop degree responsibilities concepts benefits job responsibilities report starter
http,{Y3A5-Q0IL12ZK-7909AWBA},08/06/2010 13:30:14,RHL0992,PC-9040,http://boeing.com/WboUhagvat1904327536.htm,job opening develop concepts interface hours interface experience responsibilities experience start opening expert self required start growth benefits salary multiple concepts people technologies report process growth years resume sales industry responsibilities job process strong skills report experience customer required passion relocation skills industry multiple years on-time report platform sales relocation technologies team contribute develop required
http,{N3T5-K3EY90LE-5975XBVH},08/09/2010 10:48:47,RHL0992,PC-9040,http://careerbuilder.com/WboUhagvat660170997.htm,contribute management develop report benefits report team experience concepts platform multitask experience equivalent required degree report people resume compensation multitask growth compensation analyze years job industry dynamic contribute opening required skills resume equivalent contribute initiative start technologies interface engineer years industry passion industry customer opening people on-line start on-line
http,{F5B3-U2WU46ZK-9826GXUS},08/09/2010 14:05:54,RHL0992,PC-9040,http://boeing.com/WboUhagvat1904327536.htm,customer skills customer passion multitask salary industry develop self job develop industry self compensation experience experience team self equivalent multiple multitask team resume degree compensation required contribute opening management required resume resume expert customer customer platform skills degree initiative
http,{W6S1-O9ED18GP-0707QSXQ},08/09/2010 15:36:18,RHL0992,PC-9040,http://hp.com/WboUhagvat1944152218.jsp,multitask industry salary analyze management permanent years technologies on-time platform customer experience benefits expert contribute degree multitask guidance team interface multiple resume interface initiative expert degree resume degree resume concepts dynamic strong management degree responsibilities report on-time resume industry
http,{T8B8-P2BI79DE-1028VXHR},08/09/2010 15:47:09,RHL0992,PC-9040,http://jobhuntersbible.com/WboUhagvat1258877042.aspx,skills growth initiative required on-time years equivalent sales passion on-time job experience responsibilities dynamic years strong industry hours opening develop degree team resume years passion customer visual passion skills part-time multitask team dynamic multiple guidance guidance develop responsibilities resume analyze equivalent expert multitask industry responsibilities sales management salary multitask hours
http,{N7M6-G2LV99IA-3561ZMMZ},08/09/2010 17:04:05,RHL0992,PC-9040,http://boeing.com/WboUhagvat1904327536.htm,years sales technologies technologies part-time call process industry strong start guidance recruiter team relocation report dynamic analyze interface contribute required hours technologies platform start process hours guidance guidance analyze technologies team permanent expert people skills permanent passion skills job on-time industry industry responsibilities platform years process
http,{Y3F2-N6LK21DN-9794VJRR},08/09/2010 18:01:41,RHL0992,PC-9040,http://hp.com/WboUhagvat1944152218.jsp,growth benefits salary benefits technologies management resume multitask part-time resume team opening equivalent self required management team years years required technologies people skills sales team technologies strong equivalent equivalent dynamic resume on-time starter analyze benefits years interface compensation report permanent
http,{D9F2-I5FW00MZ-7373SAGP},08/09/2010 18:43:53,RHL0992,PC-9040,http://job-hunt.org/WboUhagvat919122234.html,industry job on-time resume permanent initiative resume interface strong strong dynamic people team report process responsibilities job required resume people report team expert on-line years technologies guidance sales benefits years resume multiple analyze develop equivalent part-time degree report equivalent salary guidance industry opening guidance years team skills opening opening benefits experience years people on-time skills process opening sales
http,{U8O5-C0FW49ET-7096GJVD},08/09/2010 19:39:57,RHL0992,PC-9040,http://monster.com/WboUhagvat1180707852.html,required people growth on-time benefits multiple benefits part-time responsibilities required resume contribute technologies contribute required resume contribute multiple years growth required benefits benefits growth compensation platform resume strong passion industry team contribute resume management interface people benefits people required visual passion required skills
http,{J7U0-G9JM84QG-2070KXPC},08/09/2010 19:53:57,RHL0992,PC-9040,http://aol.com/jobs/WboUhagvat1963819229.jsp,concepts technologies salary permanent permanent multiple customer job strong management permanent analyze technologies technologies people multiple passion passion compensation on-line customer on-time starter dynamic skills multiple multiple job required start sales multitask degree technologies platform passion multitask on-time starter benefits develop skills interface opening required customer experience customer people multitask hours interface on-time
http,{Z9M9-R4XA11XQ-0032GDAS},08/10/2010 11:28:48,RHL0992,PC-9040,http://indeed.com/WboUhagvat1680703797.html,concepts multitask visual salary process team management responsibilities industry multiple compensation initiative responsibilities platform responsibilities analyze multitask visual resume starter starter contribute required resume sales skills industry strong permanent report multitask concepts multitask call interface growth job skills initiative growth call on-time resume guidance on-time responsibilities visual self years dynamic experience starter analyze opening technologies required on-time technologies experience customer expert sales strong concepts self relocation responsibilities initiative
http,{S1K7-Q4QT23AV-3024WKGE},08/10/2010 12:12:04,RHL0992,PC-9040,http://jobhuntersbible.com/WboUhagvat1258877042.aspx,experience permanent growth management platform passion required multitask sales industry job call start technologies opening process years skills years initiative dynamic people sales job sales on-line relocation benefits team required industry analyze degree years team experience required experience passion guidance benefits starter degree team initiative process experience resume customer develop job benefits guidance
http,{S6S6-L3QK47XP-6719HIIX},08/11/2010 09:50:40,RHL0992,PC-9040,http://lockheedmartin.com/WboUhagvat1636367808.htm,years required responsibilities report dynamic resume concepts opening engineer responsibilities analyze required degree skills job years required people contribute multitask resume strong salary starter years team customer expert management salary part-time years starter visual growth contribute customer start job responsibilities strong self develop opening team people
http,{D7R7-K8VK93CI-5746SKVH},08/11/2010 10:11:32,RHL0992,PC-9040,http://yahoo.com/hotjobs/WboUhagvat752138490.php,technologies recruiter equivalent team multitask job equivalent experience resume sales equivalent management part-time resume growth opening growth permanent experience process hours dynamic develop resume contribute part-time dynamic team resume sales self degree job platform develop engineer technologies analyze growth platform technologies opening platform team resume part-time multitask resume job people multitask
http,{Q0K1-Z0HI44ZE-5866PLPO},08/11/2010 10:48:49,RHL0992,PC-9040,http://lockheedmartin.com/WboUhagvat1636367808.htm,initiative opening equivalent dynamic multitask part-time equivalent start degree process opening experience salary develop years sales growth passion dynamic experience benefits compensation part-time opening people on-line customer self equivalent interface responsibilities report degree on-time job people degree skills process initiative years
http,{D7T5-Y2OI13RJ-0918QVBN},08/11/2010 10:56:44,RHL0992,PC-9040,http://indeed.com/WboUhagvat1680703797.html,contribute initiative multiple skills years compensation skills passion multitask opening opening expert skills responsibilities required experience engineer industry equivalent develop people develop dynamic team strong process required required strong required report technologies industry guidance multiple years permanent growth years degree hours analyze passion hours initiative multitask benefits contribute job degree start skills on-time initiative years
http,{E6Y1-E0QK72XE-9451IMLJ},08/11/2010 11:09:29,RHL0992,PC-9040,http://careerbuilder.com/WboUhagvat660170997.htm,degree resume management technologies self growth concepts on-time experience opening benefits years passion concepts permanent guidance start develop multiple skills team experience multiple salary required skills customer process years strong experience develop strong multiple customer compensation recruiter
http,{E0B2-X5JF21WJ-4998QEZS},08/11/2010 11:17:53,RHL0992,PC-9040,http://boeing.com/WboUhagvat1904327536.htm,team multitask salary degree strong required starter interface people industry guidance benefits concepts starter management passion technologies team responsibilities required multitask customer resume customer salary growth develop growth process sales industry permanent platform
http,{O6X1-G0FU20VG-0370ZJUF},08/11/2010 16:06:34,RHL0992,PC-9040,http://careerbuilder.com/WboUhagvat660170997.htm,responsibilities interface equivalent sales multiple interface technologies passion strong contribute required team contribute interface management part-time develop initiative permanent strong part-time responsibilities contribute multiple initiative degree start call management initiative compensation platform compensation dynamic guidance growth team experience management benefits degree expert salary multitask develop team on-time guidance required experience interface multiple
http,{Z5P8-F3BQ79ZX-4023OAIH},08/11/2010 17:21:55,RHL0992,PC-9040,http://simplyhired.com/WboUhagvat57469130.jsp,report team technologies skills start engineer equivalent growth skills multiple skills required expert guidance responsibilities years required dynamic multiple engineer report skills job multitask skills passion required technologies responsibilities expert required job self part-time resume multiple concepts passion required visual report multitask
http,{N5J8-M1OZ18OO-6946IISR},08/11/2010 18:08:06,RHL0992,PC-9040,http://lockheedmartin.com/WboUhagvat1636367808.htm,hours engineer sales initiative opening benefits degree sales guidance experience contribute visual technologies resume self on-time multitask interface process skills compensation experience initiative degree concepts responsibilities guidance self starter customer required customer experience job passion experience analyze hours develop concepts on-line report expert strong job platform report years multiple passion industry skills platform self resume
http,{F8M4-B1NF43LA-9931HZBJ},08/11/2010 19:19:14,RHL0992,PC-9040,http://lockheedmartin.com/WboUhagvat1636367808.htm,visual equivalent management skills job compensation people team interface interface customer concepts resume required develop degree self hours develop customer multiple benefits contribute sales responsibilities technologies industry people opening growth platform benefits strong contribute resume guidance platform on-line multiple job on-time equivalent benefits skills skills
http,{F7N4-B1SP76GC-3121MJAM},08/12/2010 09:15:20,RHL0992,PC-9040,http://northropgrumman.com/WboUhagvat572113271.aspx,management management skills management experience dynamic experience report develop self multitask opening industry permanent growth multitask develop dynamic call passion opening develop concepts analyze visual technologies years skills job experience opening sales benefits passion initiative contribute resume visual contribute relocation analyze dynamic initiative technologies equivalent process self job engineer equivalent initiative team industry platform initiative customer
device,{E6D9-B8CU97OA-2235RDWC},08/12/2010 09:22:10,RHL0992,PC-9040,Connect
device,{T0X2-T2VP02MV-2922CLYK},08/12/2010 09:36:36,RHL0992,PC-9040,Disconnect
device,{Z6N8-A8SI78KE-9453JHGN},08/12/2010 10:10:22,RHL0992,PC-9040,Connect
device,{M7V8-U6IT16SI-4732CHIE},08/12/2010 10:16:25,RHL0992,PC-9040,Disconnect
http,{U0R9-X9BW65FL-8479KRLZ},08/12/2010 10:43:48,RHL0992,PC-9040,http://job-hunt.org/WboUhagvat919122234.html,customer start responsibilities sales experience contribute experience interface years strong salary multitask salary required recruiter start benefits skills growth benefits permanent team compensation multiple passion skills starter skills resume concepts management guidance experience develop skills on-time interface initiative management multitask part-time industry develop start required equivalent equivalent team customer contribute initiative management experience develop contribute on-time interface degree management start interface job
device,{I3R5-B6WF29ZR-9572IKVU},08/12/2010 12:05:30,RHL0992,PC-9040,Connect
http,{A1A5-W4LC26VF-0340MVMH},08/12/2010 13:10:12,RHL0992,PC-9040,http://aol.com/jobs/WboUhagvat1963819229.jsp,salary engineer expert job people strong develop guidance team interface sales experience concepts years interface starter strong develop sales salary people analyze opening required interface customer experience management responsibilities call resume growth technologies guidance interface job customer hours management industry
device,{F9G4-Q4RX69ZH-6266SUYV},08/12/2010 13:48:17,RHL0992,PC-9040,Connect
device,{G8A8-B7LL83HE-6791RSVW},08/12/2010 13:52:05,RHL0992,PC-9040,Disconnect
http,{Q2A1-V7DW28XR-5489EAVA},08/12/2010 14:16:17,RHL0992,PC-9040,http://hp.com/WboUhagvat1944152218.jsp,hours concepts contribute industry contribute platform customer years expert initiative required resume platform part-time skills develop job develop self experience on-line required contribute multitask contribute start report skills job multiple interface interface experience years engineer concepts platform experience interface degree strong salary job
http,{N7N9-Q7HV36ES-6594BFBO},08/12/2010 16:22:07,RHL0992,PC-9040,http://craigslist.org/WboUhagvat1105403916.aspx,permanent passion benefits team multiple multiple degree analyze resume skills expert on-time responsibilities concepts people responsibilities resume job guidance report resume years starter initiative sales sales strong growth years experience years customer strong strong report platform responsibilities industry concepts experience degree strong guidance experience engineer contribute salary
http,{M0N9-R6LF43XA-9354PEJI},08/12/2010 16:53:33,RHL0992,PC-9040,http://monster.com/WboUhagvat1180707852.html,start opening concepts self passion skills resume concepts experience sales multitask people permanent salary degree permanent dynamic multitask job resume multiple experience strong multiple responsibilities opening start growth skills on-time starter years sales customer develop interface management required on-line multitask growth degree strong management team initiative
device,{B7R1-X5AJ14TA-8840DVII},08/12/2010 17:28:50,RHL0992,PC-9040,Connect
http,{P8J0-V7BY18BS-6924SFSR},08/12/2010 18:09:43,RHL0992,PC-9040,http://raytheon.com/WboUhagvat343187784.jsp,people strong permanent dynamic develop required passion interface concepts benefits job sales multiple develop develop strong resume compensation experience equivalent guidance analyze management develop responsibilities resume multitask responsibilities experience concepts dynamic benefits experience resume customer strong permanent interface develop required expert experience benefits skills passion opening expert team visual growth on-time strong on-line multitask customer
device,{I6P1-N6DL31WH-7288UACF},08/12/2010 18:26:54,RHL0992,PC-9040,Disconnect
email,{A0Q1-G8LY70VB-6300JHLJ},08/12/2010 19:05:47,RHL0992,PC-9040,BKM6137@hp.com,,,Rachel.Hermione.Le@dtaa.com,21705,0,team strong multitask contribute job skills years technologies responsibilities resume salary develop call technologies degree skills contribute customer salary multiple people experience degree technologies multiple develop develop people experience management degree start passion report hours degree degree degree contribute customer hours
http,{V3P3-E2BI40IE-0896TMCY},08/12/2010 19:36:18,RHL0992,PC-9040,http://craigslist.org/WboUhagvat1105403916.aspx,develop initiative salary degree interface equivalent strong responsibilities equivalent contribute multitask report on-time required starter experience job years customer analyze sales customer industry dynamic customer people opening dynamic resume years interface report resume salary contribute sales required initiative contribute multitask growth guidance sales required technologies sales permanent equivalent salary
device,{M8K4-W3PN44NE-3093ZAMM},08/12/2010 19:48:22,RHL0992,PC-9040,Connect
device,{X7W3-H3NS24LT-8872TLGE},08/12/2010 19:52:22,RHL0992,PC-9040,Disconnect
device,{F2I9-D4OL72HX-8142WKDH},08/20/2010 10:58:27,RHL0992,PC-9040,Connect
device,{G1R8-M4QH52EU-3810TTQE},08/20/2010 10:59:20,RHL0992,PC-9040,Disconnect
device,{Y6A9-Y1BV92GS-8222EKBH},08/20/2010 11:06:07,RHL0992,PC-9040,Connect
device,{A6A0-R8BV65JN-9534GBJZ},08/20/2010 11:38:37,RHL0992,PC-9040,Disconnect
device,{U1Z2-F8TM33BL-9165NHOM},08/20/2010 12:10:37,RHL0992,PC-9040,Connect
device,{K5N5-C4UZ56GS-5582CTLL},08/20/2010 13:48:48,RHL0992,PC-9040,Disconnect
device,{P1N0-V8JG58ZQ-2526RHSJ},08/20/2010 18:29:32,RHL0992,PC-9040,Connect
device,{A6C1-C3GF74YC-4884NFNF},08/20/2010 18:31:19,RHL0992,PC-9040,Disconnect
device,{U3F7-M3XN49IE-0747FJLB},08/20/2010 19:12:19,RHL0992,PC-9040,Connect
device,{L9W5-S5HV94GX-4963UXCB},08/20/2010 19:13:41,RHL0992,PC-9040,Disconnect
device,{C0Q5-S2BZ49OQ-9229JBDC},08/20/2010 20:38:59,RHL0992,PC-9040,Connect
device,{V2P2-Q6TM14HR-1199ALTE},08/20/2010 20:52:20,RHL0992,PC-9040,Disconnect
device,{G6H4-W0DG92SK-8879YOLG},08/26/2010 09:59:47,RHL0992,PC-9040,Connect
device,{A5O9-H7EA02RN-4874QAIL},08/26/2010 10:10:20,RHL0992,PC-9040,Disconnect
device,{C4Z1-Q4DK12NN-8883SHHZ},08/26/2010 10:21:27,RHL0992,PC-9040,Connect
device,{M8W3-T9OM65PM-2290CKFD},08/26/2010 10:23:44,RHL0992,PC-9040,Disconnect
device,{X3U9-I0SV24OI-9889RMFJ},08/26/2010 10:52:20,RHL0992,PC-9040,Connect
email,{W5F2-A4IH88MG-0761OHKF},08/26/2010 10:58:58,RHL0992,PC-9040,Grant.Tyrone.Doyle@dtaa.com,,,Rachel.Hermione.Le@dtaa.com,23270,0,resign position resignation letter week 2 my exit week my key interview opportunity resign letter interview exit position resign 2 position 2 week letter resignation opportunity position notice interview opportunity week notice 2 2 resign key opportunity position thanks notice week resignation resign interview 2 exit resign 2 week exit of
device,{V0Y0-S0QY38IM-4576CFWB},08/26/2010 11:14:25,RHL0992,PC-9040,Disconnect
device,{A1Z5-L8SC29AR-1115RVPP},08/26/2010 15:23:31,RHL0992,PC-9040,Connect
device,{M3E4-K7EN23DG-3395VVPJ},08/26/2010 15:28:24,RHL0992,PC-9040,Disconnect
device,{H8F6-S6KO47JC-0736AZNG},08/26/2010 18:36:05,RHL0992,PC-9040,Connect
device,{Q7E7-P4UE91BU-3449LVHQ},08/26/2010 18:43:11,RHL0992,PC-9040,Disconnect
device,{D8S8-C4WN04CD-3811AZQT},08/26/2010 19:01:39,RHL0992,PC-9040,Connect
device,{Z3V4-J6TU46AN-5089ZEGO},08/26/2010 19:12:28,RHL0992,PC-9040,Disconnect
device,{E2C3-U9LC46UO-6834WFKB},08/26/2010 20:41:32,RHL0992,PC-9040,Connect
device,{T1U3-L9QG84TU-4604AKVT},08/26/2010 20:55:19,RHL0992,PC-9040,Disconnect
device,{S0C2-R8AW35OV-6120NTGG},08/27/2010 10:06:31,RHL0992,PC-9040,Connect
device,{P2D4-U8FW53MN-3543WZQG},08/27/2010 10:24:21,RHL0992,PC-9040,Disconnect
device,{A9V3-N7DY16SG-1021UGBA},08/27/2010 10:27:53,RHL0992,PC-9040,Connect
device,{K7H0-Q2MO41HF-0709NIVL},08/27/2010 10:32:47,RHL0992,PC-9040,Disconnect
device,{Q6D1-L2ZY96GM-5727ZBNM},08/27/2010 10:35:55,RHL0992,PC-9040,Connect
device,{Y8H0-H0KC00CB-1392LHWV},08/27/2010 10:44:28,RHL0992,PC-9040,Disconnect
device,{U2Y9-C9DI45DD-4090OQUJ},08/27/2010 11:03:33,RHL0992,PC-9040,Connect
device,{G1T1-P3BI32WA-3339WUJB},08/27/2010 11:36:21,RHL0992,PC-9040,Disconnect
device,{U8P9-J0DJ34QH-5580QPDD},08/27/2010 18:13:31,RHL0992,PC-9040,Connect
device,{O4X0-P5SK48AD-7523SVSV},08/27/2010 18:17:01,RHL0992,PC-9040,Disconnect
device,{A2S6-P7SX37JF-8659VFGF},09/01/2010 10:03:39,RHL0992,PC-9040,Connect
device,{E3A6-X6AE45RS-3291EDAZ},09/01/2010 11:03:34,RHL0992,PC-9040,Disconnect
device,{J8E9-P7QX82JS-5873BHXB},09/01/2010 11:16:48,RHL0992,PC-9040,Connect
device,{R9R0-L4WO22VU-1374DQVD},09/01/2010 11:20:07,RHL0992,PC-9040,Disconnect
device,{K9N3-O1HT76QE-2414PLQP},09/01/2010 15:00:50,RHL0992,PC-9040,Connect
device,{E3K7-H0DF32XZ-8460AKGJ},09/01/2010 15:04:18,RHL0992,PC-9040,Disconnect
device,{O4B7-W8HF05XS-1039UEYH},09/01/2010 18:38:13,RHL0992,PC-9040,Connect
device,{T7F7-J3GR30LP-5054AVHK},09/01/2010 18:41:05,RHL0992,PC-9040,Disconnect
device,{S8Z1-I0QX28PQ-0197IQTY},09/01/2010 19:53:40,RHL0992,PC-9040,Connect
device,{L7Q4-X6AF65YV-6443YOIP},09/01/2010 20:59:57,RHL0992,PC-9040,Disconnect
device,{N9I6-J0XQ83XQ-9621ZXJI},09/09/2010 10:36:18,RHL0992,PC-9040,Connect
device,{O1R8-M3JH62TM-6361QHTL},09/09/2010 11:05:09,RHL0992,PC-9040,Disconnect
device,{I5A1-Z9LG13GO-2678JOIU},09/09/2010 15:54:45,RHL0992,PC-9040,Connect
device,{D6N7-Z8ZT90PB-6615PPRR},09/09/2010 16:01:48,RHL0992,PC-9040,Disconnect
device,{Z8C5-W1MU71CN-8997MMFF},09/09/2010 16:42:34,RHL0992,PC-9040,Connect
device,{G7L5-P3HU03MK-9114OLII},09/09/2010 17:32:42,RHL0992,PC-9040,Disconnect
device,{I0R3-E7GQ58VV-6823NINO},09/09/2010 17:43:53,RHL0992,PC-9040,Connect
device,{V5Q2-Y2SU09RS-8083FBPV},09/09/2010 18:00:38,RHL0992,PC-9040,Disconnect
device,{A8B3-O4RU77BF-0516HICS},09/09/2010 19:29:49,RHL0992,PC-9040,Connect
device,{G6F9-M4EJ52ZS-8489AHSS},09/09/2010 19:46:09,RHL0992,PC-9040,Disconnect
device,{F2D8-I5EA54NB-2694SFUV},09/09/2010 20:05:58,RHL0992,PC-9040,Connect
device,{L9I3-I2JG26RI-9535BYNH},09/09/2010 20:45:13,RHL0992,PC-9040,Disconnect
