http,{Y1W6-H4OC71XM-8541DKTK},07/26/2010 16:23:45,DIB0285,PC-1268,http://indeed.com/WboUhagvat1680703797.html,equivalent customer analyze develop platform visual team team equivalent process years equivalent sales visual start salary platform skills resume guidance experience analyze
http,{K7K8-W8SN96OA-6850SLGB},07/26/2010 17:46:27,DIB0285,PC-1268,http://yahoo.com/hotjobs/WboUhagvat752138490.php,contribute required skills required on-line develop permanent passion on-time team industry platform opening develop sales contribute multiple strong sales job platform multitask customer multitask team skills degree concepts salary job benefits responsibilities engineer
http,{V7C7-E5QA03UM-3754NFTP},07/27/2010 10:23:13,DIB0285,PC-1268,http://simplyhired.com/WboUhagvat57469130.jsp,required responsibilities resume strong initiative sales part-time customer contribute multitask management responsibilities develop experience multiple equivalent sales people strong team years passion resume years customer guidance responsibilities skills years management sales skills expert management growth team expert skills develop analyze skills sales contribute
http,{B0X6-G4YC92JY-4515GZQB},07/27/2010 15:01:27,DIB0285,PC-1268,http://jobhuntersbible.com/WboUhagvat1258877042.aspx,on-line responsibilities management experience team multiple starter customer starter years experience interface skills skills people customer skills interface degree team experience skills process develop management customer technologies growth responsibilities passion start skills multiple people multiple guidance skills contribute strong team passion industry multitask technologies benefits salary team multitask responsibilities customer growth report people job resume years platform interface platform contribute hours required degree
http,{I3D4-R2NZ66UM-2286ZKON},07/28/2010 09:42:55,DIB0285,PC-1268,http://simplyhired.com/WboUhagvat57469130.jsp,people contribute technologies visual initiative call report team industry team industry benefits technologies multitask experience degree industry contribute degree initiative visual years skills strong compensation management responsibilities platform degree multitask develop start
http,{L8W0-W7BG34QD-0413CNVR},07/28/2010 09:44:01,DIB0285,PC-1268,http://lockheedmartin.com/WboUhagvat1636367808.htm,multitask benefits skills concepts industry opening skills resume multitask develop platform job team skills dynamic multitask opening sales analyze concepts engineer technologies required degree guidance resume salary required passion job compensation process resume resume growth opening permanent platform interface growth dynamic sales multitask expert benefits analyze experience resume multiple dynamic responsibilities skills
http,{J1K8-T5RI37SJ-3091JLZY},07/28/2010 10:00:18,DIB0285,PC-1268,http://hp.com/WboUhagvat1944152218.jsp,initiative team skills customer resume skills team contribute self report responsibilities develop sales engineer skills experience develop process benefits benefits degree resume resume contribute management analyze part-time self start report hours team required equivalent start degree experience degree experience customer multiple initiative call equivalent required dynamic required resume report growth management years required call years job analyze salary years process skills growth degree start job multiple
http,{P6Y5-C4JH63AV-5405UWZE},07/28/2010 11:12:50,DIB0285,PC-1268,http://monster.com/WboUhagvat1180707852.html,on-line multitask multitask on-line benefits multitask guidance self platform report technologies part-time salary dynamic customer hours degree customer contribute benefits required develop required
http,{D7B4-G5QG39HN-1969LDMJ},07/28/2010 11:52:12,DIB0285,PC-1268,http://hp.com/WboUhagvat1944152218.jsp,guidance growth resume benefits self job concepts equivalent equivalent process resume start contribute management guidance resume equivalent growth team customer permanent on-time platform industry contribute contribute process team hours strong start multitask report resume growth team team expert analyze opening opening concepts salary degree analyze permanent skills job resume on-line
http,{M8B9-L6DH56DS-7933BNIB},07/28/2010 11:59:39,DIB0285,PC-1268,http://monster.com/WboUhagvat1180707852.html,dynamic equivalent interface resume permanent growth growth customer resume customer passion guidance team concepts skills analyze dynamic degree team skills technologies degree technologies job team opening opening contribute interface guidance job required management multiple benefits
http,{O1A4-L3OP04PQ-4317RZSL},07/28/2010 12:51:16,DIB0285,PC-1268,http://job-hunt.org/WboUhagvat919122234.html,management concepts degree part-time people guidance contribute initiative skills sales industry degree equivalent concepts on-time industry dynamic sales resume dynamic interface concepts management dynamic multiple resume develop on-time growth customer responsibilities compensation develop resume team interface skills opening part-time customer recruiter equivalent multitask required industry resume technologies benefits multitask
http,{M5U0-B5KC50YX-7593GQRQ},07/28/2010 15:51:16,DIB0285,PC-1268,http://lockheedmartin.com/WboUhagvat1636367808.htm,sales degree team starter team industry required start opening self platform multitask compensation call dynamic benefits equivalent resume team part-time skills degree platform process hours required years on-time customer strong growth opening concepts benefits initiative analyze team starter strong growth start management visual team strong
http,{B5U9-Q2LR62WR-4048WVZB},07/28/2010 17:22:52,DIB0285,PC-1268,http://northropgrumman.com/WboUhagvat572113271.aspx,technologies management years multiple analyze passion resume multitask platform visual on-time equivalent opening resume team growth salary expert opening start required multiple people passion industry initiative experience multiple responsibilities initiative platform permanent responsibilities management opening required degree team benefits analyze on-time growth opening management skills passion management benefits start visual equivalent experience
http,{F6E0-Y0RM58PO-0824JCSD},07/28/2010 18:05:27,DIB0285,PC-1268,http://job-hunt.org/WboUhagvat919122234.html,growth experience customer strong experience salary contribute benefits growth guidance equivalent self engineer dynamic passion people people permanent experience skills start skills sales permanent start customer part-time responsibilities multitask experience required interface start technologies multiple job experience sales call start opening required contribute relocation people resume responsibilities benefits job concepts benefits guidance years interface salary team concepts develop hours compensation team interface required people on-time management sales responsibilities
http,{Z0B6-C0AU52LF-0121SXFL},07/29/2010 09:20:21,DIB0285,PC-1268,http://boeing.com/WboUhagvat1904327536.htm,degree job opening people hours degree responsibilities starter people starter degree strong responsibilities salary technologies job starter hours interface sales equivalent sales management industry start expert hours part-time guidance dynamic years industry start customer contribute initiative permanent degree develop call skills technologies people start required starter platform people interface guidance experience part-time hours responsibilities people analyze
http,{E1Q0-T1ZE04AQ-3809DVOU},07/29/2010 09:41:38,DIB0285,PC-1268,http://boeing.com/WboUhagvat1904327536.htm,contribute contribute experience guidance sales required analyze contribute responsibilities responsibilities required initiative skills guidance team required platform passion equivalent equivalent platform responsibilities concepts years industry platform multiple report sales equivalent equivalent job dynamic on-time people equivalent
http,{C4P5-I0RY92MF-5302JNEP},07/29/2010 13:40:55,DIB0285,PC-1268,http://aol.com/jobs/WboUhagvat1963819229.jsp,part-time team years multiple multiple people technologies responsibilities job concepts responsibilities compensation initiative passion engineer multiple management initiative engineer opening industry experience engineer job platform opening industry expert experience skills opening dynamic equivalent skills passion part-time develop concepts multiple required technologies passion degree equivalent responsibilities initiative contribute develop resume management experience benefits multiple management permanent experience
http,{R5E3-Z7KM23WA-9098MTRP},07/29/2010 13:49:27,DIB0285,PC-1268,http://hp.com/WboUhagvat1944152218.jsp,team benefits initiative years platform part-time technologies growth skills develop customer interface visual team report resume industry engineer on-time sales experience required degree multitask opening compensation contribute multitask skills concepts dynamic degree concepts years resume required management platform industry required years self degree sales industry concepts develop starter
http,{Q3V9-J9PH96QG-6441HCSA},07/29/2010 13:54:58,DIB0285,PC-1268,http://indeed.com/WboUhagvat1680703797.html,visual multiple people contribute opening job degree growth expert develop multiple on-time multitask multitask develop equivalent job passion industry opening degree salary sales team degree growth industry opening guidance starter passion degree resume on-line self report years job concepts strong experience analyze degree industry hours contribute years analyze on-time contribute develop opening relocation experience resume responsibilities opening team
http,{G4V1-L2RA93BL-5990HBVV},07/29/2010 14:00:40,DIB0285,PC-1268,http://yahoo.com/hotjobs/WboUhagvat752138490.php,customer report initiative part-time responsibilities equivalent degree sales visual strong multitask resume team customer skills passion customer years contribute growth platform benefits process management years sales concepts report experience multitask required develop years part-time engineer multitask recruiter equivalent team job compensation interface permanent benefits expert equivalent responsibilities passion multitask equivalent experience degree benefits strong sales opening equivalent technologies start interface skills responsibilities opening
http,{Y1X8-W8CN43TP-1883PPHR},07/29/2010 14:57:14,DIB0285,PC-1268,http://linkedin.com/WboUhagvat1479839504.aspx,opening opening passion process required passion years technologies required guidance contribute degree initiative recruiter management starter responsibilities team responsibilities dynamic compensation contribute team multiple engineer people compensation platform multitask on-time responsibilities responsibilities experience opening dynamic experience industry passion permanent customer customer guidance years responsibilities experience passion contribute people benefits call
http,{U8L8-D9IX96DU-6291XIVR},07/30/2010 10:47:47,DIB0285,PC-1268,http://hp.com/WboUhagvat1944152218.jsp,skills required develop self develop develop people on-time on-time degree platform on-time sales guidance job hours compensation multiple visual start passion experience degree salary concepts passion growth start develop guidance part-time guidance team concepts resume on-line on-time concepts experience passion team opening dynamic on-time
http,{K8N9-V5SG47YE-0062QTBQ},07/30/2010 11:07:53,DIB0285,PC-1268,http://hp.com/WboUhagvat1944152218.jsp,dynamic passion technologies permanent multitask expert contribute responsibilities guidance job analyze degree develop management multiple industry self passion job on-time contribute multitask benefits opening starter guidance degree required technologies skills responsibilities job visual compensation permanent degree customer strong people engineer skills analyze start team sales years contribute
http,{H4W7-U8SY97WH-9538FNHD},07/30/2010 13:04:36,DIB0285,PC-1268,http://raytheon.com/WboUhagvat343187784.jsp,multiple years experience team on-time hours interface passion team guidance recruiter on-line interface required equivalent opening passion sales relocation platform years multiple required contribute benefits years multitask strong multiple sales benefits starter industry permanent equivalent degree
http,{Q0K4-H4AX53SD-1030FNWI},07/30/2010 13:27:16,DIB0285,PC-1268,http://harris.com/WboUhagvat1919385663.htm,starter recruiter permanent strong benefits compensation multiple benefits interface job develop concepts skills relocation management industry initiative multitask report industry equivalent concepts expert platform dynamic years growth permanent management resume opening experience interface multiple management customer passion expert experience responsibilities equivalent on-time multiple strong job strong
email,{J5Z4-J3PH11GK-0660ZBIJ},07/30/2010 15:03:11,DIB0285,PC-1268,Beck-Grant@raytheon.com,,,Deanna.Imelda.Blanchard@dtaa.com,26566,0,years customer degree multiple team part-time degree multitask resume permanent salary platform equivalent strong visual team responsibilities expert years experience opening growth contribute responsibilities multitask skills interface develop guidance management industry initiative people skills contribute strong equivalent report platform opening part-time on-line industry analyze salary multitask sales concepts responsibilities contribute benefits responsibilities passion strong required job industry multiple multitask customer
http,{J0O7-P8VX69OJ-8331XNMF},07/30/2010 15:42:59,DIB0285,PC-1268,http://hp.com/WboUhagvat1944152218.jsp,develop dynamic required experience dynamic job guidance equivalent concepts technologies required interface management starter initiative skills growth job technologies multitask dynamic dynamic interface required salary platform equivalent degree job job strong team people start engineer expert self multiple degree responsibilities develop starter opening analyze years people part-time responsibilities initiative skills hours
http,{R7W7-R0DM04LJ-6170YUJF},07/30/2010 16:00:54,DIB0285,PC-1268,http://indeed.com/WboUhagvat1680703797.html,opening equivalent team customer guidance team people permanent multitask permanent contribute team skills years initiative experience start management customer opening platform years initiative experience team equivalent customer concepts contribute degree analyze technologies required permanent develop report industry customer analyze on-time resume start start sales starter analyze contribute experience contribute equivalent experience multiple resume management process multiple guidance required
http,{N7X8-D0JC58QX-7309EYXD},07/30/2010 17:53:36,DIB0285,PC-1268,http://job-hunt.org/WboUhagvat919122234.html,people report passion passion equivalent skills report job degree multitask initiative required strong passion starter required passion benefits develop develop strong contribute develop sales job years permanent passion multitask management resume customer experience part-time concepts interface industry opening develop visual interface equivalent years team start hours
http,{Y8Z2-F0OC35XX-8994MNTF},08/02/2010 09:12:10,DIB0285,PC-1268,http://careerbuilder.com/WboUhagvat660170997.htm,strong sales team hours management platform report years opening salary management skills starter contribute responsibilities interface people customer analyze platform strong industry sales interface job permanent strong customer platform interface report years management part-time analyze customer develop on-time permanent dynamic report on-time starter customer responsibilities customer strong required customer required multitask
http,{S1J8-J1YT48NG-1768NSBD},08/02/2010 09:12:44,DIB0285,PC-1268,http://careerbuilder.com/WboUhagvat660170997.htm,part-time start contribute degree on-time management initiative resume compensation customer resume years on-line multitask multitask required technologies industry skills contribute skills interface technologies recruiter initiative interface sales sales opening responsibilities part-time self strong degree customer permanent passion resume benefits multiple required develop passion multitask contribute required multiple report job management degree concepts permanent process
http,{T4Y3-D6SH13GY-5224NWSH},08/02/2010 14:59:47,DIB0285,PC-1268,http://yahoo.com/hotjobs/WboUhagvat752138490.php,degree develop degree resume part-time resume concepts team opening multiple expert technologies years growth responsibilities hours industry required visual team sales opening responsibilities starter required degree responsibilities industry contribute customer sales people responsibilities analyze management platform required skills compensation degree interface years starter responsibilities responsibilities team salary required technologies years opening responsibilities management analyze starter team experience experience expert analyze multiple team benefits equivalent
http,{B0T4-D2WH42FF-9307TXYA},08/02/2010 17:17:25,DIB0285,PC-1268,http://harris.com/WboUhagvat1919385663.htm,expert industry equivalent dynamic analyze resume benefits multiple experience management technologies concepts resume develop compensation develop visual multitask resume passion equivalent develop guidance industry management technologies develop customer degree years permanent dynamic initiative years sales benefits opening
http,{E0B4-G8CI52CV-7470TYGP},08/02/2010 18:01:38,DIB0285,PC-1268,http://hp.com/WboUhagvat1944152218.jsp,growth strong job initiative benefits responsibilities strong interface multitask part-time on-time team responsibilities customer report required skills permanent process report initiative strong salary required platform technologies sales customer resume initiative start develop growth multitask multiple platform degree responsibilities develop customer job management equivalent sales passion recruiter starter multiple permanent experience compensation growth benefits growth resume strong
http,{S3S5-W1LM19TK-7923ULOU},08/03/2010 16:10:40,DIB0285,PC-1268,http://yahoo.com/hotjobs/WboUhagvat752138490.php,responsibilities growth salary initiative contribute process opening process on-line experience analyze people interface customer multitask strong dynamic contribute opening management degree degree expert develop contribute passion required resume interface self degree equivalent growth call industry required team team salary equivalent concepts job degree initiative experience platform interface
http,{F7T0-R4AV93GU-0772FGQA},08/03/2010 16:16:36,DIB0285,PC-1268,http://simplyhired.com/WboUhagvat57469130.jsp,passion initiative analyze skills interface expert passion salary initiative hours experience required initiative interface people skills contribute sales dynamic call contribute people start resume required platform job team benefits permanent team years multiple guidance sales growth guidance responsibilities interface contribute responsibilities expert interface
http,{N5C9-R5SM60YV-5301IMZE},08/03/2010 17:38:40,DIB0285,PC-1268,http://aol.com/jobs/WboUhagvat1963819229.jsp,start technologies analyze initiative team job required years permanent customer develop experience recruiter develop management required resume customer dynamic passion team guidance management management experience people on-time develop degree contribute compensation management multiple self customer degree experience passion analyze strong
email,{K4L7-F3HL07VS-6124HLEQ},08/04/2010 10:32:31,DIB0285,PC-1268,Beck-Grant@raytheon.com,,,Deanna.Imelda.Blanchard@dtaa.com,28869,1,multitask analyze expert compensation responsibilities develop develop contribute people start passion on-time permanent sales hours multiple equivalent years customer permanent expert multitask guidance platform years management interface benefits responsibilities growth expert interface equivalent technologies responsibilities years on-line growth on-time contribute experience engineer
http,{T1V8-L2TF75YP-3736AXQV},08/04/2010 11:00:48,DIB0285,PC-1268,http://northropgrumman.com/WboUhagvat572113271.aspx,required multitask skills management multiple concepts years hours sales skills skills interface develop technologies team permanent concepts team benefits experience process start multiple team management customer required compensation develop required salary industry required starter initiative management contribute passion years benefits benefits salary growth concepts opening skills sales experience process engineer team skills team permanent
http,{T4C0-U3VZ77RS-8746NLYZ},08/04/2010 11:13:47,DIB0285,PC-1268,http://careerbuilder.com/WboUhagvat660170997.htm,benefits hours engineer skills opening required platform customer on-time resume customer hours customer on-time starter experience years customer passion responsibilities initiative required industry hours start benefits customer initiative required concepts on-time skills analyze resume opening customer dynamic permanent expert skills
http,{G2T2-N0AQ14CE-8814BAIR},08/04/2010 11:55:07,DIB0285,PC-1268,http://northropgrumman.com/WboUhagvat572113271.aspx,interface concepts people years growth resume equivalent dynamic strong job resume compensation resume responsibilities develop responsibilities opening job benefits opening initiative develop required technologies sales equivalent process years technologies industry analyze platform develop resume sales salary
http,{H7J1-E8EA63BO-3727BGDJ},08/04/2010 12:30:05,DIB0285,PC-1268,http://careerbuilder.com/WboUhagvat660170997.htm,multitask equivalent part-time strong team technologies platform job sales team start strong concepts people people develop multitask start equivalent process salary years interface analyze concepts multiple benefits industry team on-time management equivalent people analyze degree part-time part-time opening sales team years experience multitask start customer management compensation job equivalent responsibilities strong strong
email,{A3B6-S7ZS48JA-8450ZHUC},08/04/2010 14:09:54,DIB0285,PC-1268,Beck-Grant@raytheon.com,,,Deanna.Imelda.Blanchard@dtaa.com,26113,0,develop industry customer on-time sales interface start process initiative hours concepts interface multiple years management guidance job expert management technologies skills years job concepts experience multitask call responsibilities skills compensation contribute degree self customer industry benefits experience relocation management report concepts management contribute customer sales responsibilities start
http,{M3N6-C1JM11QP-0171XMBM},08/04/2010 14:34:07,DIB0285,PC-1268,http://simplyhired.com/WboUhagvat57469130.jsp,hours platform platform sales management starter team guidance resume platform required resume responsibilities passion expert interface team part-time on-line degree interface responsibilities contribute on-time growth job benefits technologies platform report opening starter equivalent on-time experience resume management skills analyze management permanent growth passion analyze sales develop guidance start opening degree contribute concepts years required compensation compensation required equivalent required permanent required analyze resume team initiative multiple
email,{H0L1-W8DF39PU-2427XAVW},08/04/2010 15:13:46,DIB0285,PC-1268,Beck-Grant@raytheon.com,,,Deanna.Imelda.Blanchard@dtaa.com,27537,0,people team strong dynamic skills equivalent multiple multiple equivalent people opening technologies starter industry salary equivalent technologies management management contribute team resume industry resume years multiple equivalent skills benefits required on-time dynamic interface resume multitask sales interface equivalent degree on-line customer required sales permanent required guidance salary years contribute people concepts management interface team dynamic expert multitask
http,{L7V3-R6LR17DS-1306QSIH},08/04/2010 18:04:06,DIB0285,PC-1268,http://boeing.com/WboUhagvat1904327536.htm,interface responsibilities sales report job passion initiative self technologies report benefits growth salary required compensation strong years customer required contribute job degree job dynamic industry report recruiter interface engineer sales platform resume interface initiative compensation experience growth passion develop management
http,{Q7U4-G8MW47AI-2743MWKI},08/05/2010 10:49:22,DIB0285,PC-1268,http://harris.com/WboUhagvat1919385663.htm,permanent on-time passion resume multiple permanent skills opening on-time experience degree process management opening initiative platform team skills contribute on-line on-line growth required people guidance passion platform multitask start management multiple management benefits team strong concepts resume degree platform contribute experience initiative responsibilities experience
http,{H9R8-H1GA67ID-5042TSKZ},08/05/2010 11:06:28,DIB0285,PC-1268,http://harris.com/WboUhagvat1919385663.htm,platform team concepts starter concepts customer years hours experience technologies industry responsibilities opening growth customer process guidance team required report team people on-time analyze resume benefits responsibilities degree starter develop initiative guidance
http,{X8F4-V2NT69XE-9870KHTV},08/05/2010 11:12:34,DIB0285,PC-1268,http://job-hunt.org/WboUhagvat919122234.html,starter on-line job contribute degree develop management hours develop passion contribute contribute equivalent customer platform benefits platform multiple guidance skills salary required growth degree opening visual expert expert on-time management multitask sales required management process concepts guidance
http,{R3R7-A5UT15FZ-6466PAYR},08/05/2010 11:16:44,DIB0285,PC-1268,http://boeing.com/WboUhagvat1904327536.htm,dynamic resume degree passion report platform team people permanent growth resume required years sales technologies platform on-line skills experience visual on-line self responsibilities starter degree concepts team passion job call years report salary analyze strong initiative sales resume guidance technologies technologies on-line experience report passion
http,{H2Q7-S6JM85HV-2566UKNF},08/05/2010 12:47:50,DIB0285,PC-1268,http://monster.com/WboUhagvat1180707852.html,strong sales initiative multitask years resume responsibilities strong initiative report years multitask guidance concepts customer contribute develop initiative years expert permanent multiple permanent expert recruiter years strong degree multitask equivalent initiative resume experience contribute platform team permanent analyze expert analyze responsibilities customer multitask interface management concepts degree interface responsibilities growth job people interface relocation process analyze industry multitask resume
http,{H0J5-J7ZF00NW-1817BYUS},08/05/2010 13:04:05,DIB0285,PC-1268,http://lockheedmartin.com/WboUhagvat1636367808.htm,opening equivalent responsibilities interface experience management dynamic job initiative team multiple growth on-time engineer on-time strong part-time years opening growth start compensation hours part-time equivalent equivalent industry multitask growth experience required hours benefits people call years concepts start industry responsibilities management years required multitask equivalent equivalent skills multiple responsibilities management years resume start analyze equivalent
http,{O2L4-A9RF13YS-5286VPSI},08/05/2010 13:17:27,DIB0285,PC-1268,http://simplyhired.com/WboUhagvat57469130.jsp,benefits report develop guidance team multiple starter multiple process industry report sales concepts required expert multitask people compensation years technologies people skills technologies job responsibilities responsibilities call growth customer benefits start equivalent on-time concepts degree experience responsibilities required required job process experience concepts benefits required recruiter guidance visual job required analyze
http,{C6S9-J7SP05TS-7686UPID},08/05/2010 14:20:32,DIB0285,PC-1268,http://harris.com/WboUhagvat1919385663.htm,team interface benefits resume permanent engineer degree contribute opening start growth platform on-time industry on-line opening responsibilities relocation self responsibilities starter salary multiple develop benefits passion guidance multitask technologies platform salary multiple skills start technologies guidance experience platform permanent equivalent skills
http,{Z9J5-D3LG80RG-8859DFOJ},08/05/2010 14:55:43,DIB0285,PC-1268,http://yahoo.com/hotjobs/WboUhagvat752138490.php,concepts analyze job on-time start team experience industry equivalent people responsibilities report platform on-time team interface required part-time concepts starter compensation responsibilities multitask equivalent responsibilities guidance experience initiative skills skills skills skills experience people benefits
http,{V9O5-A5IW23OP-8225RZEV},08/06/2010 11:00:47,DIB0285,PC-1268,http://raytheon.com/WboUhagvat343187784.jsp,permanent customer multitask interface compensation start guidance management sales guidance contribute process sales process concepts initiative platform permanent people equivalent process sales experience interface permanent industry people required guidance permanent technologies people people responsibilities expert customer benefits analyze contribute industry team opening job expert concepts passion resume starter develop team
http,{Q8P5-N9ZI90HM-7457PBCS},08/06/2010 13:00:25,DIB0285,PC-1268,http://yahoo.com/hotjobs/WboUhagvat752138490.php,equivalent report team sales management multiple opening dynamic management self years relocation years management experience technologies compensation opening starter experience on-line degree opening experience equivalent team years growth interface degree team management initiative skills strong initiative multitask years salary required people required team benefits starter start resume team self on-line initiative
http,{K9T4-P6FL97AV-7478CAFR},08/06/2010 13:44:36,DIB0285,PC-1268,http://hp.com/WboUhagvat1944152218.jsp,opening interface technologies process people strong on-line start contribute start benefits resume industry experience team multitask resume responsibilities opening sales degree equivalent report management interface multitask degree develop on-time degree required passion industry customer engineer management job starter permanent equivalent team self years technologies passion resume management on-time part-time compensation
http,{R9Y7-J3RU82RT-1972RNQN},08/06/2010 14:14:22,DIB0285,PC-1268,http://yahoo.com/hotjobs/WboUhagvat752138490.php,passion sales job benefits resume resume team report degree people permanent technologies opening job experience on-time experience management growth start starter industry benefits skills sales self visual report years degree report equivalent multitask years required required compensation customer growth dynamic team contribute years report concepts equivalent
http,{X4Z5-P3WS73ND-9501ZUGQ},08/06/2010 15:27:03,DIB0285,PC-1268,http://lockheedmartin.com/WboUhagvat1636367808.htm,industry multiple sales required skills management technologies on-time starter contribute benefits multitask guidance sales resume expert interface years sales develop on-time team team passion expert guidance responsibilities experience sales degree industry on-line benefits hours platform hours resume contribute technologies responsibilities dynamic experience engineer engineer industry resume management salary platform
http,{T8L0-R2LP70NY-7794XUDN},08/06/2010 15:30:33,DIB0285,PC-1268,http://simplyhired.com/WboUhagvat57469130.jsp,years multiple experience multiple opening equivalent responsibilities opening dynamic starter team opening interface skills responsibilities start years responsibilities contribute visual visual salary job degree hours compensation contribute years degree technologies degree experience on-time interface job permanent report contribute contribute passion experience experience
http,{X4A4-A5ZO69SH-2167FSHC},08/06/2010 16:35:41,DIB0285,PC-1268,http://craigslist.org/WboUhagvat1105403916.aspx,years team on-line growth opening visual develop concepts responsibilities resume degree experience resume concepts initiative management guidance customer team equivalent experience years multitask develop job degree years develop contribute required engineer contribute growth degree multitask skills report starter part-time opening skills
http,{D8G0-E3GX57KD-7764MWOC},08/06/2010 17:58:30,DIB0285,PC-1268,http://simplyhired.com/WboUhagvat57469130.jsp,part-time report start strong on-time guidance analyze multiple equivalent engineer job hours growth people visual skills report report concepts growth interface expert team sales initiative skills team process initiative engineer guidance initiative team multitask skills multiple resume required salary benefits develop start responsibilities multitask skills strong years on-line expert years
http,{H3O0-L3UN87MC-1482HFWY},08/09/2010 09:38:19,DIB0285,PC-1268,http://yahoo.com/hotjobs/WboUhagvat752138490.php,develop permanent contribute management customer start job degree contribute process initiative industry platform on-time resume multiple people multitask required benefits dynamic hours multitask develop people expert develop multitask experience platform experience opening required technologies develop on-line management degree opening team industry multitask responsibilities passion required strong strong required degree passion guidance on-time technologies start
email,{X0T9-M2NY35CF-4893BWZR},08/09/2010 10:11:22,DIB0285,PC-1268,Beck-Grant@raytheon.com,,,Deanna.Imelda.Blanchard@dtaa.com,32280,0,industry responsibilities multiple responsibilities required passion report process multitask management skills visual multiple required compensation required strong dynamic degree strong develop team opening growth compensation required degree skills years on-time contribute technologies contribute develop sales engineer interface customer initiative customer industry multiple benefits visual starter dynamic equivalent salary people skills start benefits required develop strong concepts skills
http,{H2Z4-K2UR40AD-2329TAZR},08/09/2010 11:12:35,DIB0285,PC-1268,http://boeing.com/WboUhagvat1904327536.htm,customer growth starter process degree multiple team technologies compensation years on-time initiative strong on-time strong multitask platform years part-time growth multiple process dynamic report develop platform interface opening customer compensation skills job experience required dynamic multiple management degree years required required self equivalent management dynamic initiative responsibilities permanent
http,{X6O8-F8JJ76WT-1229UDGO},08/09/2010 12:05:25,DIB0285,PC-1268,http://yahoo.com/hotjobs/WboUhagvat752138490.php,start opening skills platform multitask required salary team opening benefits permanent benefits team multiple industry report contribute responsibilities industry equivalent strong required salary strong required report customer people degree responsibilities skills process on-time team years report
http,{W7N7-E6TH17TB-8185XPWW},08/09/2010 12:55:53,DIB0285,PC-1268,http://boeing.com/WboUhagvat1904327536.htm,develop customer report permanent skills on-time team guidance expert experience strong hours equivalent team industry contribute industry equivalent multiple skills passion start multitask multiple dynamic start resume skills skills industry benefits years passion passion industry platform contribute multitask platform degree visual platform process job sales
http,{X1A0-H0TG12IC-2054GBAJ},08/09/2010 13:15:13,DIB0285,PC-1268,http://monster.com/WboUhagvat1180707852.html,interface on-time starter passion opening growth team start develop years management skills multitask resume experience multiple people degree people sales experience technologies technologies equivalent passion salary responsibilities opening people degree resume industry analyze engineer experience people start management analyze permanent initiative develop contribute customer platform
email,{I0O7-Z6AH60AJ-6639LMWY},08/09/2010 13:50:26,DIB0285,PC-1268,Beck-Grant@raytheon.com,,,Deanna.Imelda.Blanchard@dtaa.com,23984,0,resume team analyze hours permanent skills analyze years hours starter permanent industry concepts part-time start resume management expert multiple permanent years responsibilities years years years guidance multitask required interface strong experience develop job resume technologies starter required benefits permanent customer management part-time guidance technologies guidance years required people contribute experience on-line team call responsibilities
http,{H4C9-F9DQ17UH-8633TOBV},08/09/2010 16:01:44,DIB0285,PC-1268,http://simplyhired.com/WboUhagvat57469130.jsp,responsibilities expert years multiple job guidance management experience skills multiple multitask concepts concepts skills job growth guidance customer contribute guidance equivalent industry team contribute engineer years sales salary degree experience responsibilities interface multiple years contribute equivalent growth opening strong opening expert platform develop benefits contribute engineer opening platform years analyze
http,{Y4A1-T7FQ65TY-9233SUTQ},08/09/2010 16:17:14,DIB0285,PC-1268,http://careerbuilder.com/WboUhagvat660170997.htm,technologies dynamic required develop team on-time concepts multitask skills industry opening skills opening resume experience develop industry guidance industry responsibilities visual hours team platform team concepts industry dynamic process resume skills resume part-time team multitask years process expert starter resume years degree contribute people platform benefits multitask skills strong industry contribute dynamic experience industry
email,{Z9D5-A2PU73KY-2134GPIV},08/09/2010 16:45:24,DIB0285,PC-1268,Beck-Grant@raytheon.com,,,Deanna.Imelda.Blanchard@dtaa.com,31578,1,process years initiative platform start self visual expert contribute visual required benefits process multiple years on-time passion multitask part-time years customer multitask growth compensation skills skills skills management required people permanent resume develop responsibilities management resume
http,{E5R7-N6GG15LR-2134EKJH},08/09/2010 18:03:58,DIB0285,PC-1268,http://aol.com/jobs/WboUhagvat1963819229.jsp,dynamic team experience benefits required job develop equivalent platform management industry degree visual team initiative permanent industry passion responsibilities job degree skills call technologies on-line multiple initiative analyze experience multiple people dynamic team years team years platform equivalent responsibilities passion multitask contribute multitask initiative multitask people starter interface resume growth
http,{G7P2-F3SM84NU-3616ZSSY},08/09/2010 18:09:05,DIB0285,PC-1268,http://northropgrumman.com/WboUhagvat572113271.aspx,opening degree permanent required equivalent guidance opening experience contribute opening responsibilities on-time dynamic experience multitask compensation platform permanent resume on-line resume passion opening years customer start develop team guidance interface years degree opening opening equivalent team years required years sales resume years industry relocation
http,{J1R2-G1GX99UA-2337PJEI},08/10/2010 11:10:17,DIB0285,PC-1268,http://linkedin.com/WboUhagvat1479839504.aspx,industry required permanent part-time multitask part-time platform permanent years degree platform technologies benefits develop interface equivalent resume multitask interface skills concepts platform multitask team process guidance required salary multiple responsibilities salary growth concepts initiative develop degree industry on-time develop part-time team concepts guidance responsibilities required platform
email,{H4R5-H7QN50FH-1675OVVK},08/10/2010 14:09:31,DIB0285,PC-1268,Beck-Grant@raytheon.com,,,Deanna.Imelda.Blanchard@dtaa.com,35598,0,contribute benefits industry multiple analyze experience on-time start start develop report opening on-line customer opening multitask concepts multiple equivalent management guidance on-time start industry team multitask skills sales resume visual job on-line on-line analyze equivalent team resume guidance job engineer multitask guidance required process experience contribute contribute on-line platform
email,{F3F1-U6DK24LN-2476QUNJ},08/10/2010 14:23:22,DIB0285,PC-1268,Beck-Grant@raytheon.com,,,Deanna.Imelda.Blanchard@dtaa.com,34014,0,interface opening required guidance customer concepts customer dynamic resume multiple skills management analyze on-line benefits guidance develop permanent customer resume report start resume years contribute part-time on-line equivalent years resume benefits on-time experience multitask start start compensation degree required skills recruiter engineer visual
http,{E0O8-N7MJ54YP-1141PIEI},08/11/2010 11:14:21,DIB0285,PC-1268,http://jobhuntersbible.com/WboUhagvat1258877042.aspx,job starter years contribute years passion part-time permanent contribute people contribute self develop required part-time contribute on-time people required starter people multitask starter contribute resume required concepts resume skills years initiative on-time equivalent on-time degree multiple initiative contribute technologies passion strong opening responsibilities multitask passion responsibilities multiple initiative experience degree growth degree
http,{N8E2-U0SK94ZT-3893JJUM},08/11/2010 11:32:00,DIB0285,PC-1268,http://aol.com/jobs/WboUhagvat1963819229.jsp,multiple skills technologies initiative platform part-time multitask industry contribute years equivalent concepts customer customer interface required degree sales permanent responsibilities dynamic starter expert on-time resume dynamic multitask passion team resume
http,{V3R9-T1LR10LG-8699NHPX},08/11/2010 11:35:56,DIB0285,PC-1268,http://indeed.com/WboUhagvat1680703797.html,analyze experience equivalent benefits responsibilities benefits opening strong benefits multiple start benefits benefits platform customer sales job visual starter multitask process multitask growth equivalent analyze contribute years initiative part-time part-time visual multiple degree contribute growth industry relocation develop responsibilities responsibilities concepts start compensation strong skills customer team platform management strong years concepts develop
http,{X2E2-R1BV86DI-8507DDFW},08/11/2010 11:51:22,DIB0285,PC-1268,http://careerbuilder.com/WboUhagvat660170997.htm,years resume dynamic equivalent customer job sales process team guidance interface team platform job customer interface dynamic job on-time experience multiple responsibilities self sales resume team strong experience on-time visual experience management responsibilities technologies skills team self equivalent on-time permanent industry guidance growth team years platform contribute starter responsibilities develop develop sales skills skills
http,{I5Z0-J6DX98PJ-3727AEEY},08/11/2010 12:18:40,DIB0285,PC-1268,http://northropgrumman.com/WboUhagvat572113271.aspx,dynamic interface people customer self process benefits initiative people growth sales contribute dynamic degree permanent degree expert passion resume experience multitask degree passion opening team skills contribute management team call dynamic benefits salary resume permanent starter compensation platform multiple guidance technologies management customer multitask initiative responsibilities multiple skills job growth contribute experience develop initiative contribute industry contribute dynamic opening
http,{Q7P8-Q1OK39LL-2287ACHK},08/11/2010 12:33:25,DIB0285,PC-1268,http://job-hunt.org/WboUhagvat919122234.html,required technologies guidance guidance people self platform job develop job resume job benefits initiative self concepts initiative starter job analyze call team degree on-time skills contribute platform opening resume degree multitask initiative experience customer passion on-line on-line part-time resume start growth multitask resume resume technologies opening industry experience team required management report
http,{W1L8-W0EQ29TC-9914TIWN},08/11/2010 15:07:08,DIB0285,PC-1268,http://job-hunt.org/WboUhagvat919122234.html,starter growth customer initiative guidance equivalent responsibilities expert platform passion multitask relocation skills management contribute permanent start process job experience management skills strong equivalent multiple contribute customer job skills skills years people multiple contribute develop expert experience responsibilities skills contribute multitask contribute customer
http,{J3D0-J7WC19WD-8255JFTT},08/11/2010 15:39:37,DIB0285,PC-1268,http://jobhuntersbible.com/WboUhagvat1258877042.aspx,growth hours recruiter experience years report strong team develop years guidance dynamic responsibilities hours management benefits concepts management recruiter job customer develop experience guidance sales relocation report analyze equivalent self customer platform develop responsibilities equivalent multitask responsibilities salary permanent
http,{S6B0-Q4WL61AY-9413WNFW},08/11/2010 16:23:06,DIB0285,PC-1268,http://harris.com/WboUhagvat1919385663.htm,experience team team contribute initiative report experience strong engineer multitask analyze sales experience growth multitask experience contribute start team multitask process management required dynamic degree equivalent required develop start required opening responsibilities growth develop experience required contribute expert opening experience people experience concepts responsibilities dynamic industry on-time opening management interface analyze equivalent benefits permanent analyze degree
http,{I5U3-E5MQ66XL-7323NOIU},08/12/2010 10:43:04,DIB0285,PC-1268,http://simplyhired.com/WboUhagvat57469130.jsp,start team benefits experience experience expert dynamic strong platform years hours growth job growth team technologies dynamic develop strong recruiter skills concepts process expert multitask degree resume responsibilities sales years degree initiative required contribute degree opening compensation passion
email,{P4D4-Z7XH18LP-5251TVNL},08/13/2010 10:44:28,DIB0285,PC-1268,Beck-Grant@raytheon.com,,,Deanna.Imelda.Blanchard@dtaa.com,29464,3,management technologies guidance on-time resume responsibilities people team permanent resume customer expert team resume opening growth report resume years relocation multitask job management initiative platform degree responsibilities contribute compensation platform required contribute sales process required industry sales passion self resume concepts interface part-time experience multiple interface guidance develop multiple years team experience multitask equivalent dynamic recruiter required skills
http,{J9A2-J4IQ64GI-2846VSMG},08/13/2010 10:49:49,DIB0285,PC-1268,http://hp.com/WboUhagvat1944152218.jsp,required people platform management technologies hours industry skills people multiple years required start interface job people hours customer start management experience job on-time recruiter team customer initiative skills contribute salary years team passion job dynamic required guidance starter degree
http,{Y0E7-W0BD62LT-3634XAMK},08/13/2010 11:45:35,DIB0285,PC-1268,http://northropgrumman.com/WboUhagvat572113271.aspx,strong skills multiple multiple strong benefits strong industry strong benefits customer opening platform required initiative process dynamic people years dynamic sales develop dynamic contribute start technologies concepts permanent growth sales skills platform initiative degree opening multiple part-time platform skills resume degree industry platform passion responsibilities customer equivalent degree industry management interface recruiter on-time dynamic multiple concepts starter management on-line management years degree strong
email,{T4V3-A0FW42NJ-8761BPZZ},08/13/2010 12:54:03,DIB0285,PC-1268,Beck-Grant@raytheon.com,,,Deanna.Imelda.Blanchard@dtaa.com,29789,1,skills guidance opening required strong develop expert interface strong passion equivalent people contribute experience start skills develop hours growth hours initiative opening guidance multiple skills equivalent growth team job strong strong multiple skills salary resume passion multitask required opening contribute opening technologies start resume degree required management growth interface contribute dynamic experience people contribute experience concepts guidance resume platform contribute strong on-line
http,{W3E4-R0SQ60ER-2032SCGC},08/16/2010 11:49:28,DIB0285,PC-1268,http://job-hunt.org/WboUhagvat919122234.html,growth expert degree contribute responsibilities multitask salary degree visual on-line permanent multitask responsibilities required technologies start multiple concepts concepts benefits permanent growth on-time start guidance responsibilities required initiative multitask years permanent analyze customer team guidance management multiple platform years strong responsibilities process dynamic multitask people permanent
http,{F5E9-H5ZC57TO-1759QYRP},08/16/2010 12:52:36,DIB0285,PC-1268,http://job-hunt.org/WboUhagvat919122234.html,equivalent years resume skills team benefits opening expert visual technologies analyze experience management growth develop degree experience permanent years passion opening benefits starter develop strong report multiple concepts develop starter years develop platform opening interface contribute engineer interface multiple industry skills required initiative engineer concepts analyze initiative experience develop dynamic management job team contribute technologies sales experience multitask sales skills
http,{J5X5-S2QA54QW-4388TORV},08/16/2010 13:27:51,DIB0285,PC-1268,http://hp.com/WboUhagvat1944152218.jsp,sales required passion job opening concepts years equivalent start process team on-time technologies strong equivalent develop people analyze permanent start experience report industry equivalent years industry sales sales required degree job resume required people multitask responsibilities people interface part-time experience compensation skills dynamic passion initiative team management guidance multitask skills permanent start management start
http,{D3P3-P5DH65LP-8787AGLB},08/16/2010 13:30:15,DIB0285,PC-1268,http://northropgrumman.com/WboUhagvat572113271.aspx,on-time skills visual on-time concepts platform platform strong starter years skills degree job degree develop skills years job degree strong passion management experience benefits passion growth experience expert develop required hours multiple sales passion sales part-time guidance starter permanent passion expert experience job process engineer passion analyze management management
http,{W8N6-Z1QU73UA-3453DIML},08/16/2010 13:53:29,DIB0285,PC-1268,http://indeed.com/WboUhagvat1680703797.html,sales responsibilities report equivalent strong interface equivalent guidance sales self job team initiative guidance team concepts initiative experience develop on-time start on-time resume multitask responsibilities degree sales growth starter multitask contribute growth degree report equivalent process permanent growth guidance people team platform multitask team interface passion initiative required multiple multiple technologies multitask degree resume experience resume
http,{T7Z4-K1OF88GB-1381EEWI},08/16/2010 13:59:35,DIB0285,PC-1268,http://hp.com/WboUhagvat1944152218.jsp,contribute management concepts benefits on-line initiative job growth industry industry dynamic skills develop degree required compensation multiple develop multitask resume experience initiative sales years years experience start growth sales platform job report interface develop skills start management
email,{M8A1-Q9JY74LZ-4050AIKP},08/16/2010 14:11:19,DIB0285,PC-1268,Beck-Grant@raytheon.com,,,Deanna.Imelda.Blanchard@dtaa.com,24500,0,multiple customer platform passion permanent industry skills contribute multiple required start strong initiative dynamic compensation platform industry technologies years contribute team on-time permanent expert resume responsibilities degree resume hours management skills resume permanent responsibilities self job dynamic equivalent opening experience experience on-time
email,{R6X2-K2SZ91GL-9373SXFN},08/16/2010 15:31:23,DIB0285,PC-1268,Beck-Grant@raytheon.com,,,Deanna.Imelda.Blanchard@dtaa.com,28018,0,interface multitask starter management years customer initiative guidance experience required customer expert growth job report resume initiative hours concepts multiple hours interface platform team concepts compensation opening contribute initiative passion sales platform initiative multitask guidance starter guidance process part-time contribute required multitask job skills report opening responsibilities skills resume dynamic on-time skills permanent analyze contribute guidance sales industry start
http,{C9N2-Z2EX58AZ-6012MVQP},08/16/2010 15:58:45,DIB0285,PC-1268,http://linkedin.com/WboUhagvat1479839504.aspx,opening degree guidance hours people hours permanent technologies growth initiative expert responsibilities opening sales customer starter multiple sales passion industry guidance experience multitask equivalent hours concepts people job concepts years years self concepts develop industry report benefits initiative multiple expert guidance responsibilities contribute platform compensation experience people technologies
http,{C0N0-C9JD16SF-0500GGBG},08/17/2010 11:34:02,DIB0285,PC-1268,http://careerbuilder.com/WboUhagvat660170997.htm,process benefits equivalent technologies starter technologies resume interface job people passion strong contribute technologies expert sales team customer sales required platform initiative responsibilities job resume opening interface team sales management guidance experience experience years dynamic skills team people experience interface process develop resume contribute responsibilities required technologies opening self report passion technologies job contribute sales degree opening multiple compensation guidance platform resume passion
http,{P6C4-Z8RU67AI-4878KUMY},08/17/2010 12:27:34,DIB0285,PC-1268,http://monster.com/WboUhagvat1180707852.html,platform permanent equivalent multitask team required opening skills job visual hours management opening management degree responsibilities required skills required multitask permanent dynamic salary initiative team management contribute required on-time start benefits dynamic passion multitask passion responsibilities sales
email,{G4S9-D3BW77WB-6188ISBU},08/17/2010 12:55:18,DIB0285,PC-1268,Beck-Grant@raytheon.com,,,Deanna.Imelda.Blanchard@dtaa.com,15198,0,growth interface self expert years multitask sales experience starter skills initiative relocation concepts customer multiple passion degree years analyze years passion equivalent engineer customer skills salary people industry required degree passion develop analyze required degree people analyze experience analyze customer job develop experience experience strong equivalent
http,{R6Y0-E1YB90QG-6330DWHM},08/17/2010 13:51:31,DIB0285,PC-1268,http://hp.com/WboUhagvat1944152218.jsp,skills equivalent passion concepts passion multiple resume responsibilities develop self responsibilities job industry degree job interface process responsibilities management people responsibilities compensation dynamic multitask strong years hours skills process resume concepts multiple customer years hours develop guidance required opening required growth salary starter guidance responsibilities team management opening develop report analyze experience dynamic
http,{V8P0-O7QT59ZG-5214ADQD},08/17/2010 14:14:04,DIB0285,PC-1268,http://boeing.com/WboUhagvat1904327536.htm,people degree strong required multitask multiple experience customer responsibilities technologies skills opening starter on-time degree people team permanent guidance process dynamic contribute develop analyze expert required platform multiple opening resume interface develop team report customer multitask job responsibilities team dynamic benefits permanent responsibilities develop start people
http,{V7G0-J3TQ74IS-5290ZPDH},08/17/2010 14:43:44,DIB0285,PC-1268,http://yahoo.com/hotjobs/WboUhagvat752138490.php,management contribute strong contribute initiative resume opening initiative on-time experience job skills dynamic responsibilities contribute management degree multiple industry interface technologies expert management opening experience report opening engineer growth responsibilities required start permanent resume required multitask customer dynamic customer management contribute opening benefits initiative required opening develop experience
http,{Z4R1-T1AI72BB-9370RXOH},08/17/2010 16:01:34,DIB0285,PC-1268,http://harris.com/WboUhagvat1919385663.htm,technologies team years self strong responsibilities guidance job report develop multiple multiple benefits self years strong sales expert process years equivalent technologies required experience team hours strong analyze report resume resume technologies analyze initiative develop opening expert required part-time years resume engineer benefits report process industry experience resume required degree resume start technologies technologies interface multitask benefits skills multiple on-time contribute customer dynamic multiple
http,{M6P9-W9OD50VQ-6340HEPA},08/17/2010 16:10:29,DIB0285,PC-1268,http://indeed.com/WboUhagvat1680703797.html,responsibilities management starter team equivalent experience permanent growth salary required passion strong guidance experience starter technologies multitask team management equivalent interface expert opening interface initiative guidance sales required required skills visual guidance engineer customer skills permanent permanent years sales resume benefits sales equivalent report years contribute report team passion benefits on-time hours years salary sales starter sales multiple job
http,{K7N1-R8XF87XM-5272FUZY},08/18/2010 09:40:06,DIB0285,PC-1268,http://yahoo.com/hotjobs/WboUhagvat752138490.php,opening management equivalent benefits strong develop years degree report experience years start report benefits people opening self resume multiple responsibilities process multitask opening strong interface multitask multiple compensation benefits dynamic on-time interface experience responsibilities develop on-line
http,{R1P8-P9IH08DK-4423NBJF},08/18/2010 09:55:24,DIB0285,PC-1268,http://careerbuilder.com/WboUhagvat660170997.htm,equivalent recruiter guidance start team permanent contribute required resume concepts dynamic experience compensation multitask growth degree multitask sales opening interface guidance platform experience salary benefits dynamic multitask equivalent dynamic start experience on-line guidance responsibilities customer responsibilities resume passion multitask customer people experience growth multiple concepts multitask dynamic benefits concepts equivalent develop multitask multitask management responsibilities team management strong sales
http,{M0O3-Z8QC20GH-5296ABOS},08/18/2010 12:32:05,DIB0285,PC-1268,http://northropgrumman.com/WboUhagvat572113271.aspx,report starter report guidance years customer interface skills contribute industry initiative guidance report passion technologies permanent initiative benefits responsibilities job concepts multitask industry years technologies platform industry dynamic initiative equivalent responsibilities develop expert industry benefits start people skills passion initiative skills salary growth analyze part-time strong call on-line required salary industry guidance skills resume
http,{D5R6-N7DO41IU-7497XIPY},08/18/2010 12:50:15,DIB0285,PC-1268,http://northropgrumman.com/WboUhagvat572113271.aspx,concepts management salary management interface degree job report skills passion experience people engineer multiple people start salary platform concepts develop platform benefits required years passion industry on-time team strong degree sales resume platform multiple hours contribute sales skills visual benefits industry years years compensation strong experience experience team degree initiative start start
http,{Y0C2-K9FA99GC-0224HDXC},08/18/2010 13:01:47,DIB0285,PC-1268,http://monster.com/WboUhagvat1180707852.html,contribute multiple resume management engineer multiple contribute sales permanent team analyze interface contribute expert management people responsibilities degree develop salary platform management start strong experience multitask team platform customer required report multiple experience multitask management opening growth benefits team concepts people concepts sales platform multitask customer growth dynamic responsibilities passion initiative guidance
http,{X0E6-E4LB66AV-9629GBYO},08/18/2010 17:03:23,DIB0285,PC-1268,http://boeing.com/WboUhagvat1904327536.htm,develop technologies develop customer experience growth job on-line experience start contribute strong platform skills industry visual growth expert initiative team job sales benefits initiative industry management multitask industry people multiple responsibilities job report experience growth experience required initiative initiative visual growth job management platform industry degree initiative contribute responsibilities concepts management customer
email,{Y3O9-B2RF86HQ-4378KTDT},08/19/2010 10:46:14,DIB0285,PC-1268,Beck-Grant@raytheon.com,,,Deanna.Imelda.Blanchard@dtaa.com,37772,0,resume passion salary management on-time initiative required concepts benefits opening strong sales develop technologies experience team passion hours degree interface platform dynamic expert job strong team resume hours management skills management expert management experience job required report expert start dynamic multitask industry platform job experience years equivalent years experience benefits permanent salary part-time years responsibilities job technologies
email,{P0K3-V3HP00NC-8563FTCQ},08/19/2010 13:49:44,DIB0285,PC-1268,Beck-Grant@raytheon.com,,,Deanna.Imelda.Blanchard@dtaa.com,21494,0,multitask passion equivalent dynamic management resume guidance years responsibilities benefits concepts benefits team industry equivalent compensation experience sales experience required team expert responsibilities people years dynamic required technologies customer multiple report contribute management equivalent equivalent interface benefits years industry interface platform
http,{L3K1-Y6RK41WL-0961ZNNS},08/19/2010 16:09:33,DIB0285,PC-1268,http://aol.com/jobs/WboUhagvat1963819229.jsp,passion sales customer concepts experience develop responsibilities report compensation hours initiative strong strong hours resume people expert growth on-time team platform degree dynamic develop platform part-time equivalent platform required concepts technologies process degree years contribute concepts report degree multitask start degree years responsibilities part-time dynamic on-time benefits guidance team growth contribute
http,{S9B2-A7AI29LA-1815SJKH},08/20/2010 09:39:30,DIB0285,PC-1268,http://hp.com/WboUhagvat1944152218.jsp,start multitask visual resume start strong benefits opening management resume start hours multiple resume degree industry passion experience interface on-time multitask contribute passion customer opening strong skills years concepts responsibilities on-line expert responsibilities team job expert analyze people analyze concepts resume contribute customer team permanent responsibilities experience skills years years growth interface
http,{I2M6-B1XX24OO-5772CZDS},08/20/2010 11:27:59,DIB0285,PC-1268,http://lockheedmartin.com/WboUhagvat1636367808.htm,opening required customer responsibilities strong guidance responsibilities passion years responsibilities analyze on-line visual part-time initiative interface skills job technologies part-time starter guidance compensation interface guidance team technologies opening skills starter resume responsibilities initiative concepts multiple passion years customer
http,{Q2A1-R7NV39UU-6638PXAM},08/20/2010 12:31:46,DIB0285,PC-1268,http://hp.com/WboUhagvat1944152218.jsp,skills skills initiative start required hours initiative years experience benefits experience people experience expert team experience expert process job self industry start benefits people required guidance customer skills starter contribute dynamic salary team on-time resume years start skills required skills experience sales industry experience degree analyze years visual passion dynamic process platform team resume permanent team resume equivalent passion
http,{F7V4-N1QR55KP-4987QXTT},08/20/2010 13:22:54,DIB0285,PC-1268,http://northropgrumman.com/WboUhagvat572113271.aspx,call concepts part-time start report skills on-time engineer opening job dynamic skills years opening contribute interface equivalent technologies permanent technologies required passion interface degree required dynamic industry dynamic sales contribute multiple required self report responsibilities equivalent required guidance degree multiple dynamic degree required multitask self expert responsibilities platform passion benefits permanent management customer dynamic
http,{C4H8-U4OR97QL-9226GXBR},08/20/2010 14:01:27,DIB0285,PC-1268,http://craigslist.org/WboUhagvat1105403916.aspx,job responsibilities visual part-time sales relocation start job salary passion team multiple strong responsibilities degree team people customer benefits call equivalent start expert degree resume equivalent customer industry required interface management team guidance growth responsibilities management process growth resume equivalent equivalent required sales growth passion opening resume benefits
email,{R9Y4-K1JK49AG-4366WHNR},08/23/2010 10:18:41,DIB0285,PC-1268,Beck-Grant@raytheon.com,,,Deanna.Imelda.Blanchard@dtaa.com,22333,0,expert multiple people job compensation report opening job multiple experience platform process report degree degree self sales equivalent people equivalent interface growth required years team analyze develop experience report passion sales equivalent team industry benefits team passion on-time passion contribute experience job skills responsibilities interface experience initiative initiative benefits analyze passion visual resume start start interface resume experience analyze strong team self on-line
http,{S7S9-I3FD34OP-8018PLMV},08/23/2010 16:36:38,DIB0285,PC-1268,http://harris.com/WboUhagvat1919385663.htm,expert initiative industry contribute management growth part-time experience experience compensation job visual concepts years responsibilities permanent start people experience expert permanent multitask management self equivalent sales platform multitask degree required growth responsibilities analyze engineer benefits job growth report passion degree analyze platform initiative relocation skills interface degree develop multitask
http,{Y9P8-P3EB43QR-1997ZTFP},08/24/2010 10:54:44,DIB0285,PC-1268,http://craigslist.org/WboUhagvat1105403916.aspx,required passion interface years technologies dynamic initiative contribute industry experience initiative job strong years multiple dynamic initiative industry multiple degree people platform multiple analyze required visual multiple start skills initiative interface resume self growth skills strong required technologies required experience skills team
http,{H3N3-Z5ON71SA-8002VKAN},08/24/2010 11:58:39,DIB0285,PC-1268,http://yahoo.com/hotjobs/WboUhagvat752138490.php,develop process job equivalent part-time initiative interface multiple expert years sales on-time customer guidance multitask equivalent guidance growth report degree call multitask job opening responsibilities responsibilities multiple responsibilities call hours job responsibilities benefits opening required experience platform resume customer develop permanent management contribute people engineer multiple salary growth passion job platform technologies degree salary growth skills sales multiple multitask
http,{J7O1-E2ZR60EU-3755TFXJ},08/24/2010 12:32:14,DIB0285,PC-1268,http://simplyhired.com/WboUhagvat57469130.jsp,experience on-time concepts on-line required sales team job interface start team develop platform start benefits technologies years customer years process benefits industry skills job job resume responsibilities compensation initiative self permanent interface permanent job skills sales benefits multiple on-line multitask people contribute years job guidance equivalent responsibilities team process passion resume part-time equivalent self develop people part-time
http,{Z6D5-G0AB03QA-6362BQRI},08/24/2010 13:35:15,DIB0285,PC-1268,http://jobhuntersbible.com/WboUhagvat1258877042.aspx,sales interface concepts technologies platform visual opening recruiter multiple responsibilities required start resume responsibilities permanent experience benefits analyze management job resume process experience analyze on-time experience team process passion equivalent on-time years industry passion responsibilities experience management required opening job interface strong degree compensation required skills contribute skills develop technologies required benefits dynamic concepts industry required equivalent job platform
http,{T6M2-Q1YE85WI-0632WWRH},08/24/2010 14:18:56,DIB0285,PC-1268,http://jobhuntersbible.com/WboUhagvat1258877042.aspx,required required skills initiative years management expert years degree contribute initiative on-line permanent on-line technologies management years self sales equivalent compensation analyze contribute required multitask start required salary passion customer responsibilities responsibilities opening develop experience start benefits opening people develop industry analyze self salary permanent analyze expert call technologies customer
http,{I9F3-Y4SP07HO-3686SIXY},08/24/2010 15:54:14,DIB0285,PC-1268,http://monster.com/WboUhagvat1180707852.html,job required strong sales job process required initiative job self self required process responsibilities contribute benefits benefits years required growth on-time growth resume multitask skills people sales on-line years platform start guidance concepts concepts degree team degree strong experience salary platform required develop platform process start resume job process concepts dynamic
http,{W9I2-E4KT57WO-1453BXDD},08/24/2010 16:47:13,DIB0285,PC-1268,http://linkedin.com/WboUhagvat1479839504.aspx,team team contribute passion degree management customer sales hours customer degree platform guidance industry growth guidance initiative on-time passion dynamic visual responsibilities develop expert required job benefits analyze experience customer dynamic compensation team sales passion years strong start people industry report develop growth on-time team degree team skills skills concepts required experience
http,{H0Z5-V4FA53UU-5078EVYD},08/24/2010 17:09:11,DIB0285,PC-1268,http://lockheedmartin.com/WboUhagvat1636367808.htm,multiple benefits benefits process years concepts on-time required recruiter responsibilities part-time skills initiative hours management self skills concepts degree team passion passion opening expert resume contribute responsibilities team job degree analyze equivalent self experience management people salary concepts dynamic start concepts multiple responsibilities management
device,{N7J9-I7GG46QH-5022MPKI},09/03/2010 10:51:22,DIB0285,PC-1268,Connect
device,{Q1V4-X8JY66QX-1736HMIA},09/03/2010 11:09:38,DIB0285,PC-1268,Disconnect
device,{K1O6-V0BH93TN-4357ZAHR},09/03/2010 11:21:27,DIB0285,PC-1268,Connect
device,{P9T8-R1GS38DV-6538KPDU},09/03/2010 11:28:51,DIB0285,PC-1268,Disconnect
device,{U3V3-N1ID54DA-5316YMKP},09/03/2010 12:17:57,DIB0285,PC-1268,Connect
device,{A2V3-J5BG57MZ-8510HJDN},09/03/2010 12:34:05,DIB0285,PC-1268,Disconnect
device,{J8S8-C1IP97NR-8612XVOJ},09/03/2010 13:43:07,DIB0285,PC-1268,Connect
device,{W9X6-T4IR24HJ-3868HMVX},09/03/2010 13:58:04,DIB0285,PC-1268,Disconnect
device,{D3R2-L0WC42OT-0428SJIO},09/03/2010 14:22:06,DIB0285,PC-1268,Connect
device,{I2F1-Y6LV29NT-8236PBYM},09/03/2010 14:30:35,DIB0285,PC-1268,Disconnect
device,{F4G7-C6QL77WT-7737VEAD},09/07/2010 09:12:26,DIB0285,PC-1268,Connect
device,{F2H6-X8IL18QX-7402FMWC},09/07/2010 09:31:09,DIB0285,PC-1268,Disconnect
device,{I7W3-N8DO98MW-6545LKRF},09/07/2010 11:19:20,DIB0285,PC-1268,Connect
device,{B5P3-Y3FW46FJ-4651AYFO},09/07/2010 11:23:39,DIB0285,PC-1268,Disconnect
device,{K2U8-I0TF25NK-3504YXPZ},09/07/2010 11:59:30,DIB0285,PC-1268,Connect
device,{R7K2-R9TC65ML-9365GZLR},09/07/2010 11:59:36,DIB0285,PC-1268,Disconnect
device,{B3R4-T7OF61SN-6564PTSK},09/07/2010 12:57:49,DIB0285,PC-1268,Connect
device,{A4L9-K1ZT27YP-2477BKXU},09/07/2010 13:10:00,DIB0285,PC-1268,Disconnect
device,{G5Z1-Y1ZV51FT-2317MXCN},09/07/2010 13:33:37,DIB0285,PC-1268,Connect
device,{O1J2-Q8CS69XP-1447VIUT},09/07/2010 13:42:57,DIB0285,PC-1268,Disconnect
email,{O9C0-H0MJ50LL-2040MIDY},09/07/2010 13:47:47,DIB0285,PC-1268,Rose.Hanae.Yates@dtaa.com,,,Deanna.Imelda.Blanchard@dtaa.com,35006,1,tender opportunity interview 2 week position my notice my notice position letter resign of week key my letter key position resign tender week key notice resign key letter my 2 resignation week resignation 2 thanks 2 week key
device,{E3J2-X4PA21QU-0292PJAN},09/07/2010 14:46:30,DIB0285,PC-1268,Connect
device,{Q0V0-R8RN57EM-7021MACL},09/07/2010 15:14:47,DIB0285,PC-1268,Disconnect
device,{J0J9-J1HN52ZW-9646ZOLV},09/07/2010 15:47:00,DIB0285,PC-1268,Connect
device,{E6S9-D0NL84WG-5702ZGPE},09/07/2010 15:51:59,DIB0285,PC-1268,Disconnect
device,{K8G7-K2PH87QX-9948QFEX},09/07/2010 17:39:30,DIB0285,PC-1268,Connect
device,{D9D9-X7BX17PA-9395CGGJ},09/07/2010 18:00:38,DIB0285,PC-1268,Disconnect
device,{B6R5-G2JP25DS-1076EXOP},09/08/2010 10:17:14,DIB0285,PC-1268,Connect
device,{A8Q7-W6EA64VZ-7396ETDP},09/08/2010 10:30:10,DIB0285,PC-1268,Disconnect
device,{S1G7-V2WK66MF-2483WLEC},09/08/2010 11:51:14,DIB0285,PC-1268,Connect
device,{E6I9-O8WH45UX-8824IDNH},09/08/2010 12:06:40,DIB0285,PC-1268,Disconnect
device,{V2C4-E8VP36PW-2095RTUE},09/08/2010 12:50:00,DIB0285,PC-1268,Connect
device,{Q7B8-O3PL04PA-5235HSYT},09/08/2010 12:54:26,DIB0285,PC-1268,Disconnect
device,{D4B7-J3XW82AY-0921NETJ},09/08/2010 14:22:57,DIB0285,PC-1268,Connect
device,{E6U1-R7KU78MG-1983YODA},09/08/2010 14:33:15,DIB0285,PC-1268,Disconnect
device,{L3Q4-O6SY58VQ-4924BXSH},09/08/2010 17:23:48,DIB0285,PC-1268,Connect
device,{A6H7-X4IX70HA-7631OLRY},09/08/2010 17:49:33,DIB0285,PC-1268,Disconnect
device,{K2A7-E3ZC31MH-2298BTWH},09/10/2010 11:16:16,DIB0285,PC-1268,Connect
device,{Z7K3-R1SB43IK-1242EPIP},09/10/2010 11:53:10,DIB0285,PC-1268,Disconnect
device,{X5H6-M7KK42JN-2609SVDY},09/10/2010 12:10:40,DIB0285,PC-1268,Connect
device,{B0L5-B3QK20SW-6127TTVT},09/10/2010 12:41:15,DIB0285,PC-1268,Disconnect
device,{A3N2-F2AC14OC-7282FKJY},09/10/2010 14:58:07,DIB0285,PC-1268,Connect
device,{J6D1-F1RY98FH-1242SYNQ},09/10/2010 16:30:44,DIB0285,PC-1268,Disconnect
device,{J5B6-U2QD18XO-5491UWRF},09/10/2010 16:46:38,DIB0285,PC-1268,Connect
device,{P4V1-Z4CL21BJ-3386DICI},09/10/2010 17:08:51,DIB0285,PC-1268,Disconnect
device,{N1K6-L9NJ93HN-6724ZWYP},09/10/2010 17:24:35,DIB0285,PC-1268,Connect
device,{O4M5-J7LA36CT-6979YNLG},09/10/2010 17:49:11,DIB0285,PC-1268,Disconnect
device,{C9I4-E3MK43PH-1001VGQG},09/13/2010 11:03:09,DIB0285,PC-1268,Connect
device,{B5I0-Y6QD65KO-3897UPCM},09/13/2010 11:25:55,DIB0285,PC-1268,Disconnect
device,{Q2Q1-P0KX20MU-4172CNUA},09/13/2010 11:44:17,DIB0285,PC-1268,Connect
device,{Q7E8-K8UP87RY-7049RCFB},09/13/2010 12:16:28,DIB0285,PC-1268,Disconnect
device,{L6N4-P9DO90OH-4770FOLH},09/13/2010 12:16:47,DIB0285,PC-1268,Connect
device,{F3H0-F6DB47IE-3739WJMR},09/13/2010 12:23:51,DIB0285,PC-1268,Disconnect
device,{M2F2-D1ET34CO-9665RHEZ},09/13/2010 13:26:30,DIB0285,PC-1268,Connect
device,{J2I3-J8HN77ZJ-0044MQJG},09/13/2010 13:37:55,DIB0285,PC-1268,Disconnect
device,{M9G4-T5SL58HO-7397KKVK},09/13/2010 17:04:02,DIB0285,PC-1268,Connect
device,{O0T6-W2IF23QP-7019KDSK},09/13/2010 17:13:29,DIB0285,PC-1268,Disconnect
