http,{J4C4-S9VP23YQ-7449RFPH},12/27/2010 08:57:14,IKR0401,PC-6741,http://aol.com/jobs/WboUhagvat1963819229.jsp,years experience job resume concepts required equivalent permanent degree required interface resume degree growth salary process develop sales equivalent expert opening team analyze multitask expert part-time expert technologies degree on-time responsibilities passion on-line interface resume start platform growth passion years management growth contribute skills experience job industry concepts multiple resume years develop guidance engineer people years team benefits interface interface growth degree
http,{T7Z0-Q1YO85SU-4379GHQD},12/27/2010 09:27:42,IKR0401,PC-6741,http://aol.com/jobs/WboUhagvat1963819229.jsp,management skills growth responsibilities process responsibilities team self concepts years industry industry required platform guidance sales benefits customer equivalent skills initiative benefits years people growth job dynamic develop responsibilities engineer sales strong job multitask dynamic benefits interface analyze strong team concepts customer contribute
http,{N3M7-J2NU77MU-4937RAKY},12/27/2010 10:26:30,IKR0401,PC-6741,http://indeed.com/WboUhagvat1680703797.html,start develop interface contribute guidance resume initiative experience interface experience years on-time starter guidance benefits industry permanent required contribute opening opening skills required resume concepts passion visual report opening technologies contribute strong technologies multiple interface guidance platform platform interface skills permanent contribute experience visual concepts salary concepts report industry degree contribute analyze opening start resume team resume expert guidance experience compensation guidance start develop management multitask
http,{I8L9-N2TS39BA-8095XUIE},12/27/2010 11:49:05,IKR0401,PC-6741,http://indeed.com/WboUhagvat1680703797.html,initiative industry responsibilities skills process starter job responsibilities technologies job equivalent experience concepts opening job degree responsibilities benefits part-time required initiative resume required equivalent passion start contribute multitask customer expert opening team starter report responsibilities resume dynamic engineer growth permanent guidance dynamic growth develop technologies on-time people strong job equivalent develop
http,{O6Q3-P5EO20GU-7838XIMU},12/27/2010 13:17:57,IKR0401,PC-6741,http://harris.com/WboUhagvat1919385663.htm,strong platform experience contribute interface salary equivalent strong process opening develop industry dynamic multitask report benefits start self dynamic report multitask skills compensation part-time job benefits interface multitask responsibilities benefits equivalent industry strong experience passion on-time skills process sales required sales develop equivalent permanent compensation recruiter dynamic multitask required salary strong platform strong resume
http,{L6I5-R3FS53FK-7587ORFP},12/27/2010 13:54:37,IKR0401,PC-6741,http://linkedin.com/WboUhagvat1479839504.aspx,years years benefits industry responsibilities dynamic analyze compensation expert strong interface team skills starter resume management industry technologies relocation permanent job strong interface permanent experience customer interface guidance people people multiple guidance technologies benefits industry benefits growth multiple responsibilities platform process analyze benefits multitask opening responsibilities salary visual
http,{P1H6-F8LB16DV-9983WIXP},12/27/2010 14:39:37,IKR0401,PC-6741,http://yahoo.com/hotjobs/WboUhagvat752138490.php,start expert platform platform experience required skills dynamic analyze salary start interface concepts industry resume growth job start responsibilities dynamic hours guidance interface concepts strong on-time on-line job equivalent degree required skills multiple opening sales passion growth hours develop management customer on-time years team
http,{D3L8-O9YA86OF-5165GAZJ},12/27/2010 17:40:17,IKR0401,PC-6741,http://boeing.com/WboUhagvat1904327536.htm,multiple develop permanent dynamic interface people starter customer responsibilities people analyze team expert multiple initiative equivalent dynamic years multiple resume initiative engineer experience dynamic skills concepts multiple industry on-time opening growth multiple experience platform people platform sales experience platform dynamic multitask responsibilities responsibilities technologies experience process
http,{P2O7-J3NX04EU-3902RYPN},12/28/2010 09:27:46,IKR0401,PC-6741,http://job-hunt.org/WboUhagvat919122234.html,required required degree hours years interface analyze develop platform develop customer initiative equivalent technologies call multiple job benefits customer job multiple multitask interface part-time skills required dynamic team contribute responsibilities team self on-time concepts opening years expert relocation industry develop on-line job salary resume develop job management multitask multitask expert multitask recruiter required initiative years dynamic analyze benefits sales strong responsibilities team years report required team report on-time
http,{K7I5-N1HM86BG-7532URZM},12/28/2010 10:18:10,IKR0401,PC-6741,http://simplyhired.com/WboUhagvat57469130.jsp,part-time technologies multitask resume start hours benefits develop start skills customer initiative growth resume experience develop part-time multiple team team strong interface customer management customer start part-time industry
http,{M3E8-R8QE70MD-8327ZWAQ},12/28/2010 10:26:50,IKR0401,PC-6741,http://yahoo.com/hotjobs/WboUhagvat752138490.php,resume salary develop opening required growth contribute start people industry passion resume process contribute part-time contribute visual responsibilities equivalent team part-time strong industry permanent customer degree people multiple team equivalent contribute engineer permanent salary concepts report benefits resume dynamic
http,{P1A0-H0TR84HZ-6183AYYI},12/28/2010 16:41:34,IKR0401,PC-6741,http://linkedin.com/WboUhagvat1479839504.aspx,skills strong required required customer degree passion part-time experience sales technologies degree multitask report responsibilities contribute opening sales process hours industry customer years contribute resume benefits opening opening call team responsibilities skills develop permanent skills job job multiple growth salary permanent benefits skills salary salary experience initiative responsibilities
http,{R1M0-B1LC48XC-7965QFMP},12/28/2010 17:44:51,IKR0401,PC-6741,http://harris.com/WboUhagvat1919385663.htm,initiative dynamic customer people platform salary experience relocation initiative responsibilities develop equivalent report responsibilities team initiative degree report self job benefits growth salary equivalent permanent skills interface analyze expert equivalent resume required expert part-time self customer required team multitask platform platform compensation start people contribute required contribute years multitask
http,{B0D7-Z6QB66NS-7211LFMT},12/28/2010 18:34:31,IKR0401,PC-6741,http://monster.com/WboUhagvat1180707852.html,responsibilities industry sales customer recruiter management develop customer opening opening growth degree people skills develop years platform report job compensation visual sales starter strong engineer multiple multitask required develop resume growth benefits years opening team analyze experience opening self concepts concepts years strong benefits experience equivalent multiple required industry on-time starter initiative initiative opening opening required job responsibilities initiative resume equivalent compensation growth
http,{N1M6-S1LU73LY-2167EUGG},12/28/2010 18:47:09,IKR0401,PC-6741,http://lockheedmartin.com/WboUhagvat1636367808.htm,customer customer multiple contribute skills on-time develop equivalent report visual required job starter experience strong interface management passion part-time equivalent strong expert part-time team multiple on-line industry growth responsibilities initiative sales customer years equivalent strong management opening technologies experience platform strong responsibilities starter people contribute concepts job
http,{C8V0-I4XY66NO-4433DSNR},12/28/2010 18:47:22,IKR0401,PC-6741,http://harris.com/WboUhagvat1919385663.htm,industry platform report industry industry skills develop passion opening sales team industry resume contribute industry multiple experience dynamic initiative permanent experience management technologies on-time develop part-time job job years skills team years equivalent initiative strong management years people people team passion platform growth
email,{N8I3-K9TH07UL-5282VJVP},12/29/2010 08:14:31,IKR0401,PC-6741,Huber-Hyatt@harris.com,,,Ivor.Kenneth.Rollins@dtaa.com,26197,0,strong passion responsibilities passion process multiple report compensation hours responsibilities customer equivalent on-line multitask multitask multitask skills sales start guidance multitask skills analyze management team strong growth concepts people contribute multitask visual benefits team degree engineer start team experience
email,{K5U5-T1VR09XW-8409EHEM},12/29/2010 08:16:32,IKR0401,PC-6741,Huber-Hyatt@harris.com,,,Ivor.Kenneth.Rollins@dtaa.com,21042,0,customer salary analyze management develop growth contribute part-time platform degree hours hours passion platform initiative dynamic guidance equivalent benefits experience compensation benefits benefits industry resume management on-time multiple resume skills required permanent growth interface industry team multitask develop resume passion industry technologies
http,{F9B3-P0YZ95GV-2630WSDX},12/29/2010 09:11:13,IKR0401,PC-6741,http://simplyhired.com/WboUhagvat57469130.jsp,team management permanent multitask guidance passion years years team expert initiative equivalent initiative multiple experience equivalent on-line analyze years people compensation compensation multitask opening develop multitask sales customer self growth equivalent visual permanent experience required engineer start management sales responsibilities self industry multitask multitask opening required team on-time team management permanent interface
http,{I9B9-K4UI81EG-3489TWUL},12/29/2010 09:34:51,IKR0401,PC-6741,http://simplyhired.com/WboUhagvat57469130.jsp,passion recruiter people opening initiative responsibilities multiple on-time start multiple opening job growth benefits starter degree hours develop platform multiple degree guidance start required skills technologies expert team team sales strong permanent multiple call growth required platform dynamic experience people experience equivalent permanent opening analyze passion opening report dynamic industry strong start responsibilities industry degree permanent
http,{O8M3-E9EY19MK-3137OQKS},12/29/2010 11:48:01,IKR0401,PC-6741,http://jobhuntersbible.com/WboUhagvat1258877042.aspx,technologies on-line interface part-time strong strong guidance interface multitask platform degree passion degree platform report salary multitask concepts team job part-time expert required permanent platform opening resume hours expert
http,{T7E7-B7CR60MH-8573DPOV},12/29/2010 12:04:19,IKR0401,PC-6741,http://job-hunt.org/WboUhagvat919122234.html,on-time skills multitask analyze contribute customer equivalent team opening skills people technologies permanent skills multiple hours skills benefits resume multiple hours job develop skills interface skills opening analyze experience sales initiative sales multiple degree responsibilities multitask platform team
email,{U3N1-H5EO53NS-4659NUYW},12/29/2010 14:40:40,IKR0401,PC-6741,Huber-Hyatt@harris.com,,,Ivor.Kenneth.Rollins@dtaa.com,41883,0,responsibilities team experience technologies team sales contribute skills team interface process multiple degree resume on-line opening growth required engineer industry start strong concepts start sales sales permanent sales on-time customer engineer people platform sales analyze multiple multitask required report people multitask process strong contribute strong job required degree skills job
http,{M1G5-I6FE45GJ-9918DCVL},12/29/2010 18:28:59,IKR0401,PC-6741,http://simplyhired.com/WboUhagvat57469130.jsp,passion years required experience process report strong develop industry contribute visual guidance responsibilities years customer on-time resume required degree resume growth experience experience experience team sales degree experience skills passion analyze report analyze passion opening interface people dynamic opening on-time self interface on-time hours concepts initiative multiple visual develop opening growth strong management customer develop sales sales interface
http,{T2R1-L3CV24DI-0170TOHO},12/30/2010 08:32:05,IKR0401,PC-6741,http://lockheedmartin.com/WboUhagvat1636367808.htm,passion required platform permanent process job required job experience analyze equivalent degree strong resume visual job responsibilities degree equivalent management concepts equivalent multiple start opening expert strong customer process on-time degree customer required initiative analyze team required analyze degree concepts engineer recruiter multitask compensation years initiative required team equivalent concepts benefits starter degree experience expert job management resume
http,{Q9V0-D5NK31QS-7785CJYR},12/30/2010 08:38:54,IKR0401,PC-6741,http://simplyhired.com/WboUhagvat57469130.jsp,years self platform opening initiative resume responsibilities job initiative degree analyze equivalent contribute people concepts customer part-time compensation platform job responsibilities benefits multitask passion responsibilities customer required opening resume skills salary starter industry team platform start years multiple job skills process dynamic growth platform technologies multitask
http,{N2N4-R6UG07PH-3140CJPY},12/30/2010 11:59:22,IKR0401,PC-6741,http://careerbuilder.com/WboUhagvat660170997.htm,benefits multitask resume equivalent degree on-time part-time hours concepts experience equivalent compensation responsibilities passion interface process sales skills initiative years experience on-time multiple customer passion interface passion industry growth strong compensation industry skills growth strong start hours recruiter years years equivalent growth analyze passion opening customer salary years multiple growth team passion
http,{Q9F2-Z4AT62DZ-4221YQIQ},12/30/2010 12:19:33,IKR0401,PC-6741,http://linkedin.com/WboUhagvat1479839504.aspx,sales analyze salary resume process multiple develop report passion benefits years salary platform team years develop skills responsibilities people passion opening strong passion develop experience strong opening permanent growth report contribute team equivalent process skills sales people initiative compensation job recruiter resume required initiative team team passion equivalent industry benefits initiative management experience permanent guidance multitask
http,{B4S0-T0HR90OX-4191ISMD},12/30/2010 14:46:12,IKR0401,PC-6741,http://raytheon.com/WboUhagvat343187784.jsp,people equivalent on-time process on-time team technologies skills multiple starter guidance multitask required platform team experience on-line growth resume responsibilities guidance industry growth customer required people industry job contribute years benefits process initiative management on-line technologies required skills start permanent platform multiple growth passion on-time initiative customer expert job multitask job customer
http,{X4Y8-S8BY53XF-1031SDTZ},12/30/2010 16:53:57,IKR0401,PC-6741,http://indeed.com/WboUhagvat1680703797.html,people technologies industry visual report job customer passion people people equivalent multitask sales equivalent interface guidance technologies contribute equivalent sales sales strong degree people report start opening process compensation develop job experience develop customer concepts growth multitask industry opening years responsibilities growth resume technologies growth multiple resume strong skills expert
email,{I2V0-V9JI53RL-7813HCBO},01/03/2011 12:55:21,IKR0401,PC-6741,Huber-Hyatt@harris.com,,,Ivor.Kenneth.Rollins@dtaa.com,24018,0,report degree self contribute years technologies passion management benefits platform skills interface concepts process develop multitask part-time degree degree degree develop skills job technologies job initiative starter process concepts responsibilities years resume management years develop benefits on-line report multitask people sales compensation team
http,{C0I3-X6AH52DR-3844JOYV},01/03/2011 18:56:08,IKR0401,PC-6741,http://careerbuilder.com/WboUhagvat660170997.htm,start skills job degree opening skills salary multitask strong multitask sales years experience on-time process degree required interface people job people multitask industry industry resume expert develop years hours growth salary responsibilities resume passion platform report required multiple report experience on-time team interface industry job resume growth
http,{P1Z1-U5GG25RK-9161JBBI},01/04/2011 08:14:51,IKR0401,PC-6741,http://lockheedmartin.com/WboUhagvat1636367808.htm,visual platform management initiative responsibilities compensation self passion industry responsibilities concepts permanent years management job self required start passion skills relocation growth start equivalent sales team concepts technologies dynamic analyze concepts job experience part-time process growth call concepts platform starter platform platform strong permanent degree visual guidance management visual visual
http,{I2G7-M6GX07EI-1310RVZY},01/04/2011 13:14:32,IKR0401,PC-6741,http://lockheedmartin.com/WboUhagvat1636367808.htm,multiple industry develop passion growth on-time opening interface hours starter multitask permanent growth multitask management experience interface technologies experience resume experience expert contribute responsibilities on-line part-time compensation required salary customer team opening contribute industry years engineer equivalent report multiple industry visual passion hours experience degree
http,{D9T6-I9GV35TQ-3279YBTE},01/04/2011 16:58:44,IKR0401,PC-6741,http://aol.com/jobs/WboUhagvat1963819229.jsp,skills years job required multitask equivalent permanent management sales start growth relocation team team multiple resume passion start management years experience analyze guidance experience concepts multiple required growth job start growth team start passion benefits multiple platform multiple platform develop degree platform on-line guidance job equivalent equivalent experience hours skills hours strong start self industry on-time customer technologies engineer equivalent salary permanent experience develop engineer experience multitask dynamic opening degree customer responsibilities platform expert dynamic
http,{P7X8-Y0MZ65TR-0491QHNL},01/04/2011 18:01:55,IKR0401,PC-6741,http://job-hunt.org/WboUhagvat919122234.html,years technologies strong opening guidance compensation technologies required contribute develop sales relocation technologies contribute experience skills concepts process technologies industry engineer sales responsibilities visual concepts start permanent experience resume responsibilities management on-line analyze management customer team years interface passion benefits concepts guidance part-time
http,{G1H2-S5QT04VS-4010ZQGP},01/04/2011 18:49:25,IKR0401,PC-6741,http://boeing.com/WboUhagvat1904327536.htm,multitask years develop growth interface required interface degree skills experience start self experience degree opening experience management resume develop report experience required guidance experience team initiative initiative sales contribute develop required degree technologies years initiative industry resume multiple job concepts growth concepts team multitask customer growth dynamic equivalent analyze
http,{J4X0-E8NQ87ZD-6888PSYW},01/05/2011 08:50:57,IKR0401,PC-6741,http://northropgrumman.com/WboUhagvat572113271.aspx,contribute sales passion multiple sales passion growth years required resume platform permanent growth resume management opening sales years years visual management growth sales experience team self passion platform responsibilities part-time develop report self sales passion equivalent interface responsibilities on-line concepts call on-time customer interface experience start starter experience hours multitask degree experience
http,{K9C8-L4OZ65MK-4178KIEY},01/05/2011 10:58:42,IKR0401,PC-6741,http://aol.com/jobs/WboUhagvat1963819229.jsp,management skills experience hours interface analyze industry strong salary expert required resume develop management resume responsibilities experience initiative equivalent benefits people equivalent opening people sales multiple management
http,{J5Z3-Z3SX17IE-4882AYGJ},01/05/2011 12:34:55,IKR0401,PC-6741,http://simplyhired.com/WboUhagvat57469130.jsp,compensation interface concepts degree job growth people growth report starter contribute resume initiative benefits opening team contribute develop passion contribute experience customer analyze concepts multitask interface required concepts starter experience interface platform sales passion recruiter concepts strong multitask on-time hours responsibilities process start equivalent equivalent start part-time relocation team equivalent contribute
http,{N3M7-V1IG07YS-5197GDDN},01/05/2011 14:08:12,IKR0401,PC-6741,http://simplyhired.com/WboUhagvat57469130.jsp,responsibilities resume skills strong technologies guidance compensation skills dynamic technologies resume report sales customer develop resume salary skills permanent on-time benefits start multiple concepts concepts opening opening industry growth concepts interface skills platform management equivalent initiative skills interface customer sales hours passion degree interface management years multitask
http,{H9N1-E5KI56RM-6121CDQI},01/05/2011 14:55:49,IKR0401,PC-6741,http://harris.com/WboUhagvat1919385663.htm,strong job opening guidance management passion on-time management customer opening skills growth responsibilities customer technologies analyze process responsibilities skills initiative resume recruiter multitask team report years passion years team customer dynamic equivalent dynamic part-time salary required platform permanent process years guidance resume initiative people skills required
http,{M4S5-Z7CB98LE-8816SBIJ},01/05/2011 15:23:01,IKR0401,PC-6741,http://monster.com/WboUhagvat1180707852.html,experience start job industry skills start expert industry team concepts guidance interface analyze years management platform hours team analyze report multiple management multiple multiple industry job multitask team guidance part-time opening years analyze people initiative
http,{I4C6-J4QL22JE-5655FLAQ},01/05/2011 16:23:55,IKR0401,PC-6741,http://boeing.com/WboUhagvat1904327536.htm,equivalent job concepts growth expert guidance experience dynamic process multitask responsibilities responsibilities industry management salary report process customer required platform permanent customer dynamic multiple expert part-time on-time equivalent years team benefits years permanent guidance on-line management people opening management multitask start multiple responsibilities industry multiple concepts responsibilities team industry concepts strong growth degree people start
http,{V1X0-J8FX24HV-8031JSTH},01/05/2011 16:45:19,IKR0401,PC-6741,http://job-hunt.org/WboUhagvat919122234.html,degree recruiter multitask permanent experience degree people initiative degree degree degree multitask industry multitask self industry required skills resume start passion skills develop job industry required interface technologies permanent develop start industry develop benefits concepts benefits multitask years concepts years sales job experience dynamic growth dynamic
http,{D2N1-G5ZP49YX-4622ADPJ},01/06/2011 08:21:26,IKR0401,PC-6741,http://jobhuntersbible.com/WboUhagvat1258877042.aspx,benefits analyze strong experience guidance starter resume engineer responsibilities guidance technologies on-time passion degree equivalent required job call job job multitask benefits technologies dynamic skills industry skills sales equivalent on-time guidance analyze degree responsibilities sales management permanent multitask skills management people multitask report management skills job dynamic growth interface years skills interface customer dynamic required industry
http,{Z4B7-Z4IF66FQ-3371KCUW},01/06/2011 09:42:00,IKR0401,PC-6741,http://yahoo.com/hotjobs/WboUhagvat752138490.php,resume call experience opening guidance start team years degree process job multitask team benefits multitask multiple initiative growth job multiple experience resume customer passion degree experience industry equivalent degree sales skills passion analyze platform analyze starter experience growth equivalent
http,{Y7I6-J6BC71BG-4507WTSJ},01/06/2011 11:52:53,IKR0401,PC-6741,http://jobhuntersbible.com/WboUhagvat1258877042.aspx,job resume concepts call customer customer permanent equivalent initiative dynamic passion responsibilities required years on-time opening required analyze permanent years on-time salary customer process initiative resume start start opening team guidance process contribute recruiter interface guidance multitask industry call strong contribute part-time platform interface report opening dynamic resume develop self concepts multitask skills multiple skills job team dynamic
http,{K4K7-T2ZB36WG-9714QZSD},01/06/2011 13:24:49,IKR0401,PC-6741,http://raytheon.com/WboUhagvat343187784.jsp,contribute opening develop hours interface platform compensation sales process people platform analyze team industry hours process guidance start growth growth skills management management dynamic team multiple on-line start years resume part-time growth initiative customer sales multiple sales sales resume platform people expert growth team management equivalent experience management
http,{H1A7-H9PI29EQ-8699PKTJ},01/06/2011 13:29:20,IKR0401,PC-6741,http://lockheedmartin.com/WboUhagvat1636367808.htm,industry team starter job years skills experience initiative starter growth contribute management analyze degree required start part-time skills people customer technologies resume resume contribute opening interface degree responsibilities multitask experience team experience starter team on-time guidance start technologies salary concepts equivalent job skills sales skills multitask sales
http,{C6V1-I9HA73VW-3826KERE},01/06/2011 14:02:35,IKR0401,PC-6741,http://yahoo.com/hotjobs/WboUhagvat752138490.php,industry resume self benefits part-time expert benefits experience passion opening dynamic required contribute skills passion dynamic skills team job concepts resume passion benefits contribute years permanent interface interface degree opening passion responsibilities years skills team management contribute hours
email,{V3M6-V7JG53MP-9740ODWC},01/06/2011 16:39:42,IKR0401,PC-6741,Huber-Hyatt@harris.com,,,Ivor.Kenneth.Rollins@dtaa.com,18915,0,passion permanent report strong experience resume initiative permanent required process benefits passion management opening on-time degree passion develop degree skills benefits concepts on-time required equivalent customer develop salary platform technologies develop permanent degree concepts benefits salary resume compensation analyze concepts platform
http,{S7E8-P5RQ30EH-2748BKQW},01/06/2011 17:42:23,IKR0401,PC-6741,http://lockheedmartin.com/WboUhagvat1636367808.htm,opening people customer experience job resume sales experience concepts multitask years recruiter opening customer hours management skills degree on-time skills analyze technologies experience permanent sales equivalent degree salary required resume customer skills permanent compensation salary customer interface job develop required people years responsibilities degree resume experience experience report equivalent responsibilities team self initiative report growth technologies technologies customer responsibilities guidance responsibilities
http,{Q3S6-Z1IM23HS-0523XRNN},01/06/2011 17:50:27,IKR0401,PC-6741,http://linkedin.com/WboUhagvat1479839504.aspx,skills salary degree experience industry visual responsibilities platform expert team report required start self people management recruiter multitask part-time resume hours growth job strong customer equivalent growth sales passion dynamic multitask growth responsibilities degree dynamic on-time customer team required industry skills relocation growth develop strong self years guidance degree responsibilities concepts passion job on-time contribute
http,{A8U2-I2JJ09BW-9655DBAZ},01/07/2011 08:49:03,IKR0401,PC-6741,http://hp.com/WboUhagvat1944152218.jsp,job passion required initiative responsibilities compensation responsibilities responsibilities opening skills platform concepts skills experience on-time people visual passion degree responsibilities required required multitask develop platform growth initiative report on-time dynamic degree management benefits required team salary dynamic permanent required people initiative concepts multitask required opening experience self guidance customer management
http,{B1N4-V6OS84WR-3138MVVU},01/07/2011 12:56:02,IKR0401,PC-6741,http://indeed.com/WboUhagvat1680703797.html,strong team responsibilities resume job industry initiative contribute start multiple starter years industry contribute sales sales report strong resume responsibilities degree resume degree responsibilities job expert permanent job equivalent sales contribute multiple management people concepts visual starter strong equivalent industry multiple industry report contribute technologies degree
http,{V4I6-F4AX32AT-1842RHMN},01/07/2011 14:51:25,IKR0401,PC-6741,http://job-hunt.org/WboUhagvat919122234.html,skills degree initiative degree platform equivalent multiple multitask multitask guidance experience job develop years passion expert equivalent degree industry job equivalent equivalent technologies experience analyze dynamic degree passion strong job expert multiple required on-time starter passion people required contribute concepts multiple people equivalent expert multitask equivalent strong experience contribute passion sales team industry interface resume technologies responsibilities resume guidance opening multitask strong equivalent growth
http,{Z0Q6-Z6RK65NL-1609FDHW},01/07/2011 16:18:42,IKR0401,PC-6741,http://boeing.com/WboUhagvat1904327536.htm,industry industry job job industry opening initiative visual strong salary experience initiative responsibilities people on-line concepts starter experience multitask benefits start report equivalent contribute multitask growth responsibilities start resume growth people required responsibilities interface platform multiple resume on-line opening initiative contribute years strong team concepts initiative growth
http,{I1X4-L1AI96EJ-1135XWFP},01/07/2011 18:57:46,IKR0401,PC-6741,http://jobhuntersbible.com/WboUhagvat1258877042.aspx,responsibilities guidance salary passion multitask people analyze analyze equivalent degree growth customer start degree on-time strong develop engineer platform passion growth analyze multiple years permanent permanent develop skills multitask team experience guidance guidance experience responsibilities required equivalent report required resume growth job required interface
http,{S4A7-X4ZF65JM-2438XCKX},01/10/2011 08:45:34,IKR0401,PC-6741,http://boeing.com/WboUhagvat1904327536.htm,initiative interface team multitask start customer engineer guidance analyze team growth customer concepts degree process years degree part-time customer resume experience customer analyze skills starter platform customer salary skills responsibilities industry team self analyze people resume guidance resume contribute required multiple on-time process required passion required engineer responsibilities experience salary engineer dynamic years resume salary interface concepts platform resume experience required start platform
http,{R4D9-W9TT52WS-3540ZRNG},01/10/2011 08:58:29,IKR0401,PC-6741,http://aol.com/jobs/WboUhagvat1963819229.jsp,permanent people start job sales relocation opening report develop permanent sales job passion benefits interface dynamic interface multitask required growth skills dynamic multitask degree growth develop required passion degree compensation initiative years team industry passion resume resume multitask develop people initiative growth sales starter expert multitask relocation resume years responsibilities report part-time interface
http,{Q1I4-T7ZC01ZD-2545JWGT},01/10/2011 09:46:03,IKR0401,PC-6741,http://monster.com/WboUhagvat1180707852.html,start customer equivalent required technologies permanent concepts part-time part-time passion industry years resume resume engineer on-time industry job required job dynamic people technologies platform resume concepts multiple growth visual skills team years contribute salary experience on-time people opening hours team technologies customer develop hours develop interface job equivalent multitask start resume
http,{R1Z8-D3YY25JN-9075JSHU},01/10/2011 11:45:47,IKR0401,PC-6741,http://aol.com/jobs/WboUhagvat1963819229.jsp,multiple technologies skills required compensation concepts growth required degree platform people contribute skills experience technologies on-line job years multitask multiple responsibilities contribute resume compensation passion initiative strong required salary team team experience passion salary required develop interface responsibilities initiative years strong sales strong technologies multitask develop guidance dynamic job strong
http,{C3S1-T1GJ08ZU-1429GDXR},01/10/2011 12:45:48,IKR0401,PC-6741,http://harris.com/WboUhagvat1919385663.htm,multitask process expert permanent job equivalent resume passion degree technologies equivalent develop strong interface engineer strong job responsibilities platform strong on-line salary start skills hours people sales concepts start start platform skills platform team years recruiter experience sales guidance years self technologies sales interface job years benefits team people growth process skills experience customer team job experience
http,{W1N5-C7FS52XD-1576SPOQ},01/10/2011 15:05:41,IKR0401,PC-6741,http://raytheon.com/WboUhagvat343187784.jsp,process experience experience starter expert concepts compensation experience expert starter report industry contribute start opening equivalent experience multiple management expert years visual opening resume industry management team technologies multiple customer equivalent experience concepts permanent required experience equivalent customer benefits concepts on-time benefits responsibilities skills on-line interface interface skills multitask people opening resume permanent starter degree years guidance multitask experience responsibilities degree years industry
http,{M3A5-C6OK73YA-4405GVCR},01/10/2011 17:28:53,IKR0401,PC-6741,http://careerbuilder.com/WboUhagvat660170997.htm,customer opening team platform experience industry develop contribute team degree industry equivalent benefits required develop develop starter industry report years initiative responsibilities skills engineer develop analyze people opening multiple degree experience degree responsibilities experience platform experience required technologies develop equivalent required growth equivalent salary degree passion report call required job part-time customer customer responsibilities develop passion passion interface expert multitask customer required interface dynamic technologies job start technologies years initiative
http,{O9B9-J2UT25ZJ-8892NHME},01/10/2011 18:28:37,IKR0401,PC-6741,http://aol.com/jobs/WboUhagvat1963819229.jsp,guidance expert part-time skills call passion required visual industry guidance management concepts sales concepts dynamic people team responsibilities industry platform hours growth visual interface dynamic initiative call resume equivalent required contribute benefits contribute opening job customer responsibilities multiple resume passion analyze start team equivalent multiple recruiter report industry years degree opening benefits compensation required
http,{S1H4-S2NM01GN-1903AVBV},01/10/2011 18:55:29,IKR0401,PC-6741,http://simplyhired.com/WboUhagvat57469130.jsp,degree report on-time skills interface management platform process degree experience resume sales benefits multitask equivalent develop customer required skills benefits people team salary initiative develop equivalent engineer interface dynamic sales on-time start opening resume sales concepts technologies develop hours resume growth on-time team strong start permanent responsibilities years develop concepts interface multiple experience team opening
http,{I4X1-Z0IZ79BZ-2542UJDI},01/11/2011 08:05:17,IKR0401,PC-6741,http://indeed.com/WboUhagvat1680703797.html,benefits management interface part-time analyze expert years experience concepts years required benefits years passion equivalent resume equivalent concepts salary customer years job management multiple resume start required skills passion job sales team skills sales experience degree management required initiative contribute people analyze resume growth develop report growth interface growth multitask
http,{B2E6-O7HQ43PG-5627FOSJ},01/12/2011 09:07:25,IKR0401,PC-6741,http://jobhuntersbible.com/WboUhagvat1258877042.aspx,opening report sales required develop platform job self experience multiple experience degree opening on-line skills passion experience sales develop benefits required job on-line required industry resume sales on-time report degree skills multitask report experience multiple on-time call team dynamic years people multiple on-time years platform recruiter responsibilities benefits contribute people multiple opening multitask equivalent start start experience
email,{R9Y5-C8JR50IA-8040RHDV},01/12/2011 11:53:04,IKR0401,PC-6741,Huber-Hyatt@harris.com,,,Ivor.Kenneth.Rollins@dtaa.com,17631,0,growth management report equivalent customer strong resume industry multitask on-line develop skills job passion multitask responsibilities initiative
http,{Z4Y3-W9LQ10DI-8488XZCF},01/12/2011 12:19:42,IKR0401,PC-6741,http://yahoo.com/hotjobs/WboUhagvat752138490.php,contribute years dynamic people process visual experience expert people dynamic equivalent recruiter team report responsibilities guidance expert job contribute multiple job resume develop years permanent skills skills years multitask permanent analyze skills experience starter part-time multiple dynamic guidance analyze expert growth skills industry management initiative experience years process passion passion resume starter process analyze permanent industry required
email,{Q9S6-H6UU60SM-2812HHHL},01/12/2011 12:48:55,IKR0401,PC-6741,Huber-Hyatt@harris.com,,,Ivor.Kenneth.Rollins@dtaa.com,16640,0,opening opening permanent on-line skills responsibilities equivalent equivalent job job expert resume job team team responsibilities guidance sales guidance salary industry platform team interface strong degree
http,{Z4C7-X5ZW76UX-6756SWWZ},01/12/2011 13:50:26,IKR0401,PC-6741,http://northropgrumman.com/WboUhagvat572113271.aspx,responsibilities develop responsibilities develop required concepts report interface team skills interface team degree dynamic develop develop salary concepts hours hours multiple responsibilities initiative on-line interface responsibilities contribute strong start skills growth initiative multiple on-time required growth experience growth benefits responsibilities recruiter expert experience start contribute dynamic customer self customer responsibilities required management visual responsibilities sales opening analyze team multitask dynamic required develop interface team job years resume multitask develop skills opening hours
http,{B1E4-W1YZ26ZZ-4594EMPR},01/12/2011 15:26:38,IKR0401,PC-6741,http://indeed.com/WboUhagvat1680703797.html,on-line concepts equivalent technologies guidance resume responsibilities resume years opening strong strong multitask management salary customer customer people technologies equivalent report compensation sales required strong responsibilities opening team responsibilities call years on-time responsibilities compensation strong job job contribute report sales management people hours starter permanent resume industry
http,{E6H7-L8ZC39US-6487FQBB},01/12/2011 15:48:41,IKR0401,PC-6741,http://northropgrumman.com/WboUhagvat572113271.aspx,experience people multitask on-time interface analyze required resume relocation experience team resume contribute passion years contribute interface years self people customer visual analyze required resume multitask years skills responsibilities on-time compensation required multiple self degree start years sales self industry develop years team expert interface resume on-time experience degree process multitask job
http,{L9C3-N8AS96NH-2225SKJT},01/12/2011 17:09:44,IKR0401,PC-6741,http://simplyhired.com/WboUhagvat57469130.jsp,benefits develop management permanent degree experience multitask report permanent equivalent required job opening team responsibilities develop required starter team degree team permanent growth report job initiative experience report start responsibilities degree required part-time salary dynamic experience responsibilities recruiter benefits report technologies team management
http,{I0L2-D9ZQ20KT-3712LPSO},01/12/2011 17:30:06,IKR0401,PC-6741,http://northropgrumman.com/WboUhagvat572113271.aspx,contribute skills report sales starter job interface sales industry skills degree dynamic equivalent start platform required resume multiple initiative multiple team experience self platform contribute initiative equivalent team resume platform start multitask degree dynamic resume skills compensation compensation multiple responsibilities equivalent compensation platform concepts on-time team equivalent multiple equivalent growth multiple multitask benefits multiple degree
http,{Z6H7-C8NT07KX-6518LJGH},01/12/2011 18:16:49,IKR0401,PC-6741,http://indeed.com/WboUhagvat1680703797.html,develop customer concepts resume passion sales concepts interface job contribute management on-time passion sales equivalent experience job multiple management experience industry years concepts platform multitask initiative resume degree experience industry team
http,{F4N6-K1LU55WI-4528KEMC},01/13/2011 08:22:58,IKR0401,PC-6741,http://craigslist.org/WboUhagvat1105403916.aspx,on-time degree degree years starter dynamic concepts contribute skills platform equivalent industry on-line strong starter expert process sales years start benefits industry customer resume job permanent resume on-line interface permanent customer permanent passion growth passion growth develop contribute passion equivalent resume responsibilities years multiple contribute skills process visual
http,{V7X4-I9TE50YL-3352VRUS},01/13/2011 08:41:50,IKR0401,PC-6741,http://aol.com/jobs/WboUhagvat1963819229.jsp,report process management customer platform contribute years team equivalent management management equivalent team people skills passion start analyze guidance management part-time resume job compensation self responsibilities experience visual starter management resume on-line required initiative required team initiative industry growth technologies technologies guidance equivalent contribute industry part-time expert analyze initiative industry responsibilities team required
email,{Y3N5-H4XJ07BN-6169ONRM},01/13/2011 09:20:24,IKR0401,PC-6741,Huber-Hyatt@harris.com,,,Ivor.Kenneth.Rollins@dtaa.com,23713,0,on-time guidance degree required industry job permanent benefits industry skills years contribute growth passion guidance contribute strong report technologies contribute required process visual customer multiple multiple management equivalent multiple passion customer required analyze strong benefits call management equivalent concepts recruiter team opening experience salary permanent salary equivalent expert skills responsibilities concepts analyze benefits develop dynamic recruiter
email,{V3Y2-I1TS46XI-1814HWYS},01/13/2011 09:56:45,IKR0401,PC-6741,Huber-Hyatt@harris.com,,,Ivor.Kenneth.Rollins@dtaa.com,30102,0,concepts contribute permanent platform platform hours team opening process required relocation engineer resume resume visual develop equivalent job resume team platform experience resume job management years experience start multiple process develop people degree interface years develop analyze resume passion experience self customer management report passion resume experience
http,{X2M0-A2VB49EX-3013XWSE},01/13/2011 10:16:13,IKR0401,PC-6741,http://northropgrumman.com/WboUhagvat572113271.aspx,people on-time develop multitask technologies sales dynamic interface interface required compensation initiative process expert strong benefits resume self contribute industry visual responsibilities contribute growth industry passion technologies experience on-line degree job skills dynamic resume hours sales dynamic permanent part-time
http,{F6X6-G1YW98YH-2639OSVK},01/13/2011 11:04:19,IKR0401,PC-6741,http://linkedin.com/WboUhagvat1479839504.aspx,interface concepts develop part-time team opening concepts opening recruiter responsibilities experience team management team team develop team years responsibilities dynamic initiative guidance degree customer people years interface initiative passion sales job sales
email,{J7H0-I8FZ25EK-6428GDTO},01/13/2011 13:26:46,IKR0401,PC-6741,Huber-Hyatt@harris.com,,,Ivor.Kenneth.Rollins@dtaa.com,19918,0,technologies degree multitask platform on-time benefits benefits growth compensation initiative management skills salary customer strong team management required guidance experience experience experience salary customer compensation multiple technologies hours required customer multiple team compensation engineer recruiter start resume job customer growth skills years contribute interface dynamic experience experience equivalent on-line passion dynamic team dynamic management concepts concepts
http,{J5E1-W3CO48CU-6507JIOT},01/13/2011 15:06:25,IKR0401,PC-6741,http://monster.com/WboUhagvat1180707852.html,management opening opening responsibilities required start analyze job report permanent required required required experience visual analyze starter part-time skills platform dynamic growth management analyze industry years skills part-time expert degree required initiative resume experience benefits multiple opening concepts benefits process years compensation start report equivalent years part-time passion
http,{M0C3-V8QM43WP-4398OGOA},01/14/2011 08:59:27,IKR0401,PC-6741,http://raytheon.com/WboUhagvat343187784.jsp,on-time experience team permanent dynamic sales technologies call report opening benefits platform benefits initiative self on-time degree salary develop contribute people required part-time years permanent required permanent contribute multitask team equivalent opening customer skills responsibilities experience recruiter required passion opening industry skills people expert degree
http,{Z3J7-Y8LI05XE-2026RTPF},01/14/2011 13:54:11,IKR0401,PC-6741,http://job-hunt.org/WboUhagvat919122234.html,permanent responsibilities multiple multiple opening expert multitask on-line job customer starter technologies dynamic sales job compensation sales people years multitask self opening starter years relocation develop customer concepts engineer on-time develop on-line equivalent years benefits technologies equivalent platform experience customer develop call salary years multiple initiative degree passion multitask multitask experience visual
http,{W8C7-H4MB77UR-2461YJKG},01/14/2011 17:08:24,IKR0401,PC-6741,http://careerbuilder.com/WboUhagvat660170997.htm,starter start initiative guidance responsibilities multiple relocation years years opening job guidance initiative dynamic salary degree passion contribute opening growth platform responsibilities dynamic industry team platform experience hours experience expert dynamic salary team responsibilities develop responsibilities responsibilities required platform resume skills experience skills initiative start skills on-line required concepts benefits
http,{U7P0-U6HR95CX-9903KAZM},01/17/2011 08:28:38,IKR0401,PC-6741,http://hp.com/WboUhagvat1944152218.jsp,passion experience self develop experience contribute analyze team concepts strong salary resume job job develop responsibilities strong multiple customer resume part-time experience develop expert years engineer responsibilities guidance skills growth passion multitask responsibilities guidance management years expert equivalent interface experience customer start experience industry benefits industry required permanent required on-time permanent skills
http,{O1N3-B4FY47VU-6714VHOT},01/17/2011 08:44:03,IKR0401,PC-6741,http://northropgrumman.com/WboUhagvat572113271.aspx,responsibilities start dynamic interface interface required required experience skills interface compensation platform guidance passion responsibilities responsibilities start experience customer industry platform years
http,{I8S6-B4IW40SE-4621HJLP},01/17/2011 10:09:30,IKR0401,PC-6741,http://aol.com/jobs/WboUhagvat1963819229.jsp,degree required growth required platform multitask analyze required platform job multitask hours visual job initiative develop industry strong sales resume equivalent opening team technologies equivalent permanent analyze industry resume call on-time initiative strong skills interface initiative years resume report customer salary
http,{Q6T3-N8RO13XS-0823OLFL},01/17/2011 17:54:46,IKR0401,PC-6741,http://yahoo.com/hotjobs/WboUhagvat752138490.php,skills contribute guidance guidance responsibilities experience sales degree required visual initiative skills dynamic develop experience start years dynamic analyze passion people management passion start passion required contribute technologies required degree job start opening industry start responsibilities opening years required management visual multitask technologies report benefits skills equivalent
http,{S4V7-U8TQ28VD-8375ZXEK},01/17/2011 17:56:30,IKR0401,PC-6741,http://yahoo.com/hotjobs/WboUhagvat752138490.php,skills dynamic report on-time customer experience benefits contribute contribute dynamic contribute job analyze contribute experience resume technologies growth growth management multitask required report concepts experience starter growth dynamic job customer expert team develop platform multitask sales develop opening passion responsibilities dynamic experience customer multitask part-time team experience customer contribute industry contribute benefits responsibilities experience initiative concepts on-time management years strong salary
http,{S5D7-S2OX33GL-4640QDAA},01/18/2011 08:45:15,IKR0401,PC-6741,http://harris.com/WboUhagvat1919385663.htm,benefits degree platform concepts skills multitask sales report degree permanent skills contribute starter years report expert degree skills develop strong permanent relocation team equivalent years analyze multitask process opening concepts years years compensation develop technologies report resume visual years develop responsibilities multitask multiple management management platform responsibilities on-time compensation
http,{V0A8-C8RT34MT-4443UHSW},01/18/2011 09:51:28,IKR0401,PC-6741,http://harris.com/WboUhagvat1919385663.htm,multiple opening contribute passion dynamic resume multitask develop resume sales team multiple sales dynamic technologies management permanent experience start benefits sales multitask customer experience team salary salary responsibilities develop process benefits on-time concepts part-time resume initiative team degree initiative industry compensation dynamic concepts starter multiple job customer starter management customer years people self degree team permanent
http,{R7M7-G5KD83SR-5481WECO},01/18/2011 10:39:32,IKR0401,PC-6741,http://hp.com/WboUhagvat1944152218.jsp,multiple required opening analyze management initiative report experience customer job dynamic dynamic initiative degree people sales start contribute permanent management analyze years strong platform skills initiative growth resume resume engineer multiple team interface degree required skills engineer permanent compensation years customer benefits develop job compensation required years industry industry industry process benefits technologies benefits develop guidance report expert experience permanent permanent platform responsibilities start required industry permanent strong multitask people technologies equivalent part-time
http,{J7G4-M1CC09LL-4060ZFGV},01/18/2011 11:09:36,IKR0401,PC-6741,http://linkedin.com/WboUhagvat1479839504.aspx,hours dynamic self develop resume opening guidance responsibilities job job on-time benefits job multiple multitask job resume responsibilities job visual report management multiple experience starter guidance permanent responsibilities salary degree starter interface years team experience resume resume interface customer contribute people hours skills multitask years industry benefits multitask resume interface responsibilities analyze
http,{F4C2-M8RM29NG-9219ZCSD},01/18/2011 13:24:02,IKR0401,PC-6741,http://careerbuilder.com/WboUhagvat660170997.htm,industry sales skills multiple customer degree concepts guidance growth platform on-time hours management people resume guidance required multitask permanent job part-time initiative management opening people contribute responsibilities start multiple resume process concepts contribute start years permanent growth management years management technologies people experience multiple on-time starter passion interface customer growth contribute growth team benefits
http,{G3G4-Q9ID58QR-3787RLXA},01/18/2011 13:41:02,IKR0401,PC-6741,http://careerbuilder.com/WboUhagvat660170997.htm,contribute required skills analyze relocation resume concepts experience skills contribute required concepts strong on-line opening permanent years multitask interface strong equivalent degree job salary resume part-time degree contribute strong benefits skills resume contribute people growth customer degree job team initiative analyze contribute degree dynamic degree multitask start job industry growth start dynamic opening starter
http,{Z2R2-R7YZ96JN-2003UKMO},01/18/2011 15:11:23,IKR0401,PC-6741,http://indeed.com/WboUhagvat1680703797.html,hours expert multiple industry platform permanent hours management multitask degree growth platform platform process strong resume salary analyze initiative equivalent multitask multiple years expert required required customer responsibilities opening analyze report benefits required analyze engineer required opening degree part-time industry growth team hours resume multiple industry industry skills required technologies contribute experience industry experience
http,{O4N8-Y1JR65FS-6855MNOS},01/18/2011 16:24:01,IKR0401,PC-6741,http://monster.com/WboUhagvat1180707852.html,opening team passion initiative degree multitask years contribute multitask contribute on-time develop platform engineer experience management permanent compensation customer multiple team starter years process guidance multiple on-time technologies analyze years skills multitask growth multitask multitask equivalent on-time develop contribute experience team dynamic guidance growth experience strong interface contribute initiative experience start job job team permanent
email,{F6N3-U5HA62OD-1493JBRE},01/18/2011 17:03:12,IKR0401,PC-6741,Huber-Hyatt@harris.com,,,Ivor.Kenneth.Rollins@dtaa.com,25534,0,years job multiple required interface expert years initiative responsibilities self analyze job job equivalent contribute multiple develop strong dynamic on-time customer part-time technologies concepts strong team experience resume salary multiple sales interface degree technologies contribute guidance experience people interface skills equivalent required resume expert multitask passion job required equivalent interface hours platform contribute develop initiative contribute opening years multitask concepts team expert people report customer
email,{G4I7-E0GL94UN-9246WOKY},01/18/2011 17:24:02,IKR0401,PC-6741,Huber-Hyatt@harris.com,,,Ivor.Kenneth.Rollins@dtaa.com,26079,0,skills job years interface starter passion job call on-time interface customer contribute industry concepts customer dynamic years equivalent develop experience required passion platform people platform experience self analyze start dynamic growth job degree job degree multitask analyze equivalent starter skills customer required initiative report years people opening equivalent engineer multitask industry multitask contribute
http,{W8H6-E6FT20IL-2782XJHF},01/18/2011 17:30:39,IKR0401,PC-6741,http://jobhuntersbible.com/WboUhagvat1258877042.aspx,contribute skills customer multitask technologies degree contribute team experience customer engineer industry experience team team interface multitask industry customer multitask responsibilities people benefits experience on-time degree contribute sales experience job job expert job part-time management multitask customer job management strong interface multitask dynamic passion customer report analyze
http,{K0H0-K0BG54ZC-9343ZRPM},01/18/2011 18:23:22,IKR0401,PC-6741,http://careerbuilder.com/WboUhagvat660170997.htm,platform growth team recruiter on-time analyze dynamic experience required dynamic contribute team skills contribute job visual industry skills dynamic required management team growth equivalent develop job dynamic management concepts start contribute customer responsibilities experience strong analyze permanent skills growth degree job dynamic interface customer team on-time experience experience passion required analyze on-line resume multiple responsibilities people skills opening job initiative dynamic opening process report initiative technologies required strong
http,{T9B4-R5ZG34IH-8306YAFR},01/19/2011 09:48:24,IKR0401,PC-6741,http://hp.com/WboUhagvat1944152218.jsp,self develop sales customer starter degree industry analyze people interface analyze opening degree experience team equivalent contribute experience strong multitask resume responsibilities passion guidance on-time resume technologies industry multiple job start team industry concepts multitask opening equivalent expert on-line report contribute industry skills on-time strong start industry part-time sales multiple on-line customer report multiple skills concepts permanent start analyze experience required start
http,{Z6A6-V6AS51PI-4846FPKN},01/19/2011 13:39:34,IKR0401,PC-6741,http://jobhuntersbible.com/WboUhagvat1258877042.aspx,engineer expert report report visual responsibilities analyze multitask concepts multiple interface platform develop years management multiple benefits required interface part-time benefits job resume salary start expert job resume years permanent guidance experience hours years on-time equivalent experience resume salary sales multitask resume multiple report starter experience permanent strong growth degree
http,{W4C7-G2ER63FJ-2484ADWL},01/19/2011 14:50:55,IKR0401,PC-6741,http://monster.com/WboUhagvat1180707852.html,people team responsibilities experience people management expert skills years equivalent industry develop skills customer initiative benefits years technologies team initiative opening develop compensation contribute dynamic start platform growth passion skills starter experience permanent starter job start resume multiple required passion engineer multitask people interface team required
http,{X7A7-T4NA05QM-2774TYAN},01/19/2011 14:55:11,IKR0401,PC-6741,http://aol.com/jobs/WboUhagvat1963819229.jsp,growth experience compensation responsibilities opening part-time guidance develop growth develop concepts skills platform industry initiative multitask on-line develop resume management start equivalent develop technologies skills job multitask benefits skills
http,{R0C3-A3AB10AA-6800IEMB},01/19/2011 17:17:30,IKR0401,PC-6741,http://craigslist.org/WboUhagvat1105403916.aspx,management resume contribute contribute years responsibilities required experience opening opening develop resume resume people resume self start self required sales technologies guidance industry hours multitask resume develop management growth experience job skills contribute job strong resume job benefits hours starter contribute responsibilities technologies team salary contribute develop start multitask on-time start dynamic multiple management skills start sales
http,{F1E6-P9EV81YX-8686IOIL},01/19/2011 18:21:11,IKR0401,PC-6741,http://lockheedmartin.com/WboUhagvat1636367808.htm,people equivalent management years required degree management degree opening hours initiative management multiple equivalent years engineer responsibilities people degree benefits salary responsibilities years customer expert hours people equivalent multiple strong multiple required technologies people job technologies multiple initiative starter degree multitask skills analyze hours degree multitask technologies technologies report strong required contribute part-time
http,{W8C7-W2EA52AU-1718XMLR},01/20/2011 11:47:55,IKR0401,PC-6741,http://monster.com/WboUhagvat1180707852.html,years technologies skills management equivalent job skills permanent contribute skills initiative equivalent sales equivalent opening benefits customer permanent job passion report people multiple required concepts management customer team develop strong report
http,{R8S0-T1II26FH-3008GUQH},01/21/2011 08:43:36,IKR0401,PC-6741,http://yahoo.com/hotjobs/WboUhagvat752138490.php,years guidance develop part-time required years equivalent concepts contribute degree develop growth people process salary guidance growth salary customer experience analyze guidance engineer multitask skills platform required contribute multitask develop resume self part-time interface on-time industry passion equivalent responsibilities analyze responsibilities start job management self
http,{X0M3-V6WO46BL-0245IRAA},01/21/2011 11:14:15,IKR0401,PC-6741,http://job-hunt.org/WboUhagvat919122234.html,initiative concepts on-line expert expert experience management passion part-time platform report contribute required salary on-line dynamic required team management expert call growth interface years develop contribute strong compensation dynamic concepts responsibilities industry multiple team industry management call experience contribute strong expert skills job customer starter dynamic resume years on-time develop team
http,{P7Y1-U3RZ22AQ-2868VWRF},01/21/2011 11:43:13,IKR0401,PC-6741,http://craigslist.org/WboUhagvat1105403916.aspx,job process dynamic permanent skills sales concepts self responsibilities concepts job multiple process industry skills permanent equivalent platform platform team contribute passion contribute benefits industry people technologies concepts responsibilities permanent management required job platform degree passion analyze develop
http,{X3Y2-L9YD49RQ-2854PSML},01/21/2011 14:49:01,IKR0401,PC-6741,http://raytheon.com/WboUhagvat343187784.jsp,opening starter contribute engineer multiple required report industry resume years job responsibilities benefits on-line degree passion process technologies customer develop strong platform salary years technologies skills resume contribute experience multiple responsibilities passion job skills resume multiple required strong compensation team industry self platform sales responsibilities
http,{D2S0-G7SK90HF-1314FUEE},01/21/2011 14:58:51,IKR0401,PC-6741,http://linkedin.com/WboUhagvat1479839504.aspx,passion multitask management expert contribute on-time self opening compensation guidance expert report interface compensation required part-time growth multitask on-time multiple analyze compensation years permanent growth initiative process responsibilities
http,{O1E7-H8JU25NL-8699GPHF},01/21/2011 17:39:09,IKR0401,PC-6741,http://jobhuntersbible.com/WboUhagvat1258877042.aspx,management analyze self technologies opening visual start required experience equivalent opening resume responsibilities customer responsibilities customer hours guidance dynamic skills interface dynamic start concepts self on-line job people technologies dynamic management management management people concepts skills industry resume dynamic growth job resume multiple experience customer salary develop resume relocation guidance interface strong technologies
http,{H4E8-W4OZ24NW-8997OYXC},01/21/2011 18:21:02,IKR0401,PC-6741,http://northropgrumman.com/WboUhagvat572113271.aspx,engineer skills team people on-line sales required report on-line contribute opening contribute on-time degree concepts customer interface responsibilities relocation develop passion multiple dynamic resume visual growth people years management customer multiple process responsibilities team start team management management expert platform report report compensation sales guidance customer passion experience engineer analyze platform platform dynamic process growth multitask strong sales job expert required contribute
http,{K3P4-H2WA54UD-2538FBIL},01/21/2011 18:55:44,IKR0401,PC-6741,http://aol.com/jobs/WboUhagvat1963819229.jsp,team sales platform guidance report required required benefits opening required multitask permanent degree interface contribute industry industry on-line compensation years expert team job job skills dynamic contribute resume contribute report guidance dynamic analyze skills part-time multiple customer skills on-time contribute analyze team skills years team resume multiple dynamic multiple degree part-time self sales skills contribute management process strong engineer required degree years part-time initiative
device,{Z6J7-Z0MZ15ET-0095KUKJ},01/25/2011 12:10:47,IKR0401,PC-6741,Connect
device,{K5M2-P4ZT76RA-1142POKF},01/25/2011 12:11:09,IKR0401,PC-6741,Disconnect
device,{Z2F4-V9BM28TK-0563BUPP},01/25/2011 12:11:34,IKR0401,PC-6741,Connect
device,{G6B6-D0SG52HK-9002NPIB},01/25/2011 12:12:09,IKR0401,PC-6741,Disconnect
device,{S1G8-J9WZ41ME-4562XESY},01/25/2011 12:15:52,IKR0401,PC-6741,Connect
device,{L1T4-B9VR01DR-7818JZKI},01/25/2011 12:24:59,IKR0401,PC-6741,Disconnect
device,{M7K1-U3WL94KD-0865YGTS},01/25/2011 12:31:44,IKR0401,PC-6741,Connect
device,{F4T8-P7CV17GU-1379ZZMI},01/25/2011 12:32:14,IKR0401,PC-6741,Disconnect
device,{N4B4-E4CQ76NM-5700JSJB},01/25/2011 14:42:36,IKR0401,PC-6741,Connect
device,{X7V7-D2ID65SZ-6448ODAJ},01/25/2011 14:49:32,IKR0401,PC-6741,Disconnect
device,{W3Q5-B6AF84CC-5697UJEO},01/25/2011 14:49:34,IKR0401,PC-6741,Connect
device,{E1F4-U1WZ71UI-8061OHFD},01/25/2011 14:54:57,IKR0401,PC-6741,Disconnect
device,{L7E0-N7QJ28SG-7861VYRI},01/25/2011 14:56:09,IKR0401,PC-6741,Connect
device,{G0V7-D1XO50HX-2489QLAV},01/25/2011 15:00:16,IKR0401,PC-6741,Disconnect
device,{A6R4-A6OA27ST-9982MTSO},01/28/2011 09:07:20,IKR0401,PC-6741,Connect
device,{B9L9-R8EG06EP-7880CWCD},01/28/2011 09:15:17,IKR0401,PC-6741,Disconnect
device,{E6K2-W3YX07WN-7234TCBY},01/28/2011 09:44:07,IKR0401,PC-6741,Connect
device,{A2I9-V5FI00MU-1632PJVK},01/28/2011 10:05:32,IKR0401,PC-6741,Disconnect
device,{F3W4-Q8CD00RD-9149FNMO},01/28/2011 11:31:12,IKR0401,PC-6741,Connect
device,{H7N8-J2NF57XL-2558MFHV},01/28/2011 12:07:24,IKR0401,PC-6741,Disconnect
device,{U8N3-Q9HA71CW-3373TNVB},01/28/2011 12:47:37,IKR0401,PC-6741,Connect
device,{Z6X8-Y5ZS43ST-5703DWFX},01/28/2011 13:25:41,IKR0401,PC-6741,Disconnect
device,{C9P6-X0JT57BM-8527ZLYW},01/28/2011 13:44:51,IKR0401,PC-6741,Connect
device,{A8E0-R3NO20BO-5964JRMR},01/28/2011 14:21:32,IKR0401,PC-6741,Disconnect
device,{O9I4-X8YZ61WY-8984LRTX},01/31/2011 08:42:57,IKR0401,PC-6741,Connect
device,{U3F3-B9ZZ77WM-3352ZRQV},01/31/2011 09:05:22,IKR0401,PC-6741,Disconnect
device,{X1U7-R2AI78QS-9824GYSU},01/31/2011 10:27:33,IKR0401,PC-6741,Connect
device,{X5L7-R6WK57AI-6894HXRA},01/31/2011 11:09:47,IKR0401,PC-6741,Disconnect
device,{D7S8-X0HR54WH-9935TWLT},01/31/2011 13:02:31,IKR0401,PC-6741,Connect
device,{C0I7-T4HT32BN-3150RYTY},01/31/2011 13:21:10,IKR0401,PC-6741,Disconnect
device,{C7S4-R1LU09HR-9483BYGR},01/31/2011 14:25:11,IKR0401,PC-6741,Connect
device,{O8A0-S1XI72JG-5609NJDK},01/31/2011 14:52:51,IKR0401,PC-6741,Disconnect
device,{L7Z7-W8JG70QI-8705SERP},01/31/2011 16:10:12,IKR0401,PC-6741,Connect
device,{A6M6-P4VO62ZM-9958RDTN},01/31/2011 16:41:08,IKR0401,PC-6741,Disconnect
device,{J4I4-L9WT99HM-7947RRFO},01/31/2011 18:16:56,IKR0401,PC-6741,Connect
device,{D8T8-G5YP14AC-4630JSKM},01/31/2011 18:40:16,IKR0401,PC-6741,Disconnect
device,{G3D0-W5TE09MW-5925GXOX},02/02/2011 08:26:06,IKR0401,PC-6741,Connect
device,{F3E9-R5TD24UD-2977HNDY},02/02/2011 08:57:14,IKR0401,PC-6741,Disconnect
device,{M1F6-L8TG01AX-1279KCKK},02/02/2011 09:19:51,IKR0401,PC-6741,Connect
device,{R9S5-O5KL65JN-7682FNYJ},02/02/2011 09:42:40,IKR0401,PC-6741,Disconnect
device,{G8X7-A1XL80OF-6010XGMS},02/02/2011 10:28:51,IKR0401,PC-6741,Connect
device,{I9P5-H8ZA71YC-0773MBJK},02/02/2011 10:45:51,IKR0401,PC-6741,Disconnect
device,{O3S8-F7JV99UJ-9548FEUD},02/02/2011 12:36:52,IKR0401,PC-6741,Connect
device,{R5N0-G5SV24SM-3401RHAG},02/02/2011 12:42:52,IKR0401,PC-6741,Disconnect
device,{S4Y6-D5VB80HZ-9208BKUT},02/02/2011 16:09:28,IKR0401,PC-6741,Connect
device,{E8D3-N0WV05EV-6285HJTW},02/02/2011 16:36:04,IKR0401,PC-6741,Disconnect
device,{R0P3-S4ZE97ZG-5762DWAI},02/02/2011 18:27:17,IKR0401,PC-6741,Connect
device,{G0G7-D0PS81RV-0857OIJT},02/02/2011 18:58:33,IKR0401,PC-6741,Disconnect
device,{V5O8-U2XW52KJ-6855UUUB},02/03/2011 08:22:53,IKR0401,PC-6741,Connect
device,{V0H0-U2IT24LG-5765CPNG},02/03/2011 08:33:01,IKR0401,PC-6741,Disconnect
device,{Q5O0-U6LO36MB-5557WWEF},02/03/2011 08:48:35,IKR0401,PC-6741,Connect
device,{F8W0-Q3BM31ZP-3343RTVK},02/03/2011 09:05:22,IKR0401,PC-6741,Disconnect
device,{B6H8-A9UI88VH-8292OWZV},02/03/2011 09:49:46,IKR0401,PC-6741,Connect
device,{A2O3-R0YI18VF-5570YXRH},02/03/2011 10:03:21,IKR0401,PC-6741,Disconnect
device,{A9S3-L1VJ80AC-1663KCNM},02/03/2011 12:41:43,IKR0401,PC-6741,Connect
device,{K9I1-T2JC89QW-8389AXSK},02/03/2011 12:50:52,IKR0401,PC-6741,Disconnect
device,{B8T5-C6LQ73PZ-6914XJEX},02/03/2011 16:11:23,IKR0401,PC-6741,Connect
device,{U6P6-Y8KB43KM-2388CZEU},02/03/2011 16:16:31,IKR0401,PC-6741,Disconnect
device,{B0H2-Z8VJ14VQ-2530GFUN},02/03/2011 16:54:21,IKR0401,PC-6741,Connect
device,{S3G3-X1XP30HO-7619KMGN},02/03/2011 18:38:15,IKR0401,PC-6741,Disconnect
email,{P7M7-W7LA33GK-5938LKNC},02/04/2011 11:24:36,IKR0401,PC-6741,Jocelyn.Bree.Mccray@dtaa.com,,,Ivor.Kenneth.Rollins@dtaa.com,25307,2,2 resign of of interview letter resign position position resign week resignation letter week my exit week exit week opportunity my resign my 2 2 opportunity key position of of position resign my key position letter position letter of interview week opportunity exit exit week position my resignation
device,{J8H9-P2DK67UX-6460VNFA},02/07/2011 08:50:29,IKR0401,PC-6741,Connect
device,{P6V1-N9QV82TR-8207UUPN},02/07/2011 08:54:03,IKR0401,PC-6741,Disconnect
device,{G6L2-Q0MT27WM-7422ZHIE},02/07/2011 10:17:36,IKR0401,PC-6741,Connect
device,{P3I4-T2NT52LW-4653XBRT},02/07/2011 10:17:39,IKR0401,PC-6741,Disconnect
device,{R8D8-P0XO59CU-2249TGXE},02/07/2011 11:12:33,IKR0401,PC-6741,Connect
device,{K4H4-Q0NI70MA-8891DMFM},02/07/2011 11:22:27,IKR0401,PC-6741,Disconnect
device,{T6V0-U8MB31VL-4339QVFO},02/07/2011 12:37:22,IKR0401,PC-6741,Connect
device,{M7D9-R6HJ24QK-3931AGAE},02/07/2011 12:38:47,IKR0401,PC-6741,Disconnect
device,{J9O0-U4DF79EG-6417CNVK},02/07/2011 15:34:15,IKR0401,PC-6741,Connect
device,{E8N2-E7OY94XB-0318OJBR},02/07/2011 16:47:14,IKR0401,PC-6741,Disconnect
device,{L9G0-J8EA51AF-6271FXFC},02/07/2011 18:22:08,IKR0401,PC-6741,Connect
device,{B9I1-Z4AV04TU-9240RWUQ},02/07/2011 18:28:30,IKR0401,PC-6741,Disconnect
device,{V1L7-O9UA76NK-1000CZOZ},02/09/2011 09:54:44,IKR0401,PC-6741,Connect
device,{G5Q3-W0CE29OI-0115ERMC},02/09/2011 11:03:19,IKR0401,PC-6741,Disconnect
device,{P6C7-S3YM13LW-9359BYPC},02/09/2011 11:14:23,IKR0401,PC-6741,Connect
device,{L4C4-A0UO07SU-6929SNIE},02/09/2011 11:38:46,IKR0401,PC-6741,Disconnect
device,{E9Q6-G2WW39NC-0730NZAW},02/09/2011 12:28:29,IKR0401,PC-6741,Connect
device,{O2H8-M4IU77XT-9033BEWK},02/09/2011 12:36:57,IKR0401,PC-6741,Disconnect
device,{H7H8-I4ZA47YV-3279HPQK},02/09/2011 16:37:13,IKR0401,PC-6741,Connect
device,{O9M1-R4XD40DW-4395JGIP},02/09/2011 16:48:52,IKR0401,PC-6741,Disconnect
device,{W0Y0-U8SH51MJ-7922BEVP},02/09/2011 17:13:41,IKR0401,PC-6741,Connect
device,{E8T5-F6IQ72TM-6669OTIC},02/09/2011 17:31:28,IKR0401,PC-6741,Disconnect
device,{Z6B5-P6UE19BS-3664PWJZ},02/17/2011 09:56:25,IKR0401,PC-6741,Connect
device,{J1N1-O8CG79RF-4382KEUT},02/17/2011 10:37:14,IKR0401,PC-6741,Disconnect
device,{T2K9-O2TD23BK-8953PVIE},02/17/2011 12:05:53,IKR0401,PC-6741,Connect
device,{T4D5-V4IR05DS-8086GPPL},02/17/2011 12:39:27,IKR0401,PC-6741,Disconnect
device,{E9B1-D9AG07EC-0520KDVT},02/17/2011 12:51:21,IKR0401,PC-6741,Connect
device,{W1W4-N3ZJ98XL-1699ZBXS},02/17/2011 13:07:23,IKR0401,PC-6741,Disconnect
device,{U0I8-G9PW54AN-1886QQPV},02/17/2011 16:52:52,IKR0401,PC-6741,Connect
device,{M8H8-M1BZ61GN-3263BCTX},02/17/2011 17:43:58,IKR0401,PC-6741,Disconnect
device,{R5B2-T4OG35JW-6310KVZX},02/17/2011 18:18:48,IKR0401,PC-6741,Connect
device,{F7Y4-U0LB87LA-3718HNTV},02/17/2011 18:21:57,IKR0401,PC-6741,Disconnect
