http,{A9N3-B3ND30DD-2383YNAM},06/14/2010 09:25:31,PNL0301,PC-5611,http://jobhuntersbible.com/WboUhagvat1258877042.aspx,skills industry develop multiple contribute required develop platform analyze benefits call interface analyze analyze customer concepts interface skills job team dynamic team recruiter customer starter experience experience benefits management opening multiple start technologies guidance multitask multitask guidance growth contribute opening opening guidance skills degree degree contribute growth years years permanent multiple opening required required experience resume develop sales opening visual passion sales opening start concepts analyze
http,{B9O5-A7WB92RF-8237RNYG},06/14/2010 10:03:07,PNL0301,PC-5611,http://aol.com/jobs/WboUhagvat1963819229.jsp,self benefits compensation report experience customer experience management passion growth team responsibilities starter passion benefits technologies passion develop responsibilities customer job opening required strong guidance team initiative technologies skills industry develop hours team degree customer compensation equivalent initiative engineer starter engineer guidance
http,{U5V3-I8RX97EX-6506XKWS},06/14/2010 13:02:54,PNL0301,PC-5611,http://monster.com/WboUhagvat1180707852.html,process resume guidance people job degree skills concepts report passion process growth technologies degree responsibilities multitask management analyze technologies dynamic years benefits permanent customer opening process resume interface sales multitask expert equivalent self experience platform multitask expert report growth platform
http,{D5M3-T8MD59MM-2853QFJH},06/14/2010 14:29:04,PNL0301,PC-5611,http://raytheon.com/WboUhagvat343187784.jsp,interface initiative compensation dynamic strong degree engineer customer equivalent resume resume strong develop develop years concepts years technologies report report technologies start years customer initiative growth management team initiative responsibilities resume customer multiple guidance responsibilities sales benefits responsibilities guidance responsibilities growth management management salary team resume
http,{L6K6-S9QL60SL-7571FRPG},06/14/2010 15:44:05,PNL0301,PC-5611,http://jobhuntersbible.com/WboUhagvat1258877042.aspx,develop passion multitask resume compensation skills sales equivalent customer guidance sales job skills develop start opening growth growth develop sales industry visual experience guidance skills part-time hours hours years years experience customer skills team contribute required technologies experience initiative resume start degree degree multiple self process customer
http,{O5R9-A9MY89UU-4211CPPB},06/15/2010 09:19:13,PNL0301,PC-5611,http://hp.com/WboUhagvat1944152218.jsp,on-line benefits analyze growth responsibilities starter degree responsibilities self management develop contribute degree contribute strong resume concepts job years on-time growth required passion passion platform experience people report sales interface permanent concepts on-line guidance skills platform technologies skills customer responsibilities passion required required passion
http,{K5R3-R2WY04JZ-8270AILQ},06/15/2010 12:09:34,PNL0301,PC-5611,http://northropgrumman.com/WboUhagvat572113271.aspx,growth experience responsibilities dynamic people report strong team initiative engineer customer expert call initiative required growth skills management people guidance degree opening sales compensation permanent contribute skills report years multiple experience develop sales multiple develop experience permanent team engineer growth on-time passion resume multiple starter resume sales team report hours required starter multitask multiple opening degree required multitask degree
http,{E2Y6-A9ZZ80ZD-3752CFGB},06/15/2010 12:50:59,PNL0301,PC-5611,http://craigslist.org/WboUhagvat1105403916.aspx,analyze management strong initiative opening process growth concepts guidance passion report skills benefits team on-time platform job strong platform years analyze responsibilities required team skills experience benefits experience team initiative start on-line visual
http,{X6K2-Z0RJ08YW-2160TPGU},06/15/2010 13:00:10,PNL0301,PC-5611,http://monster.com/WboUhagvat1180707852.html,resume job contribute skills compensation start strong industry permanent people part-time resume start job opening on-line interface skills degree develop years opening management multitask job job multitask degree starter experience resume customer responsibilities degree responsibilities equivalent recruiter equivalent on-time years technologies technologies
http,{F6K2-W0PA33HN-7994JLCQ},06/15/2010 13:51:16,PNL0301,PC-5611,http://simplyhired.com/WboUhagvat57469130.jsp,years benefits passion equivalent years permanent develop expert salary passion job start skills equivalent process people start initiative multitask required years benefits skills sales growth contribute skills self job management interface industry equivalent develop platform responsibilities responsibilities team contribute develop degree multitask multitask guidance develop experience management expert management initiative skills skills process engineer growth
http,{H7Y7-N9QX22XY-2484PVEZ},06/15/2010 13:55:24,PNL0301,PC-5611,http://lockheedmartin.com/WboUhagvat1636367808.htm,passion strong experience multitask degree years skills industry hours skills management years platform resume degree interface concepts contribute required resume job team equivalent people part-time develop technologies starter management job start experience recruiter sales recruiter expert experience sales job required start on-time expert report management responsibilities required platform experience
http,{C0W6-X8JK71HR-3828DKON},06/15/2010 14:02:00,PNL0301,PC-5611,http://lockheedmartin.com/WboUhagvat1636367808.htm,skills required responsibilities report concepts responsibilities engineer equivalent contribute growth resume people benefits skills resume platform resume start guidance strong report required industry develop resume develop dynamic start industry resume on-line initiative years required growth benefits on-time initiative job guidance opening industry job sales industry self initiative responsibilities opening required
http,{G7Y9-C5YX51DV-2221QUIE},06/15/2010 15:25:56,PNL0301,PC-5611,http://hp.com/WboUhagvat1944152218.jsp,concepts permanent starter required industry skills engineer part-time people multitask degree growth strong multiple experience resume report develop multitask interface report permanent responsibilities multiple opening report people permanent contribute team opening experience opening years strong multitask resume customer growth required develop process on-time analyze growth responsibilities strong dynamic job recruiter sales expert start experience interface multitask responsibilities technologies
http,{A7Y3-T5IL91UD-6801ESBT},06/16/2010 10:22:07,PNL0301,PC-5611,http://linkedin.com/WboUhagvat1479839504.aspx,develop benefits multitask concepts responsibilities develop growth multiple industry resume initiative job salary team guidance report permanent analyze strong resume sales starter management passion industry contribute resume contribute equivalent degree skills visual interface concepts opening degree start team guidance job develop years part-time benefits customer resume growth start start multitask sales growth
http,{R6L2-O1LM27SV-6110AKBL},06/16/2010 13:08:22,PNL0301,PC-5611,http://jobhuntersbible.com/WboUhagvat1258877042.aspx,industry job resume customer permanent interface job technologies years engineer degree customer skills part-time degree hours analyze technologies management self management customer opening report experience initiative resume resume job initiative start platform part-time benefits people team start growth skills report growth engineer passion strong report interface equivalent resume visual start management develop dynamic industry part-time passion management multiple equivalent benefits recruiter multitask salary resume experience on-time multitask platform
http,{V1V6-P7DN81RT-6536ICZW},06/17/2010 09:50:30,PNL0301,PC-5611,http://simplyhired.com/WboUhagvat57469130.jsp,sales engineer salary expert industry experience degree required equivalent benefits platform initiative years customer multitask responsibilities multitask years recruiter strong years equivalent develop degree years equivalent people opening growth technologies interface multiple industry report start passion expert skills part-time equivalent contribute report people multitask technologies
http,{J9Y1-W5VN24XW-4498ZBIK},06/17/2010 11:51:12,PNL0301,PC-5611,http://lockheedmartin.com/WboUhagvat1636367808.htm,resume resume job required management concepts dynamic salary initiative team team equivalent skills management salary management job self permanent years skills required compensation guidance team guidance responsibilities opening report skills degree people resume sales years customer technologies permanent platform expert resume opening multiple management people sales self experience start multitask experience hours passion multiple dynamic equivalent
http,{D5J2-Z2IP59ZB-4203NIAH},06/18/2010 10:05:48,PNL0301,PC-5611,http://boeing.com/WboUhagvat1904327536.htm,benefits passion experience job benefits skills process people resume report experience expert opening interface team customer experience compensation develop hours sales responsibilities industry technologies experience years start team customer hours opening required people develop opening self degree compensation required team growth people multiple multiple job customer passion compensation platform technologies degree job opening years skills report equivalent management multitask
http,{V6W9-I0YD62MC-5552GZCA},06/18/2010 15:53:38,PNL0301,PC-5611,http://simplyhired.com/WboUhagvat57469130.jsp,resume part-time multiple responsibilities opening team resume required expert part-time experience salary required responsibilities multiple opening compensation contribute develop job concepts sales interface growth resume multiple responsibilities on-time report report benefits concepts required opening degree degree permanent management start multiple customer degree sales guidance strong technologies contribute salary skills multitask process sales degree concepts hours benefits industry guidance passion required responsibilities industry concepts industry
email,{N6A5-P8OD70BU-8750XSGH},06/21/2010 11:14:25,PNL0301,PC-5611,Paul-Acton@harris.com,,,Philip.Nathan.Logan@dtaa.com,17747,0,passion opening experience growth contribute skills process platform concepts analyze required analyze report years sales benefits people recruiter develop interface platform experience part-time dynamic resume people skills permanent multiple initiative resume industry
http,{T5W1-B9EZ28TU-2423DJKR},06/21/2010 11:22:23,PNL0301,PC-5611,http://careerbuilder.com/WboUhagvat660170997.htm,passion technologies sales experience report opening technologies multitask growth multitask management analyze concepts interface growth management multiple develop sales process people recruiter dynamic on-time self experience compensation resume analyze growth multiple interface degree sales responsibilities opening contribute degree experience multiple technologies equivalent passion visual self interface experience analyze strong passion
email,{A4M7-U7PN51EA-2573HGJA},06/21/2010 11:23:52,PNL0301,PC-5611,Paul-Acton@harris.com,,,Philip.Nathan.Logan@dtaa.com,18264,0,multitask engineer contribute customer passion multitask customer benefits platform salary technologies strong degree multitask required degree customer skills people contribute on-time skills passion visual experience starter responsibilities start multiple multitask technologies equivalent degree analyze team guidance customer degree skills technologies team compensation team initiative visual team multiple responsibilities develop resume years people dynamic report team
email,{P5F7-L4GS63YS-9609XLDO},06/21/2010 11:25:36,PNL0301,PC-5611,Paul-Acton@harris.com,,,Philip.Nathan.Logan@dtaa.com,27049,0,concepts concepts passion initiative equivalent passion strong multitask required management develop expert platform expert team people customer resume experience interface job concepts platform team resume degree responsibilities customer multitask team responsibilities multiple team start self customer years dynamic growth required years management guidance management experience resume develop resume passion develop benefits required
http,{T5W3-D4EQ66ZD-9482RASI},06/21/2010 13:45:06,PNL0301,PC-5611,http://linkedin.com/WboUhagvat1479839504.aspx,growth contribute benefits process platform strong required contribute required report equivalent resume call interface passion team customer management platform dynamic interface equivalent concepts sales required expert responsibilities dynamic people people equivalent customer industry industry required concepts develop multitask contribute self sales responsibilities responsibilities sales experience customer start starter start multitask years degree skills equivalent initiative self passion skills expert start guidance permanent responsibilities multiple develop
http,{G3K3-D5NO89BI-8433AKSK},06/21/2010 15:33:56,PNL0301,PC-5611,http://boeing.com/WboUhagvat1904327536.htm,job passion opening growth concepts multitask years develop passion job starter start on-time on-time growth visual dynamic required report process on-time salary degree management on-time management degree permanent passion skills initiative contribute degree salary benefits call degree industry passion interface starter job salary experience start permanent degree required skills management concepts management multiple relocation customer management self years concepts
http,{Z7J1-Q8XZ78RN-9303NSQT},06/21/2010 15:49:26,PNL0301,PC-5611,http://hp.com/WboUhagvat1944152218.jsp,interface team report years technologies degree industry resume contribute benefits required people multitask job years experience on-time technologies initiative degree on-line opening self customer dynamic initiative develop management call skills people contribute on-time start multitask concepts salary contribute analyze opening develop multiple responsibilities initiative multitask required develop benefits experience required platform on-time resume opening develop
http,{K3X4-D1PT45LQ-0564SSVL},06/21/2010 16:04:21,PNL0301,PC-5611,http://hp.com/WboUhagvat1944152218.jsp,passion initiative required resume self expert team team expert guidance start opening team resume required permanent technologies self required technologies industry multiple required dynamic guidance equivalent platform multiple team visual multitask develop call report on-time responsibilities
http,{E1A8-F1ES53JM-1076ITYI},06/22/2010 12:16:22,PNL0301,PC-5611,http://indeed.com/WboUhagvat1680703797.html,benefits compensation people equivalent technologies skills initiative customer years starter resume on-time multiple people platform industry customer self contribute contribute required degree passion growth growth contribute job management part-time degree visual platform sales hours technologies multitask passion responsibilities dynamic starter recruiter growth concepts dynamic required people sales visual skills multitask experience management platform job
http,{S4K4-X4PZ85SR-6565DWUL},06/22/2010 14:01:41,PNL0301,PC-5611,http://harris.com/WboUhagvat1919385663.htm,interface start job responsibilities team start multiple years process develop dynamic on-time contribute experience equivalent expert technologies contribute years required analyze required team sales industry responsibilities interface self experience on-time dynamic skills team develop call interface develop customer develop develop multiple passion required contribute
http,{N9U3-U8WU24GK-3793KJWG},06/22/2010 15:20:43,PNL0301,PC-5611,http://yahoo.com/hotjobs/WboUhagvat752138490.php,benefits initiative interface passion technologies experience start analyze passion starter develop permanent guidance process contribute benefits benefits required years interface compensation contribute strong concepts permanent interface concepts management benefits opening develop start multiple sales experience
http,{M6J0-H5VQ70JL-4615UXZO},06/22/2010 16:04:11,PNL0301,PC-5611,http://jobhuntersbible.com/WboUhagvat1258877042.aspx,degree part-time compensation team required multitask contribute growth experience industry platform initiative compensation contribute platform self skills contribute years opening people platform sales develop job industry people sales skills passion salary interface expert develop job concepts interface industry compensation degree develop years job initiative
http,{E1T8-B2BW66SC-5045FXCE},06/23/2010 13:57:14,PNL0301,PC-5611,http://craigslist.org/WboUhagvat1105403916.aspx,growth opening industry industry multiple multiple skills people contribute responsibilities start years multitask process team management industry degree benefits resume start required strong required start team starter passion customer multitask customer multiple initiative years job develop start permanent skills resume permanent
http,{B8X1-Z4UT10LV-9065FXNF},06/23/2010 15:12:11,PNL0301,PC-5611,http://hp.com/WboUhagvat1944152218.jsp,passion opening passion guidance interface report experience skills benefits equivalent benefits passion dynamic job resume start interface job required permanent dynamic skills growth analyze interface expert initiative process responsibilities salary growth platform contribute industry team equivalent process part-time initiative skills analyze growth customer passion on-line resume skills visual initiative required
http,{X0D5-S5EC89GV-3929HARX},06/23/2010 16:00:36,PNL0301,PC-5611,http://craigslist.org/WboUhagvat1105403916.aspx,resume degree technologies engineer self start required people self part-time management contribute years responsibilities equivalent customer dynamic degree skills strong process growth initiative hours management equivalent interface interface team customer contribute benefits customer sales strong growth multiple passion multitask report dynamic strong experience years opening platform experience guidance equivalent develop multitask degree technologies interface report permanent multitask required multitask interface skills strong platform hours required
http,{K5T6-S5DX00MH-1008FMRU},06/23/2010 17:07:27,PNL0301,PC-5611,http://indeed.com/WboUhagvat1680703797.html,job people platform multitask multiple management contribute permanent report expert sales customer required benefits initiative years growth equivalent growth interface experience dynamic responsibilities job resume technologies strong required customer people concepts concepts technologies report develop experience passion resume team passion multiple people process equivalent years resume resume on-time starter salary
http,{D7Q9-V2ZD55PN-3452LSTB},06/23/2010 17:56:03,PNL0301,PC-5611,http://simplyhired.com/WboUhagvat57469130.jsp,skills passion growth industry required multitask guidance part-time people responsibilities degree industry customer self industry contribute people management strong resume benefits part-time salary contribute responsibilities responsibilities salary team multitask industry permanent
http,{H8F1-N9GW68WG-0399YJQT},06/24/2010 09:07:16,PNL0301,PC-5611,http://raytheon.com/WboUhagvat343187784.jsp,growth passion dynamic report skills multitask on-time on-time required opening required sales responsibilities required degree expert on-time interface required opening equivalent opening responsibilities dynamic multiple passion required permanent resume opening multitask responsibilities start analyze engineer process technologies sales experience opening years resume management experience experience platform analyze
email,{J6M6-E8GX86SB-5556OSWC},06/24/2010 09:40:26,PNL0301,PC-5611,Paul-Acton@harris.com,,,Philip.Nathan.Logan@dtaa.com,40835,0,contribute on-line degree sales develop initiative interface technologies interface resume experience hours skills responsibilities required passion multiple report passion job contribute permanent starter responsibilities initiative responsibilities management start technologies sales contribute required management report years experience years visual multiple multiple benefits permanent analyze equivalent years concepts strong sales develop required on-time resume customer customer growth develop team
http,{Z6X0-X1XT79GK-7419BLHC},06/24/2010 12:32:30,PNL0301,PC-5611,http://job-hunt.org/WboUhagvat919122234.html,platform process dynamic visual platform develop hours degree passion sales technologies expert report benefits resume hours compensation team opening interface degree permanent years people experience passion on-time contribute hours dynamic experience dynamic technologies experience resume contribute process self on-time guidance opening platform develop part-time skills on-time team resume job
http,{F5T1-P6FG77OS-3883XSOZ},06/24/2010 12:45:08,PNL0301,PC-5611,http://raytheon.com/WboUhagvat343187784.jsp,multitask compensation experience team technologies engineer multiple industry management dynamic guidance resume part-time responsibilities industry develop contribute platform required on-time technologies resume team sales platform skills platform dynamic interface analyze skills experience platform degree dynamic passion guidance degree analyze experience multitask platform concepts years equivalent sales
http,{U2P1-N6YC33LL-2879VHXP},06/24/2010 12:58:04,PNL0301,PC-5611,http://monster.com/WboUhagvat1180707852.html,people expert multiple passion equivalent job skills opening develop strong skills strong strong technologies report skills sales required process growth team report responsibilities starter resume required process skills team compensation years dynamic equivalent growth experience growth engineer strong customer guidance self responsibilities opening develop
http,{O0B8-P4YZ90WI-0143MKEW},06/24/2010 14:20:27,PNL0301,PC-5611,http://hp.com/WboUhagvat1944152218.jsp,experience guidance opening develop multiple contribute responsibilities analyze contribute years industry customer expert multitask analyze team skills start experience sales technologies process opening platform guidance opening technologies guidance salary industry required visual platform required job concepts expert part-time expert on-time platform passion develop industry growth industry report starter benefits on-line multiple skills guidance concepts part-time report customer dynamic
http,{F1P6-B5SY61VM-1864NIRG},06/24/2010 15:32:21,PNL0301,PC-5611,http://lockheedmartin.com/WboUhagvat1636367808.htm,resume opening job interface team customer job skills benefits platform interface job start visual benefits skills years passion passion contribute guidance self responsibilities required analyze strong multitask hours permanent years multiple multitask degree team responsibilities years resume skills equivalent multitask concepts people skills growth engineer self interface people job responsibilities strong
http,{Z3E6-D9YV09SB-2358YOYX},06/24/2010 15:39:41,PNL0301,PC-5611,http://raytheon.com/WboUhagvat343187784.jsp,industry permanent process start hours benefits interface report required sales job equivalent concepts customer years permanent responsibilities required years expert industry call customer multitask analyze years required platform resume growth management strong multiple years growth responsibilities technologies opening
http,{E7E7-D1EA72WQ-6731WJAB},06/24/2010 16:16:10,PNL0301,PC-5611,http://lockheedmartin.com/WboUhagvat1636367808.htm,benefits initiative benefits platform job start customer years job skills sales compensation management develop multitask develop starter develop self degree sales job platform guidance benefits
email,{S0A9-C8VX79DN-6180YMAN},06/24/2010 16:53:48,PNL0301,PC-5611,Paul-Acton@harris.com,,,Philip.Nathan.Logan@dtaa.com,58425,0,responsibilities industry opening people experience guidance team on-line on-time growth skills develop call degree years resume dynamic expert develop concepts guidance skills interface years degree people years skills team develop degree
http,{V7T0-H0DN09WQ-5527XFNS},06/24/2010 17:01:06,PNL0301,PC-5611,http://linkedin.com/WboUhagvat1479839504.aspx,growth resume multiple degree interface platform dynamic multiple benefits sales job develop team required initiative starter customer multiple responsibilities compensation contribute engineer on-line equivalent dynamic platform interface management develop resume visual industry growth report passion contribute responsibilities years contribute contribute report guidance required platform initiative strong part-time responsibilities customer customer hours report team job interface interface salary technologies
http,{V9R6-D1CZ12LJ-0748QIEC},06/25/2010 09:19:36,PNL0301,PC-5611,http://job-hunt.org/WboUhagvat919122234.html,contribute years opening dynamic team resume benefits multitask industry concepts report degree opening expert sales develop technologies required management multitask resume expert passion people contribute multiple years self responsibilities experience platform responsibilities team on-time report start interface experience passion visual permanent develop opening platform resume concepts multitask analyze
http,{F5L6-C3HB25AC-7927RBUM},06/25/2010 11:11:54,PNL0301,PC-5611,http://linkedin.com/WboUhagvat1479839504.aspx,expert passion experience start visual starter resume skills people platform experience management industry degree on-time passion visual develop team dynamic contribute starter on-time responsibilities responsibilities required develop initiative analyze interface management years growth team growth management multiple required required degree team guidance equivalent hours sales concepts contribute technologies responsibilities years degree team on-time customer technologies benefits on-time required develop
http,{U9M6-H8IT77LA-5301WJJE},06/25/2010 12:53:28,PNL0301,PC-5611,http://raytheon.com/WboUhagvat343187784.jsp,degree growth permanent technologies permanent resume analyze growth multitask develop salary industry years equivalent benefits skills resume degree contribute opening on-time job permanent expert team responsibilities report management people resume hours management contribute required
http,{Q7A2-G5XU11DY-2035MDQI},06/25/2010 14:44:21,PNL0301,PC-5611,http://simplyhired.com/WboUhagvat57469130.jsp,multiple permanent initiative sales passion engineer guidance compensation experience passion growth on-time contribute interface initiative multitask skills multiple analyze guidance platform skills part-time required skills equivalent part-time sales develop opening years resume contribute strong years experience people opening guidance contribute opening required team hours permanent multitask responsibilities years multitask
http,{J5B2-K8NN10HN-6454RXIB},06/25/2010 16:54:58,PNL0301,PC-5611,http://lockheedmartin.com/WboUhagvat1636367808.htm,degree hours multitask recruiter visual permanent experience analyze sales benefits permanent required responsibilities platform on-line interface team salary job required skills equivalent equivalent hours visual passion skills skills job expert opening team resume report dynamic sales experience guidance on-time skills interface on-time skills people job
http,{G5Q9-D6BQ69QU-5090MURO},06/28/2010 09:11:38,PNL0301,PC-5611,http://boeing.com/WboUhagvat1904327536.htm,develop team on-line skills report job platform management visual contribute concepts skills years resume years experience part-time resume passion on-time self technologies on-line contribute resume experience required multitask passion job permanent degree strong technologies years team required responsibilities job years degree job concepts benefits equivalent equivalent guidance concepts contribute interface responsibilities industry equivalent process platform skills process management develop customer guidance multiple
http,{I6E0-S1WI04EA-7474GEJU},06/28/2010 10:53:57,PNL0301,PC-5611,http://boeing.com/WboUhagvat1904327536.htm,management guidance guidance technologies equivalent team on-time team initiative recruiter technologies resume part-time degree platform management opening opening concepts opening customer equivalent process develop passion passion develop report interface equivalent strong opening on-time starter part-time technologies opening start concepts analyze on-line guidance technologies team start multitask skills concepts customer on-time experience call analyze interface
http,{X4G2-S5TR66RY-4571GNMQ},06/28/2010 10:56:40,PNL0301,PC-5611,http://linkedin.com/WboUhagvat1479839504.aspx,customer customer team permanent people resume opening skills team growth responsibilities skills hours customer concepts strong start expert required equivalent growth develop initiative concepts customer concepts guidance team initiative strong report report initiative resume industry on-line process develop responsibilities skills degree passion experience responsibilities start job skills people strong required
http,{A1V0-O8GQ38CT-1831QVEE},06/28/2010 12:32:06,PNL0301,PC-5611,http://raytheon.com/WboUhagvat343187784.jsp,passion skills guidance passion required job passion management customer required customer responsibilities opening platform multiple team opening skills multitask growth growth contribute experience growth develop sales benefits multitask on-time equivalent required passion customer process multitask management concepts growth develop management management process develop multitask
http,{Q6P0-A0NC11JL-8386NKBL},06/28/2010 12:34:32,PNL0301,PC-5611,http://linkedin.com/WboUhagvat1479839504.aspx,resume team analyze multiple salary people passion degree passion industry strong dynamic resume concepts sales on-time sales multitask team experience permanent sales resume contribute multiple industry passion multitask on-time multiple job analyze job start job job self experience technologies experience years multitask passion guidance report benefits customer experience equivalent develop sales start people
http,{B6I6-E9UE87YW-7283NYXZ},06/28/2010 14:55:41,PNL0301,PC-5611,http://harris.com/WboUhagvat1919385663.htm,interface customer permanent benefits interface passion skills years process degree multiple customer develop passion multiple benefits team skills technologies expert concepts visual experience analyze customer concepts on-time opening permanent platform responsibilities experience contribute multiple years technologies expert multiple analyze sales experience sales management self multitask management team concepts management required platform
http,{F7J9-H2EO43AD-8086FGCQ},06/28/2010 15:26:27,PNL0301,PC-5611,http://careerbuilder.com/WboUhagvat660170997.htm,guidance equivalent expert self sales guidance customer contribute permanent on-time people benefits initiative team multiple resume guidance multitask resume salary skills concepts develop passion responsibilities skills responsibilities job management dynamic growth sales growth part-time responsibilities benefits expert benefits sales required expert job resume interface responsibilities passion industry experience years customer
http,{L3S9-J4LQ40TZ-0639BBTL},06/28/2010 16:24:05,PNL0301,PC-5611,http://linkedin.com/WboUhagvat1479839504.aspx,platform contribute concepts concepts passion strong resume responsibilities develop required technologies skills years management responsibilities required platform degree degree degree team engineer passion responsibilities initiative analyze develop experience technologies industry expert customer develop management customer self multiple people multiple
http,{E9M8-W9NG26MH-2584DSDC},06/28/2010 16:48:48,PNL0301,PC-5611,http://raytheon.com/WboUhagvat343187784.jsp,equivalent growth experience benefits relocation benefits platform concepts industry growth passion resume strong skills resume industry contribute dynamic required benefits interface customer technologies on-time start benefits industry interface years years required develop passion interface part-time resume resume opening years sales management people permanent job opening responsibilities degree experience skills recruiter sales responsibilities required on-time strong experience growth responsibilities degree develop responsibilities years guidance strong degree experience equivalent team resume start years
http,{Q9R0-N5UN53CJ-2031LTUS},06/29/2010 10:19:10,PNL0301,PC-5611,http://careerbuilder.com/WboUhagvat660170997.htm,multiple years years part-time degree interface team report platform dynamic responsibilities equivalent multiple degree resume multiple multitask skills years on-time industry passion analyze visual part-time growth guidance job degree sales hours opening passion experience contribute industry platform passion skills customer multitask platform multitask strong job management years job
http,{J2D2-I6SX95DL-9086TVXA},06/29/2010 10:49:22,PNL0301,PC-5611,http://careerbuilder.com/WboUhagvat660170997.htm,starter responsibilities contribute contribute on-line degree job hours platform relocation team degree people concepts technologies resume call self responsibilities opening permanent skills initiative job start degree contribute years industry self customer on-time contribute industry customer years hours analyze permanent years interface expert permanent starter
email,{V4G3-L9VV86RV-7753UNRT},06/29/2010 11:18:41,PNL0301,PC-5611,Paul-Acton@harris.com,,,Philip.Nathan.Logan@dtaa.com,15096,0,opening start report equivalent multiple technologies multiple years years experience on-time strong growth multiple customer passion sales sales concepts people initiative growth technologies opening start resume expert job degree initiative multiple multiple resume compensation benefits opening strong people permanent years start responsibilities resume resume initiative people
http,{Q3J5-C7FZ75PN-9659UGRR},06/29/2010 14:16:00,PNL0301,PC-5611,http://raytheon.com/WboUhagvat343187784.jsp,passion strong job industry resume initiative management industry technologies opening multiple responsibilities concepts develop technologies required guidance strong degree platform equivalent growth resume years contribute platform industry resume on-line visual resume skills experience responsibilities report passion responsibilities equivalent initiative interface years team starter multitask equivalent management strong on-time responsibilities contribute team responsibilities
http,{E3V2-R2ZX43UO-8017WKIF},06/30/2010 09:35:36,PNL0301,PC-5611,http://job-hunt.org/WboUhagvat919122234.html,responsibilities experience concepts on-time degree starter team multitask required opening team experience years years salary technologies initiative platform team opening resume initiative platform responsibilities part-time experience report develop contribute equivalent management process team guidance opening multiple equivalent required passion required analyze starter
email,{C8I6-G1ZJ79DO-7088KOKS},06/30/2010 11:39:22,PNL0301,PC-5611,Paul-Acton@harris.com,,,Philip.Nathan.Logan@dtaa.com,26319,0,team management expert resume sales multitask team report salary responsibilities interface team years multiple technologies job permanent expert start team starter visual interface management growth technologies experience contribute required required contribute growth years permanent multiple passion growth passion benefits contribute start resume process hours develop starter multitask degree report strong job multitask people develop degree platform guidance years on-time experience
http,{U5M4-V5TM63NX-6860MMPB},06/30/2010 12:03:44,PNL0301,PC-5611,http://aol.com/jobs/WboUhagvat1963819229.jsp,technologies interface hours equivalent process sales passion strong develop passion people job report people salary platform team part-time recruiter strong job multitask experience job platform guidance platform self strong process experience job team people multitask start dynamic skills on-time resume on-time skills equivalent opening report
http,{O1H6-A4ID24CI-4922DOQF},06/30/2010 12:06:04,PNL0301,PC-5611,http://careerbuilder.com/WboUhagvat660170997.htm,job report interface platform benefits hours strong report platform sales resume equivalent required required skills opening develop management platform equivalent develop platform management analyze years job skills part-time initiative skills hours part-time multitask visual experience customer job job contribute self sales experience passion required
http,{C9S4-Y4JV83KD-5608WFML},06/30/2010 12:46:26,PNL0301,PC-5611,http://hp.com/WboUhagvat1944152218.jsp,visual multitask responsibilities resume experience opening start start responsibilities contribute multiple dynamic multitask contribute degree permanent report platform recruiter experience opening expert team experience hours people years management multiple skills management develop years resume call degree equivalent equivalent years develop resume years contribute
http,{Q4X1-A6TF88CI-2501ASEX},06/30/2010 12:49:42,PNL0301,PC-5611,http://northropgrumman.com/WboUhagvat572113271.aspx,resume self guidance hours customer skills start team required visual on-line start develop guidance resume skills responsibilities concepts guidance multitask required strong equivalent growth concepts on-line start opening skills team skills job experience benefits dynamic required strong self guidance salary opening platform compensation growth responsibilities management passion
http,{Z4S3-F5UC42IE-9825UAEQ},06/30/2010 12:58:38,PNL0301,PC-5611,http://boeing.com/WboUhagvat1904327536.htm,start permanent degree multiple industry customer concepts skills self required starter resume permanent skills multitask skills strong permanent report engineer platform job people opening guidance multitask experience team self engineer multitask develop growth interface strong opening concepts develop benefits strong platform expert start equivalent on-time years degree technologies report contribute compensation permanent on-time initiative part-time industry benefits required opening salary contribute contribute job recruiter start hours call degree sales contribute hours analyze initiative industry on-line
http,{Z9I3-J0JI86QI-2746WVXJ},06/30/2010 13:04:25,PNL0301,PC-5611,http://jobhuntersbible.com/WboUhagvat1258877042.aspx,technologies management interface benefits skills degree process resume platform job responsibilities resume visual customer start equivalent customer industry resume experience growth resume skills degree responsibilities dynamic multitask industry people sales opening multitask people team responsibilities initiative expert job benefits expert skills degree interface develop self responsibilities start
http,{O7F4-O8UX78HC-9340LBAZ},06/30/2010 16:35:47,PNL0301,PC-5611,http://linkedin.com/WboUhagvat1479839504.aspx,benefits develop degree required initiative skills experience multiple analyze opening multiple part-time resume customer customer self permanent growth skills call recruiter multiple skills team resume experience interface salary resume people industry experience passion initiative platform degree interface develop opening dynamic years equivalent management growth degree experience years dynamic contribute multiple skills compensation strong report skills management interface concepts on-line contribute multiple years
http,{Q7O2-F1MH19SO-5071RQIZ},06/30/2010 17:16:14,PNL0301,PC-5611,http://careerbuilder.com/WboUhagvat660170997.htm,develop multitask on-line resume contribute dynamic concepts skills report develop hours team required develop on-time on-time benefits develop customer report benefits resume strong strong analyze required industry customer skills job customer contribute skills platform contribute contribute responsibilities job required platform resume required interface resume
http,{N6I0-W4AI63IJ-2446UIAY},06/30/2010 17:23:35,PNL0301,PC-5611,http://northropgrumman.com/WboUhagvat572113271.aspx,growth contribute multitask resume salary compensation on-line customer contribute benefits part-time report expert experience initiative multitask develop job degree visual report salary compensation responsibilities initiative job analyze years years report skills people skills on-line years interface expert multiple people resume permanent platform team engineer responsibilities degree platform
email,{U1K7-X6TG03RY-0777IZQQ},06/30/2010 17:31:10,PNL0301,PC-5611,Paul-Acton@harris.com,,,Philip.Nathan.Logan@dtaa.com,22484,0,opening growth opening customer years multitask technologies analyze skills job starter people salary analyze salary multitask degree growth start hours initiative responsibilities process equivalent customer experience report sales responsibilities experience compensation self skills years experience process degree management skills start develop multiple strong strong responsibilities process customer visual job benefits technologies compensation equivalent years concepts required initiative
http,{M0G2-N5MS85YO-5605GIER},07/01/2010 09:43:50,PNL0301,PC-5611,http://linkedin.com/WboUhagvat1479839504.aspx,develop opening develop sales experience multitask permanent technologies report concepts experience passion analyze passion responsibilities resume years start interface benefits report platform contribute skills experience permanent required sales responsibilities team technologies responsibilities part-time part-time experience industry years contribute job opening self customer people customer passion multitask job start call report customer experience resume customer opening multitask team develop multitask skills expert initiative people expert dynamic develop people degree team technologies
http,{Y1V5-I0IM13ID-8144NNMN},07/01/2010 09:57:38,PNL0301,PC-5611,http://indeed.com/WboUhagvat1680703797.html,required industry skills sales start resume team opening resume concepts responsibilities equivalent visual customer people self equivalent degree initiative compensation passion experience process growth interface develop responsibilities years engineer concepts experience experience dynamic visual sales sales multiple management develop compensation engineer years on-time platform permanent experience
http,{C7M4-A0SP48KA-4946JGZO},07/01/2010 09:58:29,PNL0301,PC-5611,http://jobhuntersbible.com/WboUhagvat1258877042.aspx,customer required years customer initiative on-time customer strong customer growth analyze interface develop job recruiter analyze team initiative years contribute job concepts platform process strong skills concepts opening skills people technologies opening passion guidance people skills permanent process concepts experience required experience dynamic interface permanent skills interface concepts analyze
http,{J4S3-F6NO55MU-8792SSEM},07/01/2010 10:16:21,PNL0301,PC-5611,http://indeed.com/WboUhagvat1680703797.html,process multitask job guidance years platform management dynamic benefits contribute dynamic customer passion opening multiple responsibilities permanent process dynamic skills responsibilities concepts years customer technologies equivalent initiative responsibilities analyze experience dynamic opening strong report required recruiter management technologies opening management concepts skills sales start skills customer team process process engineer multitask job part-time growth initiative technologies develop
http,{X3Q2-S0AE79XG-0138IYLZ},07/01/2010 13:46:44,PNL0301,PC-5611,http://yahoo.com/hotjobs/WboUhagvat752138490.php,strong process years on-time contribute compensation concepts strong visual responsibilities starter team required sales resume required recruiter platform contribute required job multiple expert develop strong report report multitask degree job on-line skills degree concepts salary guidance equivalent industry contribute responsibilities on-time interface required growth degree on-time experience industry team technologies multiple permanent years permanent resume required technologies customer on-time degree people guidance platform interface sales
http,{B7F4-G4NH88FN-4064AIYU},07/01/2010 13:47:54,PNL0301,PC-5611,http://simplyhired.com/WboUhagvat57469130.jsp,permanent strong technologies sales technologies growth hours guidance multitask responsibilities engineer years technologies develop growth team report resume passion equivalent experience industry interface degree technologies equivalent permanent people required years concepts customer required multiple on-time multitask team job compensation platform industry customer industry develop team team develop responsibilities analyze responsibilities contribute compensation
http,{G6B7-L1GL13LU-4697SFKG},07/01/2010 15:13:45,PNL0301,PC-5611,http://aol.com/jobs/WboUhagvat1963819229.jsp,resume self multiple on-time customer contribute experience growth required experience job dynamic customer opening analyze concepts degree contribute responsibilities concepts degree team years guidance develop salary required process contribute initiative resume contribute engineer salary engineer years contribute permanent
http,{P0M4-L2RX17CN-2812MKII},07/01/2010 15:22:38,PNL0301,PC-5611,http://linkedin.com/WboUhagvat1479839504.aspx,equivalent required multiple develop salary opening resume people interface job develop sales relocation salary customer visual responsibilities passion technologies team people multitask resume multiple initiative compensation responsibilities responsibilities self start opening degree degree develop industry required part-time degree job degree industry responsibilities resume platform technologies initiative sales passion multitask customer on-time start people start platform
http,{L8N3-N1BH27YY-0254OEQU},07/02/2010 08:58:46,PNL0301,PC-5611,http://monster.com/WboUhagvat1180707852.html,responsibilities permanent initiative part-time analyze technologies guidance develop team multitask starter guidance platform multitask develop analyze platform hours multiple industry engineer part-time management dynamic compensation concepts experience technologies required expert degree strong call equivalent interface responsibilities start skills resume compensation degree strong skills expert benefits interface equivalent growth years people
http,{X9O2-Y5LS79CF-6076XUZM},07/02/2010 10:03:16,PNL0301,PC-5611,http://northropgrumman.com/WboUhagvat572113271.aspx,salary initiative growth equivalent resume passion opening contribute growth benefits permanent resume resume multitask benefits start develop resume experience interface engineer degree job industry develop customer passion contribute industry technologies starter on-line report team responsibilities people analyze expert develop guidance benefits required team multitask responsibilities part-time passion opening expert experience technologies start interface job experience skills resume concepts initiative contribute part-time develop permanent interface resume
http,{V9B1-R7NW64ZT-7708VHBQ},07/02/2010 11:34:42,PNL0301,PC-5611,http://northropgrumman.com/WboUhagvat572113271.aspx,degree required contribute resume skills benefits initiative sales resume contribute degree passion people required analyze technologies report required process people degree strong compensation platform develop compensation customer passion multitask customer years initiative strong start guidance people develop skills strong dynamic team process people skills equivalent growth strong
http,{E8B7-F0CL43RL-2856VPLK},07/02/2010 11:53:45,PNL0301,PC-5611,http://yahoo.com/hotjobs/WboUhagvat752138490.php,degree required start customer team concepts interface salary experience skills platform growth customer required dynamic experience growth passion opening multiple management concepts technologies platform experience degree multitask concepts opening technologies develop starter dynamic dynamic starter people skills job
http,{M0H0-Q2MQ83SN-6404SGSA},07/02/2010 13:07:29,PNL0301,PC-5611,http://job-hunt.org/WboUhagvat919122234.html,develop on-time compensation salary dynamic contribute multiple responsibilities multitask analyze guidance contribute experience platform resume report responsibilities required customer opening management skills management passion permanent multitask required technologies opening analyze technologies guidance strong experience platform platform required experience people experience technologies resume people required platform hours
http,{Q0B6-J6CE79FQ-2293FDGO},07/02/2010 14:38:21,PNL0301,PC-5611,http://lockheedmartin.com/WboUhagvat1636367808.htm,customer people resume responsibilities skills initiative sales industry passion dynamic experience platform equivalent strong concepts sales platform experience on-time strong customer interface passion years passion growth platform dynamic contribute degree years skills benefits job interface responsibilities
http,{G5S2-K5BE19DY-0257ADMI},07/02/2010 15:26:17,PNL0301,PC-5611,http://careerbuilder.com/WboUhagvat660170997.htm,multitask start salary management analyze permanent salary resume dynamic responsibilities multiple equivalent multiple required concepts skills growth degree management dynamic required years growth multiple opening passion relocation equivalent sales dynamic permanent skills experience benefits multiple opening industry multitask develop interface team responsibilities strong responsibilities starter guidance multitask experience management passion responsibilities concepts permanent recruiter contribute engineer self experience experience develop compensation guidance salary
http,{W3B4-D9DA44AD-7803YSEB},07/02/2010 16:27:12,PNL0301,PC-5611,http://aol.com/jobs/WboUhagvat1963819229.jsp,years people process people management guidance years initiative years guidance compensation skills guidance expert sales multiple equivalent multiple develop concepts skills required equivalent guidance report management equivalent multitask experience expert multiple industry report customer degree team platform self contribute opening dynamic passion technologies on-time industry start resume contribute contribute multitask responsibilities interface start customer
http,{R8J1-O7OX18JA-7855BVPJ},07/02/2010 17:45:18,PNL0301,PC-5611,http://northropgrumman.com/WboUhagvat572113271.aspx,experience resume industry benefits initiative passion technologies on-time resume team people degree dynamic recruiter permanent resume skills technologies required strong on-time required passion start permanent degree years equivalent opening start team management skills growth job multitask starter report develop contribute multiple team strong required compensation start salary initiative starter management job people skills
email,{W1J0-X4NP60WX-8481ZJPA},07/06/2010 09:39:14,PNL0301,PC-5611,Paul-Acton@harris.com,,,Philip.Nathan.Logan@dtaa.com,24334,0,opening team strong job degree part-time dynamic on-time develop engineer responsibilities visual job analyze experience permanent start opening multiple initiative skills technologies develop platform start team starter expert self develop multitask industry passion responsibilities industry customer management multitask responsibilities industry resume responsibilities customer
http,{O1G6-R2FL81LO-2070HCFF},07/06/2010 09:54:42,PNL0301,PC-5611,http://careerbuilder.com/WboUhagvat660170997.htm,growth opening passion compensation concepts management self compensation concepts industry benefits opening multitask passion team initiative guidance experience concepts industry sales technologies degree develop experience growth visual platform responsibilities resume industry concepts
email,{E2B3-V3QB08DA-1138RIZG},07/06/2010 11:44:34,PNL0301,PC-5611,Paul-Acton@harris.com,,,Philip.Nathan.Logan@dtaa.com,22599,0,process responsibilities growth interface responsibilities self develop job responsibilities industry dynamic job platform start report permanent degree growth customer team relocation required self recruiter guidance team sales sales guidance initiative experience platform salary management skills team customer industry skills self job expert degree multiple salary multitask sales people growth benefits resume
http,{O0A5-K0YK51AL-6461ESNH},07/06/2010 13:06:27,PNL0301,PC-5611,http://northropgrumman.com/WboUhagvat572113271.aspx,required industry benefits permanent job strong benefits report relocation technologies resume opening multiple salary opening report dynamic interface customer experience opening equivalent expert team passion experience resume skills experience customer interface years technologies responsibilities job part-time process guidance customer team guidance passion report equivalent develop required equivalent part-time required management
http,{B5T7-S7FF04FL-1660NMEA},07/06/2010 14:54:59,PNL0301,PC-5611,http://jobhuntersbible.com/WboUhagvat1258877042.aspx,dynamic develop resume opening compensation job contribute resume concepts skills guidance start team initiative resume experience sales compensation multiple self initiative sales process multiple technologies multiple industry strong industry technologies experience technologies start experience permanent opening strong analyze job
email,{B9G9-S0IV88AG-7840QVHK},07/06/2010 15:40:09,PNL0301,PC-5611,Paul-Acton@harris.com,,,Philip.Nathan.Logan@dtaa.com,24112,0,salary resume platform on-time years multiple responsibilities industry multiple skills resume multiple years passion equivalent opening sales resume years compensation hours dynamic develop degree interface passion analyze self resume benefits resume customer expert develop initiative resume people develop benefits resume strong report sales years contribute experience degree opening degree people visual sales benefits skills initiative job
http,{P6H2-K5KB12KR-6244DUKS},07/07/2010 11:17:42,PNL0301,PC-5611,http://linkedin.com/WboUhagvat1479839504.aspx,multitask analyze responsibilities salary required concepts industry required management team skills management job multitask process resume dynamic team process team guidance engineer opening strong responsibilities growth job passion equivalent experience job industry customer develop opening benefits on-time technologies degree multitask permanent opening expert responsibilities platform on-line part-time equivalent experience people experience job develop
http,{D7P2-H4ZO88KA-7550WQVW},07/07/2010 11:22:40,PNL0301,PC-5611,http://monster.com/WboUhagvat1180707852.html,years job customer passion guidance initiative required team experience team platform salary years start job resume contribute dynamic customer experience equivalent develop initiative equivalent experience equivalent report permanent recruiter resume responsibilities years interface industry industry degree benefits report experience analyze concepts management concepts multitask responsibilities equivalent self sales growth skills opening years platform compensation resume permanent
http,{Y2A9-F7KD70GA-3704TCHY},07/07/2010 12:19:09,PNL0301,PC-5611,http://jobhuntersbible.com/WboUhagvat1258877042.aspx,initiative resume on-time industry on-time compensation hours visual responsibilities resume growth platform passion technologies skills people starter sales skills technologies growth develop dynamic passion technologies skills technologies technologies multiple initiative guidance management management dynamic opening report sales job starter skills growth concepts strong start sales job skills management skills benefits analyze required passion experience multitask people on-time experience required degree technologies hours degree
http,{K2F9-C9TL45DK-4274ZYWD},07/07/2010 15:07:14,PNL0301,PC-5611,http://boeing.com/WboUhagvat1904327536.htm,skills people report experience team years experience contribute years resume contribute skills salary management platform experience team initiative passion industry develop equivalent sales management skills engineer call start start compensation contribute responsibilities growth required develop contribute years contribute technologies customer multitask passion team resume opening industry analyze degree process team compensation platform benefits
http,{Q7F6-W5WZ12TC-5198OOON},07/07/2010 17:56:48,PNL0301,PC-5611,http://harris.com/WboUhagvat1919385663.htm,contribute contribute salary years platform experience analyze passion benefits growth years people compensation required initiative develop sales years benefits call starter concepts industry years management required multiple starter strong sales part-time degree experience hours team team responsibilities required growth salary degree strong opening team report on-line benefits dynamic sales job technologies
http,{P5D0-S2ZW39IC-0025OXCF},07/08/2010 09:09:56,PNL0301,PC-5611,http://jobhuntersbible.com/WboUhagvat1258877042.aspx,permanent benefits hours platform growth degree people multiple job skills growth sales on-time strong job part-time expert initiative management permanent benefits skills years multitask resume technologies platform equivalent salary report expert management multiple equivalent required customer years interface required expert job expert salary interface on-line job contribute team report analyze multitask skills
http,{T6C9-X2RJ83PP-8449QIOH},07/08/2010 09:12:47,PNL0301,PC-5611,http://hp.com/WboUhagvat1944152218.jsp,growth salary start experience industry part-time people responsibilities responsibilities skills starter skills customer skills start job experience experience industry self people contribute opening passion analyze start sales required experience passion management initiative industry platform resume hours sales passion on-time salary develop hours on-line job team report customer technologies benefits opening benefits passion industry salary
http,{Z4U9-K1OB94DC-5110XOTX},07/08/2010 15:48:12,PNL0301,PC-5611,http://boeing.com/WboUhagvat1904327536.htm,responsibilities opening hours multitask team multiple team permanent skills engineer customer expert sales benefits resume experience analyze experience responsibilities customer experience customer sales initiative years on-line industry develop compensation platform concepts report resume job permanent industry dynamic interface multitask management
http,{J3E2-Q7EJ04QM-5055POLM},07/09/2010 09:23:22,PNL0301,PC-5611,http://monster.com/WboUhagvat1180707852.html,engineer compensation technologies responsibilities equivalent initiative responsibilities years responsibilities expert people multitask passion part-time job start self start years on-time opening contribute resume relocation develop customer sales develop interface part-time people platform contribute years job team engineer team equivalent multitask
http,{G5S5-Y3KD28HA-9167CMHB},07/09/2010 10:39:20,PNL0301,PC-5611,http://simplyhired.com/WboUhagvat57469130.jsp,self people benefits resume contribute starter develop responsibilities years on-line experience dynamic develop expert initiative concepts process opening hours degree management sales report start multiple interface interface salary benefits required degree degree compensation strong interface industry on-time required develop initiative technologies degree experience responsibilities team required industry multiple platform
http,{M3H5-P2IZ15LE-2258BVVA},07/09/2010 11:18:34,PNL0301,PC-5611,http://harris.com/WboUhagvat1919385663.htm,technologies responsibilities expert experience opening analyze skills opening degree opening concepts guidance growth platform permanent platform interface customer people part-time sales permanent contribute years responsibilities platform multitask benefits strong platform job multiple process interface customer opening equivalent benefits multitask initiative start opening process on-time concepts resume compensation management resume equivalent multiple dynamic start passion passion responsibilities report resume strong
http,{Q7K0-K5LR48NZ-0336HMLA},07/09/2010 13:39:18,PNL0301,PC-5611,http://lockheedmartin.com/WboUhagvat1636367808.htm,growth permanent responsibilities contribute job sales benefits benefits team experience permanent strong customer equivalent responsibilities multitask job concepts multitask industry degree part-time years on-time permanent benefits degree growth process self resume skills customer start people develop engineer technologies management customer expert guidance people multitask management years contribute degree guidance customer hours required years concepts start equivalent passion multiple required initiative multitask management analyze skills strong management team
http,{P7Z5-N8NJ19DK-0986XDIB},07/09/2010 14:40:32,PNL0301,PC-5611,http://hp.com/WboUhagvat1944152218.jsp,management resume process analyze report multitask customer technologies job skills initiative starter visual growth growth management customer customer concepts interface hours degree analyze equivalent compensation years equivalent opening analyze develop degree skills self develop years equivalent contribute contribute analyze call permanent team experience starter expert benefits visual skills develop dynamic
http,{B4L9-F4OS68LO-2419FPTZ},07/09/2010 16:42:32,PNL0301,PC-5611,http://job-hunt.org/WboUhagvat919122234.html,start team years industry experience equivalent people sales permanent start hours report required growth hours analyze on-time multiple degree report management initiative resume technologies customer team people part-time skills required dynamic engineer customer start benefits experience technologies degree years expert degree customer initiative concepts multitask on-line expert concepts sales engineer multitask multitask resume degree concepts
http,{H9Y7-A1WC54OT-6336WNNA},07/09/2010 17:19:04,PNL0301,PC-5611,http://boeing.com/WboUhagvat1904327536.htm,benefits passion equivalent dynamic job process degree salary equivalent experience technologies platform opening platform start job customer strong skills management concepts visual multitask expert report people experience benefits concepts technologies job management resume on-line develop develop management passion sales required responsibilities concepts process process benefits skills start interface management resume required team multiple self multitask process
http,{L9Z1-C5TI35NC-2501ZNXF},07/09/2010 17:32:08,PNL0301,PC-5611,http://monster.com/WboUhagvat1180707852.html,required resume passion resume contribute analyze benefits experience contribute process passion customer required multiple multiple technologies process platform responsibilities management hours develop resume start report experience dynamic strong initiative multitask part-time benefits people opening job opening multiple resume multitask develop strong starter opening dynamic starter on-time multitask
http,{J2D8-Y1QD42YE-8882KTRA},07/12/2010 11:33:00,PNL0301,PC-5611,http://harris.com/WboUhagvat1919385663.htm,skills strong opening hours required guidance experience skills growth job platform expert passion analyze degree process multiple team industry responsibilities technologies people skills benefits part-time opening benefits initiative resume required analyze analyze experience
http,{S9C4-T7UQ42FR-9624QTRC},07/12/2010 16:03:13,PNL0301,PC-5611,http://raytheon.com/WboUhagvat343187784.jsp,platform multitask customer process equivalent process on-line guidance salary team people start multiple report contribute strong skills contribute responsibilities people degree growth guidance develop opening degree responsibilities customer passion start part-time on-time benefits initiative job passion years experience responsibilities management skills start technologies platform report required resume multitask multiple growth platform degree strong
http,{M3K2-W1NE23DE-0462DQLX},07/12/2010 16:58:47,PNL0301,PC-5611,http://raytheon.com/WboUhagvat343187784.jsp,on-time job required interface years people sales required equivalent experience permanent multitask start benefits multitask process hours years job contribute resume visual hours on-line team degree growth resume resume call years strong opening experience visual customer develop multiple process salary sales
http,{Y1K1-N3DV27YZ-8630FSSO},07/13/2010 11:52:38,PNL0301,PC-5611,http://careerbuilder.com/WboUhagvat660170997.htm,sales experience start contribute benefits passion concepts management skills team contribute engineer responsibilities skills passion permanent contribute resume multiple skills people experience hours platform team start management engineer process skills multiple contribute start multiple sales start team sales interface concepts report start degree multiple multiple on-time
http,{U9X5-J8HC79LU-1676XXSU},07/14/2010 13:32:45,PNL0301,PC-5611,http://northropgrumman.com/WboUhagvat572113271.aspx,skills self years job degree experience platform degree opening sales growth analyze skills team process part-time equivalent resume growth required salary strong start develop develop growth multiple resume part-time skills multitask years skills experience experience people degree skills customer guidance develop responsibilities resume job benefits equivalent job experience
http,{R4Y8-T0NZ08RM-4309AOFP},07/14/2010 14:31:36,PNL0301,PC-5611,http://linkedin.com/WboUhagvat1479839504.aspx,multiple report required contribute job degree contribute guidance experience platform responsibilities required resume hours multiple strong skills dynamic contribute job platform multitask multitask process expert benefits customer years job initiative recruiter skills responsibilities strong report contribute guidance multiple sales starter interface job degree team team technologies develop job resume skills people
http,{F4J7-N7GV14QC-6590CAVI},07/14/2010 16:48:58,PNL0301,PC-5611,http://hp.com/WboUhagvat1944152218.jsp,industry interface job guidance sales team interface strong experience dynamic skills responsibilities starter platform required years experience sales concepts management develop industry process passion part-time interface dynamic on-time develop opening resume degree responsibilities on-line recruiter technologies skills benefits hours
http,{Z8S6-E7LO98TC-4019WQKS},07/14/2010 16:57:28,PNL0301,PC-5611,http://careerbuilder.com/WboUhagvat660170997.htm,sales customer compensation relocation years platform degree passion guidance multiple compensation people salary skills years responsibilities industry part-time self resume expert experience growth degree people concepts people equivalent benefits passion equivalent skills initiative multitask report experience salary interface growth required report dynamic platform required interface
email,{O1L7-R4CQ01UW-8487BDTF},07/14/2010 17:12:15,PNL0301,PC-5611,Paul-Acton@harris.com,,,Philip.Nathan.Logan@dtaa.com,33375,0,resume skills strong resume interface interface permanent expert required customer resume degree passion skills compensation compensation passion initiative people on-line interface management contribute permanent sales people job strong contribute concepts start resume platform experience technologies multiple people dynamic multitask skills starter degree develop contribute passion job experience experience report skills multitask platform equivalent
http,{K3M2-E1KO37JW-7875KMOM},07/14/2010 17:54:01,PNL0301,PC-5611,http://aol.com/jobs/WboUhagvat1963819229.jsp,strong contribute salary resume skills starter responsibilities job interface process report management hours on-time platform contribute degree multitask skills opening degree opening develop experience concepts years passion interface years management opening job strong industry develop responsibilities strong degree required guidance develop skills strong experience develop management benefits salary expert years permanent technologies benefits sales call industry
device,{D2K2-X5YA09ZM-6859ZGKL},07/19/2010 11:34:24,PNL0301,PC-5611,Connect
device,{W0X3-I5HL43IG-6573ZQWW},07/19/2010 11:50:18,PNL0301,PC-5611,Disconnect
device,{I8U5-N0PX47OD-4133JGTS},07/19/2010 12:15:50,PNL0301,PC-5611,Connect
device,{H9N5-D2LC61IW-1217HYRY},07/19/2010 12:36:30,PNL0301,PC-5611,Disconnect
device,{F7U7-T7EE66YT-3569AQJE},07/19/2010 13:04:01,PNL0301,PC-5611,Connect
device,{T7P5-V6KX85IG-2455IOXZ},07/19/2010 13:17:32,PNL0301,PC-5611,Disconnect
device,{D4U0-U7SP87LI-4681NVVW},07/19/2010 14:42:29,PNL0301,PC-5611,Connect
device,{Q6J5-Q1CT49CN-7412JXWG},07/19/2010 14:43:57,PNL0301,PC-5611,Disconnect
device,{Z8Z3-Q9BB56UR-6351GGHR},07/19/2010 16:24:50,PNL0301,PC-5611,Connect
device,{O5G4-F1VJ03KA-5582SSEU},07/19/2010 16:56:36,PNL0301,PC-5611,Connect
device,{N9H8-T9CB69XK-2538WGAQ},07/19/2010 17:15:49,PNL0301,PC-5611,Disconnect
device,{O6A6-F0GU23JE-3815FYUW},07/22/2010 11:09:19,PNL0301,PC-5611,Connect
device,{D1K4-J1CM47VL-8165XWUB},07/22/2010 11:19:37,PNL0301,PC-5611,Disconnect
device,{M8T3-G6GN95VD-5059MCGD},07/22/2010 11:46:36,PNL0301,PC-5611,Connect
device,{V6K1-K5MS38WA-2058MOCH},07/22/2010 11:50:57,PNL0301,PC-5611,Disconnect
device,{G5S6-G9KV06OX-4774BAON},07/22/2010 13:56:58,PNL0301,PC-5611,Connect
device,{H8G3-U9CD92ZP-6497XTKC},07/22/2010 14:14:51,PNL0301,PC-5611,Disconnect
device,{V8Z1-V3LX41GQ-8277SHYR},07/22/2010 14:19:34,PNL0301,PC-5611,Connect
device,{G2B6-X8XI71RQ-1962UBZB},07/22/2010 14:24:06,PNL0301,PC-5611,Disconnect
device,{W2S0-C8UU61FH-9158NAVN},07/22/2010 16:00:53,PNL0301,PC-5611,Connect
device,{J5R9-D2AL80HZ-9121BPEJ},07/22/2010 16:10:12,PNL0301,PC-5611,Disconnect
device,{K2O7-Z1MY53BP-2205SQRT},07/22/2010 16:40:34,PNL0301,PC-5611,Connect
device,{Y9E6-J7RN30GQ-3854WCAM},07/22/2010 16:48:25,PNL0301,PC-5611,Disconnect
device,{L8F3-F9ZN80XF-5744PSEL},07/26/2010 09:15:10,PNL0301,PC-5611,Connect
device,{L1A0-C8YR92MG-6607RUND},07/26/2010 10:47:00,PNL0301,PC-5611,Disconnect
device,{E4N5-Y4NB88SE-3895YMXB},07/26/2010 10:55:40,PNL0301,PC-5611,Connect
device,{P2A4-Q7GT65EV-0053BGMD},07/26/2010 11:04:12,PNL0301,PC-5611,Disconnect
device,{O5J6-D1FC36DW-3777FSAN},07/26/2010 14:07:14,PNL0301,PC-5611,Connect
device,{D0A2-V1XX57UD-0279IVTN},07/26/2010 14:16:02,PNL0301,PC-5611,Disconnect
device,{Y6O0-G9OT35LU-6686QORT},07/26/2010 14:26:29,PNL0301,PC-5611,Connect
device,{J7C2-O4YS85ER-3332ZNWR},07/26/2010 14:51:35,PNL0301,PC-5611,Disconnect
device,{P4R2-M5LU69JZ-5116LAPM},07/26/2010 15:56:20,PNL0301,PC-5611,Connect
device,{E8X0-R9PN08FK-4605VYWA},07/26/2010 16:37:06,PNL0301,PC-5611,Disconnect
device,{R4Y3-T5LB01DB-9606ONHW},07/26/2010 17:03:40,PNL0301,PC-5611,Connect
device,{L1A1-S7WN33QV-2859GMVO},07/26/2010 17:30:49,PNL0301,PC-5611,Disconnect
email,{R9W3-A4VN60WD-2819AARE},07/27/2010 15:16:04,PNL0301,PC-5611,Shannon.Chantale.Price@dtaa.com,,,Philip.Nathan.Logan@dtaa.com,34682,0,resign exit week interview letter letter key interview my opportunity opportunity key 2 2 position letter my 2 2 resignation notice exit 2 letter exit 2 interview 2 my my thanks thanks 2 2 week notice
device,{Y6E0-O4RA27JP-4185DJZL},07/29/2010 10:33:52,PNL0301,PC-5611,Connect
device,{P5W9-B9CK93TW-2393KFQW},07/29/2010 10:37:38,PNL0301,PC-5611,Disconnect
device,{W6N7-Q6WI26ZB-7067OCGP},07/29/2010 10:43:56,PNL0301,PC-5611,Connect
device,{D4L5-L2SE40RP-3822WTGP},07/29/2010 10:49:51,PNL0301,PC-5611,Disconnect
device,{H1X8-N1LM25VX-1506GKLL},07/29/2010 12:46:31,PNL0301,PC-5611,Connect
device,{J4Y3-E8DQ93YJ-4770RWPV},07/29/2010 12:53:28,PNL0301,PC-5611,Disconnect
device,{U3L7-J0KW46SB-9070PSPO},07/29/2010 13:10:07,PNL0301,PC-5611,Connect
device,{J2C7-C9QT57FP-6679UBAI},07/29/2010 13:11:15,PNL0301,PC-5611,Disconnect
device,{R5G5-M6CH30WS-0303JIGC},07/29/2010 13:14:58,PNL0301,PC-5611,Connect
device,{D8I6-A0AR05WV-8441RTQJ},07/29/2010 13:23:53,PNL0301,PC-5611,Disconnect
device,{P7C9-M3UZ04WF-7947QGHK},07/29/2010 15:53:08,PNL0301,PC-5611,Connect
device,{R9V4-U6GP90MF-1592TEVM},07/29/2010 15:59:15,PNL0301,PC-5611,Disconnect
device,{S2A5-H8ZR72CM-3691YWWA},07/29/2010 16:02:23,PNL0301,PC-5611,Connect
device,{S5A4-B5MQ74LR-3567BQNN},07/29/2010 16:05:05,PNL0301,PC-5611,Disconnect
device,{K7C5-E5IZ06XH-2168TYHF},07/29/2010 17:30:47,PNL0301,PC-5611,Connect
device,{W8T8-B9QH70SU-5713CNAS},07/29/2010 17:38:13,PNL0301,PC-5611,Disconnect
device,{I6H2-X3QQ16AM-8132AVVJ},07/29/2010 17:44:02,PNL0301,PC-5611,Connect
device,{E2O6-M4LW98EB-5536IPRU},07/29/2010 17:52:41,PNL0301,PC-5611,Disconnect
device,{L3K3-J9IS63UO-7212UIGV},08/03/2010 10:21:08,PNL0301,PC-5611,Connect
device,{F1T9-W3LN56QL-7197CEFB},08/03/2010 10:37:02,PNL0301,PC-5611,Disconnect
device,{X9D1-L6WL50AT-5414QMKZ},08/03/2010 11:35:58,PNL0301,PC-5611,Connect
device,{T3K9-M1AT44EQ-5999MSWG},08/03/2010 11:55:37,PNL0301,PC-5611,Disconnect
device,{D6T0-T8KW44IE-5506QDOV},08/03/2010 13:00:30,PNL0301,PC-5611,Connect
device,{H6X4-X5EY76MC-1930NFUL},08/03/2010 13:28:11,PNL0301,PC-5611,Disconnect
device,{J9J7-A5OZ40SE-0765KPXF},08/03/2010 15:11:31,PNL0301,PC-5611,Connect
device,{I4M5-A7BM75NV-7122NJGB},08/03/2010 15:44:25,PNL0301,PC-5611,Disconnect
device,{N0J3-S4HD26BD-1476RVBG},08/03/2010 15:50:47,PNL0301,PC-5611,Connect
device,{O9S9-S9ZL14YS-2419JBPL},08/03/2010 16:18:52,PNL0301,PC-5611,Disconnect
device,{T3C1-A4IG76UL-7417LVIX},08/03/2010 16:53:57,PNL0301,PC-5611,Connect
device,{J0V4-M0XN35MM-7345LKOK},08/03/2010 16:54:30,PNL0301,PC-5611,Disconnect
