http,{U1G9-C8MI49OS-5734PCUX},11/11/2010 07:01:17,DRR0162,PC-5168,http://craigslist.org/WboUhagvat1105403916.aspx,concepts degree years develop contribute degree salary self customer multiple skills dynamic people growth opening process responsibilities initiative process people responsibilities report report team recruiter multitask people equivalent multitask skills job responsibilities starter sales start initiative experience benefits initiative resume multitask multitask report degree
http,{U3K8-Q5MB44PI-7701JTWR},11/11/2010 10:14:43,DRR0162,PC-5168,http://aol.com/jobs/WboUhagvat1963819229.jsp,multitask job strong concepts experience expert contribute years benefits on-time technologies job salary growth experience develop team experience required dynamic skills salary multitask passion develop skills platform required equivalent concepts
http,{R7R2-J9XI32FZ-4682EFZR},11/11/2010 10:56:45,DRR0162,PC-5168,http://boeing.com/WboUhagvat1904327536.htm,technologies team starter hours skills experience report expert benefits permanent management initiative start experience responsibilities develop contribute management interface develop opening years experience opening skills skills contribute analyze team management passion contribute engineer passion opening interface strong equivalent multitask dynamic sales opening passion skills sales management people required resume
http,{C6B5-O2WX99PD-2807KCHU},11/11/2010 10:58:56,DRR0162,PC-5168,http://jobhuntersbible.com/WboUhagvat1258877042.aspx,develop responsibilities platform experience visual on-time experience technologies opening process required multiple dynamic technologies management resume permanent skills start job passion opening multitask strong starter experience passion expert self platform strong degree people equivalent responsibilities benefits years team report job job salary expert sales multiple part-time required
http,{U0D0-U3CV54BF-0357PRRL},11/12/2010 07:45:38,DRR0162,PC-5168,http://raytheon.com/WboUhagvat343187784.jsp,technologies team years contribute process required opening team technologies starter hours strong degree expert opening concepts engineer passion experience on-time years customer self starter multiple visual years guidance interface platform opening team responsibilities equivalent technologies concepts skills degree engineer guidance on-line multitask management multitask industry responsibilities compensation technologies on-time degree skills guidance contribute starter experience customer
http,{S4M7-K1PA71AB-5312ZIQC},11/12/2010 12:38:32,DRR0162,PC-5168,http://aol.com/jobs/WboUhagvat1963819229.jsp,resume passion compensation people start strong industry growth job strong team multitask opening interface people technologies process equivalent initiative skills dynamic multitask job responsibilities responsibilities expert permanent recruiter develop skills develop resume platform passion resume opening starter degree equivalent opening required opening passion engineer skills growth years platform experience part-time
http,{U1S3-S1SU66FZ-4961WUEF},11/12/2010 13:51:24,DRR0162,PC-5168,http://job-hunt.org/WboUhagvat919122234.html,start multitask multitask multitask passion on-time analyze experience people interface required people multitask benefits report guidance strong strong technologies industry concepts contribute required industry platform on-time job skills customer platform guidance develop benefits dynamic sales platform skills resume opening job required years opening report report concepts experience salary degree job degree multiple opening initiative required start skills dynamic report develop develop years
http,{E1U4-V3BA74YK-7019QGJT},11/12/2010 14:26:41,DRR0162,PC-5168,http://harris.com/WboUhagvat1919385663.htm,required resume contribute equivalent passion resume multiple technologies opening equivalent dynamic report responsibilities passion starter people multitask contribute sales responsibilities on-line passion multiple salary job experience technologies develop platform experience equivalent experience salary concepts platform responsibilities contribute team starter expert
http,{P0K0-Y7LO76YW-5571UVOL},11/12/2010 16:06:49,DRR0162,PC-5168,http://craigslist.org/WboUhagvat1105403916.aspx,multiple concepts compensation job resume responsibilities experience multiple skills permanent concepts people platform interface multiple interface concepts industry salary degree platform multiple multitask opening growth skills hours concepts experience industry on-time technologies sales
http,{N3D6-Y7WN42EX-5275HGHT},11/15/2010 07:19:55,DRR0162,PC-5168,http://monster.com/WboUhagvat1180707852.html,platform benefits salary multitask team degree starter resume sales growth benefits experience opening industry skills initiative contribute skills strong team interface years start skills required degree responsibilities analyze guidance guidance visual responsibilities technologies process contribute growth skills concepts technologies skills management growth permanent multitask guidance analyze multiple customer platform passion opening engineer years customer concepts years degree experience years degree skills customer resume experience years salary customer
http,{Q9H2-N7KV76HQ-6139XJGM},11/15/2010 07:25:31,DRR0162,PC-5168,http://lockheedmartin.com/WboUhagvat1636367808.htm,permanent benefits people permanent resume degree responsibilities passion interface develop growth contribute strong required benefits technologies technologies passion required people platform equivalent multitask equivalent benefits years resume skills platform opening degree process job opening degree start responsibilities required required management self permanent part-time part-time equivalent opening sales salary concepts sales expert customer strong resume years contribute interface initiative
http,{A3I7-F0UM66EK-6975XGVP},11/15/2010 08:37:30,DRR0162,PC-5168,http://monster.com/WboUhagvat1180707852.html,required years visual customer start contribute engineer start benefits technologies job equivalent skills responsibilities resume skills years passion platform equivalent report contribute growth team years permanent concepts opening compensation passion team interface customer equivalent starter customer responsibilities responsibilities team experience years
http,{N7I1-C2NC24NL-8949OOKK},11/15/2010 08:48:35,DRR0162,PC-5168,http://raytheon.com/WboUhagvat343187784.jsp,years multitask equivalent part-time job process industry experience customer multitask multiple degree growth required job management experience on-time degree years concepts technologies interface contribute expert platform start sales develop initiative industry concepts dynamic multiple part-time responsibilities platform contribute hours years multiple platform industry passion report customer analyze opening sales people passion hours self years contribute responsibilities job passion growth permanent job hours years hours industry industry expert develop initiative passion job sales
http,{B2A8-Z7SH62PL-4895QQCX},11/15/2010 13:02:37,DRR0162,PC-5168,http://craigslist.org/WboUhagvat1105403916.aspx,experience responsibilities dynamic industry benefits job degree opening part-time responsibilities multiple sales experience guidance experience responsibilities concepts growth equivalent permanent industry permanent industry responsibilities benefits years responsibilities responsibilities resume management sales start passion on-line management interface initiative required degree growth equivalent team job equivalent interface experience degree initiative interface sales
http,{O8T9-N3LJ33LG-3358YLVZ},11/15/2010 13:07:28,DRR0162,PC-5168,http://boeing.com/WboUhagvat1904327536.htm,years experience resume start salary initiative passion multitask multitask responsibilities degree experience develop start interface customer equivalent dynamic experience concepts multiple team growth contribute experience hours platform job responsibilities resume technologies responsibilities experience passion multitask resume required technologies years responsibilities interface
http,{G0Q7-M1GE43FX-5401KVWK},11/15/2010 13:38:05,DRR0162,PC-5168,http://jobhuntersbible.com/WboUhagvat1258877042.aspx,job process opening expert opening part-time technologies team resume opening multitask required resume growth growth management contribute dynamic required analyze degree degree years guidance required platform years on-time permanent strong permanent platform benefits required sales responsibilities resume recruiter platform guidance degree team technologies passion platform team
http,{M3H6-J0HB12QA-4678HAOC},11/15/2010 13:43:44,DRR0162,PC-5168,http://jobhuntersbible.com/WboUhagvat1258877042.aspx,benefits visual process skills contribute develop dynamic management sales industry required people contribute strong develop responsibilities develop contribute required self industry develop job equivalent sales years required process skills strong years opening permanent responsibilities skills initiative growth passion years degree strong interface required experience degree experience compensation equivalent concepts customer
http,{E2B1-U5AF25XC-4770ZFHR},11/15/2010 15:03:57,DRR0162,PC-5168,http://harris.com/WboUhagvat1919385663.htm,years starter years customer growth interface degree hours starter develop report develop analyze guidance resume people resume multiple years years self industry experience concepts start responsibilities degree industry management passion concepts customer people skills contribute years start responsibilities resume responsibilities required growth benefits sales platform industry years
http,{S2H4-C6NK97SU-8781LVZD},11/15/2010 15:44:19,DRR0162,PC-5168,http://indeed.com/WboUhagvat1680703797.html,interface growth multitask customer years customer develop growth self team industry customer responsibilities develop engineer degree engineer analyze dynamic resume industry strong hours job concepts benefits required industry start resume years guidance multiple job multitask team customer opening customer required benefits required interface customer resume industry compensation develop
http,{F3J9-W5JP19LO-3572FEBN},11/16/2010 07:03:51,DRR0162,PC-5168,http://simplyhired.com/WboUhagvat57469130.jsp,part-time industry experience equivalent develop equivalent equivalent team guidance hours growth permanent benefits contribute customer guidance starter skills team develop job resume sales people team call years process skills contribute team opening customer responsibilities resume management degree concepts multitask skills initiative interface expert customer
http,{K0X6-O0XM34QC-5473VQJC},11/16/2010 07:05:24,DRR0162,PC-5168,http://simplyhired.com/WboUhagvat57469130.jsp,start industry skills multiple guidance multitask team degree degree management sales required required starter start people benefits job start management skills guidance industry strong guidance contribute years initiative resume sales dynamic industry management people job interface team
email,{W8B1-Q0CY84JU-2851JCHL},11/16/2010 08:00:34,DRR0162,PC-5168,GKP3@northropgrumman.com,Dante.Raja.Roberts@dtaa.com,,Dante.Raja.Roberts@dtaa.com,30106,0,management skills resume expert multiple recruiter engineer job people salary opening initiative analyze permanent report growth industry hours on-time interface engineer develop multiple platform on-line responsibilities dynamic resume required opening hours sales years platform years dynamic strong skills industry analyze guidance compensation growth compensation degree team customer multitask equivalent expert
http,{O9H0-I6GR61US-0714KCXP},11/16/2010 08:08:44,DRR0162,PC-5168,http://careerbuilder.com/WboUhagvat660170997.htm,sales customer start concepts required multitask on-time degree initiative degree multitask concepts multiple dynamic on-time benefits on-time management multitask management technologies analyze industry experience visual management resume required concepts experience contribute required start responsibilities process people benefits contribute analyze analyze benefits technologies interface develop job required interface opening analyze passion develop team years salary process develop expert concepts concepts multitask platform required degree compensation skills
http,{Z1A6-W7ZF13IS-3287IGPX},11/16/2010 08:58:10,DRR0162,PC-5168,http://harris.com/WboUhagvat1919385663.htm,develop develop multiple benefits skills degree responsibilities contribute multiple resume permanent interface benefits equivalent team dynamic resume contribute benefits industry strong team guidance industry experience experience experience growth multiple multiple sales people skills concepts develop
http,{W4Y3-O9FL06RZ-5245UVLG},11/16/2010 11:16:40,DRR0162,PC-5168,http://yahoo.com/hotjobs/WboUhagvat752138490.php,growth develop concepts job benefits resume start required dynamic report dynamic experience years guidance industry industry start experience degree expert on-line technologies skills resume strong degree customer strong part-time start experience process responsibilities process experience skills industry multiple concepts job years concepts opening benefits resume management starter start sales required benefits technologies sales industry guidance process responsibilities self
http,{G4Z9-O6BL30TU-0167OTNN},11/16/2010 13:14:16,DRR0162,PC-5168,http://careerbuilder.com/WboUhagvat660170997.htm,engineer initiative platform resume team permanent multitask multitask customer visual multiple industry resume experience skills report process resume platform team dynamic contribute part-time compensation years benefits relocation initiative growth develop visual multitask benefits resume sales customer on-line contribute
http,{N0R2-H2KD34AS-4397KDAR},11/16/2010 13:28:33,DRR0162,PC-5168,http://northropgrumman.com/WboUhagvat572113271.aspx,responsibilities start visual opening experience required industry multiple platform permanent self skills sales starter contribute permanent multitask
http,{S3D2-H0XL56IK-6447WEDS},11/16/2010 14:04:58,DRR0162,PC-5168,http://simplyhired.com/WboUhagvat57469130.jsp,skills concepts benefits initiative industry salary required experience develop on-time required expert resume engineer report customer people initiative people responsibilities salary initiative years customer opening multitask equivalent required management multiple process years opening required skills required growth multitask permanent degree skills team skills analyze passion responsibilities required degree degree opening responsibilities opening required technologies team people customer contribute part-time benefits resume years benefits
http,{H9R2-K9QJ59RD-5240NRZE},11/16/2010 15:08:15,DRR0162,PC-5168,http://raytheon.com/WboUhagvat343187784.jsp,platform years industry required resume growth years interface resume develop contribute on-time develop multitask years years degree guidance opening concepts strong sales recruiter resume platform start management permanent technologies recruiter management customer skills required sales initiative recruiter experience multitask skills required growth job sales people multiple engineer required people multiple concepts industry
http,{H7M2-R9PM35AB-3615ZYVD},11/16/2010 15:10:24,DRR0162,PC-5168,http://northropgrumman.com/WboUhagvat572113271.aspx,sales contribute start platform equivalent interface engineer resume report concepts multitask multitask years sales interface guidance experience strong degree concepts self resume multitask dynamic industry start contribute skills customer industry platform
email,{U9X7-I4VP32IZ-9738ZKDS},11/16/2010 15:40:04,DRR0162,PC-5168,GKP3@northropgrumman.com,,Dante.Raja.Roberts@dtaa.com,Dante.Raja.Roberts@dtaa.com,33221,0,equivalent permanent permanent strong develop develop starter opening people required management start develop process team report years contribute dynamic concepts initiative experience develop resume years people starter multitask dynamic required on-time
http,{H5X4-F2IX91FI-2027UYNZ},11/17/2010 08:11:04,DRR0162,PC-5168,http://linkedin.com/WboUhagvat1479839504.aspx,equivalent on-line salary growth platform starter compensation contribute equivalent on-time industry growth on-line report permanent benefits degree dynamic concepts years platform multiple starter initiative benefits people customer degree years degree technologies initiative benefits job
http,{M7A3-X2NS73HX-6040VSZE},11/17/2010 14:07:23,DRR0162,PC-5168,http://careerbuilder.com/WboUhagvat660170997.htm,degree responsibilities skills job dynamic growth platform process job opening skills starter multitask technologies permanent interface contribute interface responsibilities equivalent team job job skills benefits part-time management permanent team degree responsibilities industry starter degree resume responsibilities team skills sales equivalent technologies sales on-time equivalent develop interface job part-time resume strong
http,{K2U1-I3UT20SE-5928ZUCY},11/18/2010 08:33:09,DRR0162,PC-5168,http://careerbuilder.com/WboUhagvat660170997.htm,management growth concepts on-time on-line expert start on-line equivalent platform responsibilities required required people platform team opening dynamic dynamic opening people growth management benefits customer concepts degree on-time experience benefits benefits years customer multiple growth report platform analyze initiative benefits guidance recruiter benefits strong sales team experience interface
http,{T5G6-B8MU43SS-1960SZVO},11/18/2010 10:24:54,DRR0162,PC-5168,http://indeed.com/WboUhagvat1680703797.html,industry start process degree technologies management visual team technologies contribute multitask skills passion management interface benefits guidance hours responsibilities multitask guidance initiative contribute job degree technologies recruiter salary strong people strong required start team develop team opening customer team dynamic self contribute team self starter responsibilities visual growth
http,{R9H7-J9LH74PJ-2313BYJK},11/18/2010 10:25:57,DRR0162,PC-5168,http://aol.com/jobs/WboUhagvat1963819229.jsp,experience growth strong dynamic responsibilities guidance starter salary responsibilities starter responsibilities multiple degree growth contribute platform passion experience resume dynamic industry skills develop years process equivalent sales years start team degree customer platform people concepts technologies analyze growth people contribute equivalent self guidance job people benefits guidance strong interface degree
http,{U6E2-P5SR82XN-1296KWMQ},11/18/2010 13:21:55,DRR0162,PC-5168,http://aol.com/jobs/WboUhagvat1963819229.jsp,platform part-time experience concepts report interface benefits experience report people skills initiative skills permanent guidance equivalent industry growth multiple start on-time salary equivalent skills customer develop sales degree salary platform process years
http,{S0I4-N7IH44OW-4668SCST},11/18/2010 14:47:08,DRR0162,PC-5168,http://careerbuilder.com/WboUhagvat660170997.htm,start engineer develop skills customer degree job analyze platform required people initiative platform on-line experience management part-time salary multitask responsibilities compensation multitask resume starter start industry people resume required contribute initiative initiative degree equivalent report degree multiple permanent platform platform required growth compensation degree
http,{S7I5-C8FY49XG-2747OGBT},11/19/2010 12:38:53,DRR0162,PC-5168,http://simplyhired.com/WboUhagvat57469130.jsp,technologies customer contribute team team platform skills dynamic dynamic resume analyze team sales permanent multiple years analyze permanent responsibilities dynamic multiple years responsibilities starter initiative degree years passion job growth passion customer contribute initiative expert required dynamic passion hours required resume strong management report
http,{L1Q5-B7SE66DS-5360WFEF},11/22/2010 09:16:15,DRR0162,PC-5168,http://yahoo.com/hotjobs/WboUhagvat752138490.php,years experience permanent job experience team interface resume sales job dynamic hours resume analyze technologies opening management people resume develop relocation responsibilities report required opening self visual years resume degree management opening guidance recruiter industry responsibilities required industry contribute responsibilities benefits degree on-line resume concepts growth multitask on-time equivalent customer people dynamic strong equivalent expert
email,{P9H4-B4EZ57BQ-6792MJLP},11/22/2010 11:14:24,DRR0162,PC-5168,GKP3@northropgrumman.com,,Dante.Raja.Roberts@dtaa.com,Dante.Raja.Roberts@dtaa.com,25284,0,technologies equivalent required growth skills people resume people technologies benefits strong degree responsibilities dynamic platform sales benefits people degree growth report strong team equivalent degree skills team multiple management job multiple equivalent interface responsibilities compensation resume customer responsibilities team report part-time interface growth on-time years guidance required technologies dynamic contribute contribute passion years passion hours salary technologies report team
http,{D0T1-N5YI98NF-5444NODX},11/23/2010 08:26:59,DRR0162,PC-5168,http://simplyhired.com/WboUhagvat57469130.jsp,analyze dynamic degree growth compensation analyze opening industry team contribute resume dynamic experience management industry multitask dynamic team customer dynamic concepts skills years process equivalent technologies dynamic report strong required customer opening customer contribute opening sales initiative resume passion visual team management process people people visual start growth
http,{O4G8-B7TH14TT-7609TUJJ},11/23/2010 11:57:29,DRR0162,PC-5168,http://jobhuntersbible.com/WboUhagvat1258877042.aspx,opening analyze report guidance report customer required experience responsibilities initiative sales initiative analyze industry expert report multiple equivalent contribute develop multitask multiple people multitask platform interface passion concepts compensation management opening resume responsibilities guidance growth
http,{L5G2-X3YN99DL-8640RIWC},11/24/2010 08:46:13,DRR0162,PC-5168,http://jobhuntersbible.com/WboUhagvat1258877042.aspx,people analyze required sales dynamic resume people people years platform strong skills equivalent degree visual visual permanent start growth opening required benefits passion part-time strong degree hours expert skills team multitask sales on-time responsibilities team industry dynamic on-line permanent required self contribute management
email,{R9M5-W6SB54CX-6077BKXS},11/24/2010 09:39:09,DRR0162,PC-5168,GKP3@northropgrumman.com,Dante.Raja.Roberts@dtaa.com,,Dante.Raja.Roberts@dtaa.com,51820,3,team job concepts opening engineer salary management skills compensation platform develop experience report customer experience initiative resume team interface industry initiative platform contribute relocation expert salary responsibilities customer guidance technologies guidance industry customer on-time recruiter management multiple interface strong concepts start on-time strong initiative benefits equivalent technologies dynamic technologies industry process on-time responsibilities team opening interface engineer start experience team
http,{Z2H9-M4NL34WX-8279TGDR},11/24/2010 09:55:54,DRR0162,PC-5168,http://raytheon.com/WboUhagvat343187784.jsp,equivalent on-line compensation opening compensation contribute passion customer equivalent opening expert multitask resume experience resume required skills process report starter multitask interface sales analyze required initiative years benefits degree sales growth multitask opening multitask report responsibilities people platform contribute benefits concepts process on-time experience part-time interface resume management technologies years
email,{P7T6-Y3AZ85NP-7707SRWQ},11/24/2010 10:49:48,DRR0162,PC-5168,GKP3@northropgrumman.com,Dante.Raja.Roberts@dtaa.com,,Dante.Raja.Roberts@dtaa.com,23474,0,equivalent platform multitask process sales platform visual sales management experience report years sales resume required strong analyze relocation skills guidance growth multitask platform multitask start skills opening experience industry people responsibilities report benefits skills permanent skills industry industry analyze permanent interface benefits start years multitask resume interface hours required resume part-time platform
http,{L0P1-I8FT07OB-4680ZGSS},11/24/2010 11:40:11,DRR0162,PC-5168,http://linkedin.com/WboUhagvat1479839504.aspx,people customer engineer salary growth contribute management multiple industry hours self resume concepts platform responsibilities skills experience required required degree initiative job responsibilities strong process contribute years customer start permanent degree concepts permanent part-time skills multitask experience technologies responsibilities concepts skills experience strong experience skills hours guidance management growth
http,{C7S8-N9JW71VP-2526KJOI},11/24/2010 12:33:03,DRR0162,PC-5168,http://yahoo.com/hotjobs/WboUhagvat752138490.php,process people experience required equivalent people on-line contribute years develop job skills experience contribute industry start management passion strong contribute initiative on-line job permanent sales growth opening concepts guidance
http,{Y0Z3-S0OI08MJ-5015VBHX},11/24/2010 13:05:09,DRR0162,PC-5168,http://northropgrumman.com/WboUhagvat572113271.aspx,team on-time job develop expert degree on-line degree equivalent management start people team job skills interface skills dynamic resume start salary develop contribute start experience start starter benefits degree management management people industry customer growth permanent job interface
http,{L7V0-G4HF25TM-6038HYIE},11/24/2010 13:29:10,DRR0162,PC-5168,http://raytheon.com/WboUhagvat343187784.jsp,permanent team multitask experience years industry compensation management required experience sales customer management analyze multitask technologies skills experience required platform initiative years develop part-time guidance experience permanent contribute resume experience call initiative report skills develop opening required customer contribute multiple passion contribute team concepts experience contribute report degree equivalent on-line start
http,{T2X1-A6WC44JV-9066MFLX},11/24/2010 13:32:21,DRR0162,PC-5168,http://linkedin.com/WboUhagvat1479839504.aspx,strong expert multitask guidance salary strong team process concepts contribute develop skills team permanent responsibilities skills experience sales contribute opening industry years experience resume dynamic multitask sales team experience initiative compensation skills strong job degree guidance initiative required multiple analyze platform permanent process responsibilities concepts degree responsibilities degree technologies
http,{N4J9-A7IX04DU-7104IQYL},11/24/2010 15:49:13,DRR0162,PC-5168,http://monster.com/WboUhagvat1180707852.html,salary report job contribute required permanent interface start required multiple sales visual on-time degree resume years customer skills analyze expert develop platform management years develop team multiple opening years strong degree industry concepts strong strong self hours opening concepts team responsibilities permanent responsibilities management skills industry skills opening contribute contribute
http,{K4W0-Z6CU47ZH-2910FPAB},11/24/2010 16:10:57,DRR0162,PC-5168,http://hp.com/WboUhagvat1944152218.jsp,process years expert growth resume expert growth multitask equivalent analyze interface required growth customer technologies benefits opening permanent platform technologies dynamic process multiple experience concepts required multitask permanent start benefits dynamic growth growth expert guidance permanent passion self people degree resume platform expert sales expert expert multiple years required required opening expert start technologies job job concepts growth
http,{Z0R6-G0TQ38WI-2154NUYP},11/24/2010 16:13:10,DRR0162,PC-5168,http://linkedin.com/WboUhagvat1479839504.aspx,analyze initiative starter self initiative strong develop interface on-line growth degree platform passion required required contribute initiative growth strong multitask degree concepts resume visual customer benefits initiative report growth job skills team people required opening responsibilities visual strong degree salary industry people permanent multitask passion passion team people experience develop permanent develop strong interface equivalent responsibilities passion years degree opening
http,{F6T1-G7DU94OE-5561HFNK},11/29/2010 07:53:40,DRR0162,PC-5168,http://hp.com/WboUhagvat1944152218.jsp,resume self sales develop opening engineer strong industry job people opening on-line concepts management growth growth report required team report initiative team skills initiative multiple develop degree resume people starter self years strong responsibilities technologies team job
http,{W4Z1-A2KG66QM-4977XJBB},11/29/2010 08:21:59,DRR0162,PC-5168,http://monster.com/WboUhagvat1180707852.html,benefits multitask passion responsibilities responsibilities resume contribute concepts growth initiative customer multitask contribute degree technologies initiative interface strong experience start opening equivalent engineer sales develop technologies technologies passion concepts dynamic initiative dynamic resume multitask team multitask contribute team strong required on-line years technologies dynamic platform recruiter
http,{U9Y3-G3GR43YN-3023BJIR},11/29/2010 08:35:56,DRR0162,PC-5168,http://careerbuilder.com/WboUhagvat660170997.htm,contribute permanent expert responsibilities equivalent multiple responsibilities report contribute on-time contribute growth multiple guidance customer growth interface job job people concepts contribute starter resume on-time resume sales platform sales interface benefits resume report recruiter experience initiative guidance platform strong strong self resume management responsibilities
http,{R4V4-M8ST24IO-2189JRPH},11/29/2010 14:20:26,DRR0162,PC-5168,http://raytheon.com/WboUhagvat343187784.jsp,on-line platform team permanent starter job salary salary degree sales people start passion permanent job resume permanent sales people dynamic concepts strong industry resume degree industry develop opening strong platform opening job years industry skills sales equivalent sales years benefits people contribute develop permanent experience responsibilities required strong initiative customer years
http,{L6U0-J0BY17PO-0601NOJQ},11/29/2010 16:09:35,DRR0162,PC-5168,http://harris.com/WboUhagvat1919385663.htm,analyze process opening resume guidance initiative guidance expert concepts hours required self opening experience industry sales call contribute platform responsibilities multitask concepts industry interface contribute team resume multitask on-time call opening strong required start interface degree dynamic experience interface dynamic experience hours salary dynamic years interface contribute contribute team initiative resume resume self concepts
email,{L0Q4-A7PF99UW-6130JBPB},11/30/2010 10:25:50,DRR0162,PC-5168,GKP3@northropgrumman.com,Dante.Raja.Roberts@dtaa.com,,Dante.Raja.Roberts@dtaa.com,38890,0,concepts skills sales dynamic job multitask resume recruiter required relocation sales responsibilities platform team job passion starter relocation on-time growth management analyze permanent degree interface job opening develop responsibilities permanent job expert concepts interface growth years management passion concepts team management responsibilities customer years passion years industry sales passion technologies industry industry equivalent job technologies dynamic guidance process
http,{X4Q0-N2NX69JF-4879PLNU},11/30/2010 14:47:45,DRR0162,PC-5168,http://monster.com/WboUhagvat1180707852.html,people analyze contribute technologies experience management platform required platform develop team job industry benefits permanent multiple permanent benefits responsibilities people responsibilities skills salary management equivalent sales multitask sales process analyze analyze initiative concepts industry permanent resume visual job interface dynamic degree required contribute
http,{P7I8-Y4FA84RS-3055SYSJ},12/01/2010 08:04:18,DRR0162,PC-5168,http://craigslist.org/WboUhagvat1105403916.aspx,contribute report engineer sales platform strong responsibilities team report customer report contribute salary guidance benefits required people growth multiple sales degree experience people skills contribute sales degree initiative experience part-time sales years concepts multitask required compensation required
email,{P6T3-H6GK60RM-0632IFPY},12/01/2010 10:22:37,DRR0162,PC-5168,GKP3@northropgrumman.com,Dante.Raja.Roberts@dtaa.com,,Dante.Raja.Roberts@dtaa.com,25175,1,permanent management industry concepts expert start dynamic required experience industry degree equivalent growth equivalent compensation required experience team growth benefits experience sales expert team initiative multitask dynamic report contribute develop expert guidance years job process develop contribute required interface team opening skills management skills on-time sales platform
http,{V2Y4-P4LF38DS-8553IUFH},12/01/2010 10:23:57,DRR0162,PC-5168,http://boeing.com/WboUhagvat1904327536.htm,process concepts responsibilities technologies self interface resume develop guidance resume part-time expert required start concepts years responsibilities opening permanent analyze degree years interface customer management responsibilities self growth experience experience develop salary equivalent opening develop hours develop
http,{U5T5-B2AO35VS-7348QSUJ},12/01/2010 10:31:11,DRR0162,PC-5168,http://boeing.com/WboUhagvat1904327536.htm,engineer opening required growth strong resume passion interface passion develop experience platform multiple permanent technologies analyze years opening people required multitask required management process team skills report team on-time multiple industry team degree passion multiple industry technologies required equivalent on-line contribute degree technologies team expert concepts concepts industry expert opening start concepts start team experience strong
http,{D0P1-J9GE76TO-5471UUJZ},12/01/2010 11:03:05,DRR0162,PC-5168,http://craigslist.org/WboUhagvat1105403916.aspx,responsibilities concepts interface dynamic starter multitask interface concepts required on-time compensation on-time growth salary management management customer growth concepts dynamic sales guidance resume passion resume dynamic guidance permanent compensation opening benefits develop customer strong management job concepts management equivalent strong multitask multiple management multitask contribute management multitask
http,{X9R1-M4JP42ZH-1879XDNK},12/01/2010 11:18:05,DRR0162,PC-5168,http://job-hunt.org/WboUhagvat919122234.html,required customer passion expert equivalent start responsibilities strong compensation team dynamic passion required permanent resume expert multitask salary hours job technologies technologies management platform on-line permanent opening expert initiative sales technologies develop multitask concepts experience skills people passion multitask required strong degree
http,{N8I4-I6NZ89EW-9472FHVH},12/01/2010 11:46:28,DRR0162,PC-5168,http://raytheon.com/WboUhagvat343187784.jsp,dynamic opening salary required management part-time growth passion analyze job years job multiple benefits passion dynamic degree resume management guidance strong job management platform engineer multitask required strong people concepts required experience people skills growth technologies self recruiter process team experience team multitask analyze initiative growth passion contribute on-time technologies guidance
http,{P1Y8-Y4PD55ZN-7613YUIF},12/01/2010 12:57:38,DRR0162,PC-5168,http://raytheon.com/WboUhagvat343187784.jsp,management visual degree sales team years experience sales years years responsibilities passion people industry start required required passion on-line passion skills visual multitask industry industry team passion required customer guidance customer degree multitask salary hours dynamic equivalent multitask equivalent experience platform
email,{H2U4-O7BS96DV-7809NUTS},12/01/2010 15:27:38,DRR0162,PC-5168,GKP3@northropgrumman.com,,Dante.Raja.Roberts@dtaa.com,Dante.Raja.Roberts@dtaa.com,20361,0,platform customer people responsibilities experience degree equivalent management technologies engineer industry resume visual develop required opening resume technologies customer job self skills permanent responsibilities guidance concepts skills years initiative multiple skills management interface years concepts passion years guidance experience on-time industry degree develop passion responsibilities start multiple concepts initiative dynamic benefits required contribute experience multiple
http,{S3D1-U0LV26RR-1785FCMU},12/01/2010 16:08:37,DRR0162,PC-5168,http://indeed.com/WboUhagvat1680703797.html,years platform team management multitask customer report analyze report strong technologies customer required contribute report platform experience benefits skills strong equivalent resume starter multiple degree guidance visual job job multitask benefits people develop concepts opening call permanent contribute resume platform develop concepts resume multiple
http,{S1Y7-L3FU92ON-8092RXPV},12/02/2010 07:43:24,DRR0162,PC-5168,http://aol.com/jobs/WboUhagvat1963819229.jsp,technologies equivalent sales contribute technologies visual passion passion permanent report growth degree on-time industry management interface customer growth strong on-time develop compensation expert industry required passion salary report growth skills multiple customer contribute years technologies required dynamic sales resume process concepts salary customer growth engineer platform
http,{B2G5-T6OA94IM-8545UEIB},12/02/2010 09:25:11,DRR0162,PC-5168,http://careerbuilder.com/WboUhagvat660170997.htm,develop responsibilities required team initiative years customer on-time management industry experience develop degree team engineer contribute concepts equivalent recruiter growth compensation develop report benefits required expert management multiple degree resume strong team responsibilities job years starter
http,{C9M5-J7LR41FE-0980SUPX},12/02/2010 09:59:50,DRR0162,PC-5168,http://careerbuilder.com/WboUhagvat660170997.htm,expert report multitask passion management people visual multitask industry equivalent multitask skills skills passion growth sales job passion equivalent report dynamic develop call multitask people growth platform recruiter concepts job passion dynamic multitask sales responsibilities recruiter required required years team sales experience customer management on-time management passion concepts skills people resume
http,{A3I4-V6CT07GG-2808TBTU},12/02/2010 10:29:12,DRR0162,PC-5168,http://aol.com/jobs/WboUhagvat1963819229.jsp,required benefits job industry contribute interface contribute report passion dynamic contribute on-time people resume experience multitask people job growth growth concepts part-time technologies platform passion years analyze platform passion degree equivalent passion team resume
http,{Z9R8-J8GE39XP-7717OXST},12/02/2010 10:50:41,DRR0162,PC-5168,http://indeed.com/WboUhagvat1680703797.html,passion job platform skills required opening opening years interface responsibilities team initiative technologies starter experience benefits industry responsibilities visual degree customer people skills skills part-time compensation passion self relocation contribute call resume growth job growth multitask management contribute team analyze visual responsibilities required management analyze job analyze concepts skills degree people resume starter years degree
http,{Y5U3-G6YO72CL-5818JEDP},12/02/2010 11:44:01,DRR0162,PC-5168,http://lockheedmartin.com/WboUhagvat1636367808.htm,skills degree contribute hours passion contribute contribute resume experience skills equivalent contribute years contribute benefits develop hours passion years dynamic experience equivalent multitask equivalent job customer experience degree technologies job responsibilities team job initiative start industry team
http,{I1A9-U1WV88ZS-8387HFYQ},12/02/2010 12:23:31,DRR0162,PC-5168,http://harris.com/WboUhagvat1919385663.htm,team resume develop develop platform technologies team platform skills compensation guidance resume expert experience develop concepts team growth platform start resume multitask customer interface management analyze team hours multitask sales multitask benefits required report required technologies contribute job years responsibilities develop team concepts job platform passion permanent resume industry resume industry concepts management engineer permanent required
http,{Y1E1-C1OH47UA-6731NAVE},12/02/2010 12:39:04,DRR0162,PC-5168,http://hp.com/WboUhagvat1944152218.jsp,team dynamic skills team multiple hours responsibilities on-time multiple resume dynamic people equivalent team process degree develop platform job part-time contribute multiple develop degree multiple concepts opening experience benefits experience team industry years years skills salary years degree start equivalent responsibilities guidance develop team hours sales technologies team platform skills initiative strong dynamic permanent technologies multitask technologies required salary
http,{K4U7-X1QV62GH-0863OXCN},12/02/2010 15:00:35,DRR0162,PC-5168,http://northropgrumman.com/WboUhagvat572113271.aspx,compensation degree technologies skills multiple years concepts equivalent management skills multiple job required technologies expert salary contribute benefits experience growth visual management compensation years equivalent concepts multitask interface passion guidance platform experience salary start equivalent required required part-time permanent multitask strong technologies years customer contribute expert process hours
email,{Q1W0-V7RC87AZ-9962UHAU},12/03/2010 09:55:24,DRR0162,PC-5168,GKP3@northropgrumman.com,,Dante.Raja.Roberts@dtaa.com,Dante.Raja.Roberts@dtaa.com,32086,0,management degree sales benefits benefits report salary sales start concepts process on-time compensation degree compensation expert opening management start responsibilities multitask industry responsibilities dynamic benefits contribute customer interface team required permanent multitask equivalent on-time platform dynamic people guidance multitask expert on-time years team contribute
http,{T8M1-Y4PI34KB-3857PKSK},12/03/2010 12:27:11,DRR0162,PC-5168,http://jobhuntersbible.com/WboUhagvat1258877042.aspx,multitask job industry on-time sales passion report responsibilities required strong concepts technologies years recruiter permanent contribute responsibilities people team opening customer required dynamic growth multiple resume platform growth dynamic experience initiative required years technologies required skills develop equivalent process skills strong compensation required responsibilities guidance concepts platform responsibilities engineer interface experience benefits on-time multitask opening
http,{I0P6-B2JE61HS-2512KQJW},12/03/2010 15:11:39,DRR0162,PC-5168,http://boeing.com/WboUhagvat1904327536.htm,interface multiple skills opening report growth team start team degree start salary compensation years team strong self permanent years skills contribute degree skills benefits opening industry benefits concepts skills resume team job customer interface guidance required opening skills people multitask contribute customer technologies degree experience degree analyze interface initiative initiative
email,{Z6R2-X6KG80EB-1357OFXA},12/03/2010 15:31:43,DRR0162,PC-5168,GKP3@northropgrumman.com,,Dante.Raja.Roberts@dtaa.com,Dante.Raja.Roberts@dtaa.com,37126,0,job analyze resume years hours degree multiple responsibilities sales report concepts analyze hours growth equivalent platform responsibilities visual contribute permanent job expert passion contribute multitask salary equivalent job passion passion part-time compensation management visual job people technologies process guidance equivalent growth platform contribute equivalent
http,{U5G3-J8WJ72CP-6923POOW},12/06/2010 09:40:48,DRR0162,PC-5168,http://northropgrumman.com/WboUhagvat572113271.aspx,contribute customer initiative sales multiple multitask concepts resume job initiative multiple job management required contribute team platform on-time equivalent guidance management skills experience management contribute develop benefits benefits resume relocation platform experience guidance customer process people interface degree call multitask people experience self initiative initiative skills passion passion years analyze contribute guidance expert equivalent
http,{U8Z0-B1BP95SV-3181EWSN},12/06/2010 10:29:27,DRR0162,PC-5168,http://craigslist.org/WboUhagvat1105403916.aspx,degree management analyze analyze required on-time compensation multiple required start relocation required engineer contribute industry equivalent skills equivalent growth experience multitask multitask required opening report customer equivalent technologies customer multiple experience sales platform resume initiative passion concepts concepts compensation years people develop platform starter guidance expert resume initiative opening multiple required multiple resume multiple
email,{J7C7-V0MR32NQ-4578MTQA},12/06/2010 11:47:26,DRR0162,PC-5168,GKP3@northropgrumman.com,,Dante.Raja.Roberts@dtaa.com,Dante.Raja.Roberts@dtaa.com,30710,0,required years years required years platform industry resume analyze skills multiple salary growth engineer interface platform salary technologies experience sales benefits years required sales responsibilities years benefits sales dynamic on-time guidance years start multiple required initiative years years management
http,{Z6O3-P3NW38PK-6071ZCAA},12/06/2010 12:17:32,DRR0162,PC-5168,http://job-hunt.org/WboUhagvat919122234.html,experience multitask multiple experience engineer hours compensation start report opening platform compensation passion equivalent job start report dynamic contribute relocation team concepts start benefits responsibilities start resume concepts degree skills interface guidance strong management job passion permanent years strong required management visual sales years responsibilities permanent responsibilities passion team experience
http,{X3A1-H2DL96FZ-3190LXJV},12/06/2010 13:02:42,DRR0162,PC-5168,http://linkedin.com/WboUhagvat1479839504.aspx,passion platform sales skills multiple process dynamic people skills initiative growth opening equivalent years customer analyze on-time opening management job people contribute degree guidance multitask develop years sales team visual management skills compensation multiple equivalent team people management experience develop concepts years guidance multitask required opening on-time strong job strong expert
email,{O8E9-V4RD70NC-9504MYNT},12/06/2010 13:39:23,DRR0162,PC-5168,GKP3@northropgrumman.com,Dante.Raja.Roberts@dtaa.com,,Dante.Raja.Roberts@dtaa.com,19526,0,platform platform compensation management experience growth multiple sales benefits initiative salary multiple starter strong responsibilities multitask permanent sales contribute degree start team years people degree customer skills contribute platform on-time job multiple multitask opening customer self strong visual skills responsibilities analyze report responsibilities resume equivalent permanent passion resume years strong sales resume experience salary contribute opening contribute skills sales customer develop technologies
http,{H8A7-Y0SK63QY-7997VOKN},12/06/2010 14:13:24,DRR0162,PC-5168,http://hp.com/WboUhagvat1944152218.jsp,customer growth degree interface required customer job contribute compensation salary opening resume degree team equivalent compensation experience on-time salary salary platform equivalent sales team strong resume skills degree multiple passion concepts interface industry benefits self multiple required sales hours responsibilities opening experience equivalent degree compensation report years report team skills dynamic visual compensation concepts growth passion growth develop job visual degree benefits industry
email,{X4Y4-B8DU88KB-0416PSBX},12/06/2010 14:30:05,DRR0162,PC-5168,GKP3@northropgrumman.com,,Dante.Raja.Roberts@dtaa.com,Dante.Raja.Roberts@dtaa.com,38503,1,skills platform report equivalent guidance required strong dynamic multitask team call growth years management benefits opening develop growth technologies experience develop people degree resume years develop management degree job customer interface opening responsibilities required opening multitask management job required interface report technologies responsibilities salary dynamic concepts skills on-time guidance multitask
http,{B3Z2-Y3SI72XO-0208FWYA},12/07/2010 08:28:05,DRR0162,PC-5168,http://lockheedmartin.com/WboUhagvat1636367808.htm,resume platform opening opening expert job guidance contribute growth skills skills on-time skills required report dynamic resume visual interface interface multiple develop on-line experience benefits job platform skills develop start strong starter contribute strong industry contribute start salary develop required experience equivalent guidance experience dynamic multitask skills multitask years start
http,{S9D1-P6WT45BF-9689WMOO},12/07/2010 09:55:34,DRR0162,PC-5168,http://simplyhired.com/WboUhagvat57469130.jsp,technologies develop dynamic customer experience people platform experience required management engineer years sales recruiter people job multitask resume visual opening salary multiple initiative years strong experience start job years resume experience skills management skills passion equivalent analyze required resume benefits resume resume strong on-time self responsibilities dynamic salary concepts strong strong growth analyze interface expert degree resume process salary
http,{T9C7-W7DT58BE-9501FPKL},12/07/2010 10:01:07,DRR0162,PC-5168,http://simplyhired.com/WboUhagvat57469130.jsp,guidance starter experience resume degree platform technologies concepts develop multitask responsibilities multiple multitask growth people multitask multitask multitask people benefits years years on-time equivalent on-line required experience part-time customer platform opening people management customer sales resume benefits strong process starter salary on-time process people self required develop skills
http,{L1S4-D8KR43ZG-7726OUJT},12/07/2010 10:12:32,DRR0162,PC-5168,http://job-hunt.org/WboUhagvat919122234.html,responsibilities skills analyze contribute job customer multiple sales customer team on-line management degree management sales permanent multitask visual customer job opening interface technologies passion degree develop guidance equivalent required opening starter people interface resume industry team skills
http,{X2U7-K8SS25QP-3413NVWX},12/07/2010 12:20:33,DRR0162,PC-5168,http://craigslist.org/WboUhagvat1105403916.aspx,benefits sales strong customer report management strong permanent degree develop start growth benefits expert engineer recruiter technologies resume starter strong concepts team platform on-time contribute concepts multiple skills responsibilities sales resume resume part-time strong guidance years strong degree dynamic multiple compensation sales job
http,{T2S3-D5OD99RL-9897EZBC},12/07/2010 15:29:58,DRR0162,PC-5168,http://indeed.com/WboUhagvat1680703797.html,job multitask experience benefits responsibilities compensation contribute resume guidance concepts guidance permanent technologies concepts job initiative analyze management hours report report growth strong start resume degree multitask years passion years years sales develop develop technologies management compensation expert contribute years platform experience required develop equivalent equivalent process develop passion recruiter salary opening job develop technologies sales resume strong opening multitask contribute management
http,{M3T2-H8BN89ON-3777VBNK},12/07/2010 15:35:04,DRR0162,PC-5168,http://aol.com/jobs/WboUhagvat1963819229.jsp,analyze job equivalent salary multitask concepts starter years starter customer strong team process required guidance industry compensation equivalent industry years on-time benefits responsibilities responsibilities equivalent resume technologies platform report customer team interface dynamic starter experience interface multitask passion benefits permanent experience skills strong guidance industry multiple
http,{V3Y0-Z6JA83ER-5574JYJN},12/08/2010 08:03:08,DRR0162,PC-5168,http://yahoo.com/hotjobs/WboUhagvat752138490.php,develop customer multiple job equivalent degree skills report industry initiative degree skills opening degree management team hours guidance years permanent skills required concepts process management guidance expert customer resume customer experience interface start team passion relocation develop dynamic develop customer responsibilities job experience guidance call platform team years part-time
http,{K3U0-D3JA55RM-5298OZWU},12/08/2010 09:11:00,DRR0162,PC-5168,http://hp.com/WboUhagvat1944152218.jsp,expert passion guidance salary team report growth passion benefits opening skills customer initiative strong responsibilities permanent years resume required degree people guidance multitask salary growth management customer experience skills expert skills responsibilities growth permanent contribute industry platform start industry skills opening guidance experience skills opening self initiative process multitask dynamic contribute opening compensation dynamic equivalent initiative
http,{J6T4-U2GK08JX-4114MLIE},12/08/2010 10:12:39,DRR0162,PC-5168,http://linkedin.com/WboUhagvat1479839504.aspx,contribute passion develop sales develop management benefits resume management multiple required sales concepts job years salary permanent multiple experience experience degree management management platform years resume process part-time equivalent permanent required platform permanent on-line concepts strong process contribute people hours platform customer strong report multitask degree degree part-time equivalent technologies
http,{R2X7-V0MW63YT-2178IXGS},12/08/2010 11:48:03,DRR0162,PC-5168,http://northropgrumman.com/WboUhagvat572113271.aspx,concepts customer dynamic resume degree responsibilities resume report customer customer engineer initiative on-line start concepts initiative job benefits multitask passion years required customer permanent process customer resume expert people skills guidance initiative experience report technologies responsibilities
http,{U3P2-O6AM37RV-7388QWAP},12/08/2010 13:36:34,DRR0162,PC-5168,http://indeed.com/WboUhagvat1680703797.html,sales expert strong hours required responsibilities management management self growth start salary experience required engineer team opening interface customer customer responsibilities platform expert initiative industry start concepts technologies experience resume resume equivalent initiative responsibilities job years experience management interface expert sales skills skills experience sales multiple passion platform self
http,{D7J3-O6HK63UA-5489JJTN},12/08/2010 16:06:07,DRR0162,PC-5168,http://harris.com/WboUhagvat1919385663.htm,equivalent permanent develop process skills equivalent passion sales people process resume responsibilities experience hours customer hours on-time job concepts required resume responsibilities team management years technologies skills on-line growth platform on-line process initiative required resume industry multitask multiple experience
http,{Q9K3-T7UT24TH-3368VFGE},12/08/2010 16:11:09,DRR0162,PC-5168,http://lockheedmartin.com/WboUhagvat1636367808.htm,management opening resume years multiple experience call multitask equivalent report develop responsibilities customer concepts years compensation platform people strong resume benefits technologies experience growth interface resume passion strong required initiative dynamic multiple resume starter opening degree skills industry team develop skills
http,{B9A2-F1WU33FY-3346NDXP},12/09/2010 07:49:36,DRR0162,PC-5168,http://indeed.com/WboUhagvat1680703797.html,people process benefits team initiative guidance starter initiative process resume experience hours equivalent part-time benefits technologies process technologies growth responsibilities technologies on-time platform years concepts experience years guidance experience passion sales benefits self on-time contribute
http,{G2Q0-B5AJ35PN-5665NIXP},12/09/2010 08:55:45,DRR0162,PC-5168,http://monster.com/WboUhagvat1180707852.html,multiple management degree initiative initiative resume resume skills customer on-time industry industry platform hours skills expert benefits sales customer required growth technologies years responsibilities analyze growth start multitask develop platform customer years concepts technologies process customer interface job team multitask concepts platform contribute strong guidance concepts engineer required degree contribute opening customer job technologies process technologies
http,{U4Q4-D0BN56CO-7663IGIJ},12/09/2010 11:08:52,DRR0162,PC-5168,http://jobhuntersbible.com/WboUhagvat1258877042.aspx,responsibilities multiple develop dynamic platform management compensation experience resume growth dynamic expert guidance industry passion contribute develop visual industry technologies required job visual compensation opening compensation sales strong resume multitask years resume dynamic management benefits team sales multiple interface customer passion team years start skills sales skills years sales sales required multitask degree opening passion report responsibilities equivalent management resume
http,{X2K1-Y3PL41VG-2481AHJX},12/09/2010 11:55:29,DRR0162,PC-5168,http://simplyhired.com/WboUhagvat57469130.jsp,multiple compensation engineer interface resume equivalent opening job initiative dynamic guidance develop sales interface guidance dynamic part-time experience customer equivalent multitask equivalent skills required resume team platform hours develop salary degree process job people benefits opening initiative equivalent sales compensation compensation starter report analyze strong develop
http,{A9A1-J0XU25PC-2015LQCP},12/09/2010 13:52:24,DRR0162,PC-5168,http://boeing.com/WboUhagvat1904327536.htm,years concepts resume opening part-time initiative industry resume process multiple required start dynamic resume multitask analyze on-line technologies sales growth call management dynamic concepts degree start technologies initiative expert initiative report passion initiative passion opening required job contribute job contribute technologies industry hours required self team technologies years passion call
http,{Q8F9-F9CX97GX-0130VAIP},12/10/2010 08:10:16,DRR0162,PC-5168,http://raytheon.com/WboUhagvat343187784.jsp,people strong experience customer analyze technologies start degree permanent degree job contribute develop skills technologies compensation equivalent contribute on-time expert experience contribute industry dynamic part-time required interface resume equivalent equivalent equivalent benefits compensation growth skills dynamic dynamic report skills equivalent job experience expert skills benefits initiative responsibilities experience concepts years sales job develop interface strong
http,{B8O2-U4YZ50BM-9985NQJA},12/10/2010 08:17:24,DRR0162,PC-5168,http://simplyhired.com/WboUhagvat57469130.jsp,experience benefits start visual benefits resume develop degree start years years opening concepts report strong concepts strong develop growth skills hours years multiple responsibilities concepts required contribute years customer multitask technologies dynamic industry hours multiple self benefits develop team compensation industry initiative recruiter platform contribute required growth contribute develop contribute guidance
http,{W2H4-D4RI29IW-6841OKOS},12/10/2010 09:30:46,DRR0162,PC-5168,http://monster.com/WboUhagvat1180707852.html,management self contribute opening skills multiple management analyze initiative process people passion on-line years job passion responsibilities salary contribute skills platform benefits develop job part-time develop responsibilities industry team relocation recruiter self management team responsibilities multitask customer management start self opening required responsibilities resume job management compensation benefits responsibilities analyze develop resume growth expert people equivalent equivalent on-time expert contribute initiative degree on-line concepts people engineer process permanent process responsibilities opening self degree
http,{M0H4-R7GY63IR-8321WRIO},12/10/2010 09:31:02,DRR0162,PC-5168,http://boeing.com/WboUhagvat1904327536.htm,platform multiple recruiter team job team multitask engineer equivalent report skills initiative degree contribute concepts strong contribute industry skills on-time resume customer growth customer contribute equivalent degree hours degree compensation develop interface job team report job platform team required customer job opening engineer industry contribute benefits opening job start platform multitask resume
http,{V1G3-J0TW79AU-5036ZPNA},12/10/2010 10:13:44,DRR0162,PC-5168,http://hp.com/WboUhagvat1944152218.jsp,required hours guidance responsibilities permanent years skills multitask required team dynamic initiative report experience experience years management opening required interface management benefits responsibilities on-time contribute experience on-time permanent opening concepts benefits guidance
http,{Q5K8-T7KF51HY-7071OQUL},12/10/2010 11:27:16,DRR0162,PC-5168,http://harris.com/WboUhagvat1919385663.htm,platform visual industry responsibilities analyze opening expert degree technologies sales platform skills part-time on-time industry sales responsibilities skills self platform team develop develop opening visual part-time opening process degree strong benefits skills interface growth degree equivalent required
email,{I5D9-D6EL35CS-9566LSTZ},12/10/2010 14:00:42,DRR0162,PC-5168,GKP3@northropgrumman.com,Dante.Raja.Roberts@dtaa.com,,Dante.Raja.Roberts@dtaa.com,32480,0,required on-time experience customer years develop contribute starter platform multitask analyze benefits guidance experience equivalent contribute skills customer management interface dynamic skills report experience people salary skills starter years passion platform engineer resume dynamic visual industry skills passion industry required team multiple multiple responsibilities permanent start opening industry customer compensation self multitask skills
http,{D1G6-Y9YO04NL-1395JOQT},12/10/2010 14:21:21,DRR0162,PC-5168,http://yahoo.com/hotjobs/WboUhagvat752138490.php,develop skills engineer initiative salary years team equivalent multitask growth multitask technologies on-line management job permanent report passion skills analyze multitask platform multiple passion sales call sales relocation multitask hours required multiple multiple process start engineer self dynamic equivalent interface equivalent concepts hours on-time benefits growth experience opening required concepts multiple initiative salary degree initiative
http,{D6S8-I5WB04CZ-8668LVKD},12/10/2010 14:44:53,DRR0162,PC-5168,http://job-hunt.org/WboUhagvat919122234.html,responsibilities industry experience degree start interface passion skills permanent multitask compensation interface job visual multiple equivalent part-time job skills initiative resume people required multitask resume start resume benefits required multiple passion industry equivalent develop on-time job contribute responsibilities hours equivalent skills process strong report skills technologies degree concepts on-time equivalent permanent concepts multitask on-line industry growth multiple responsibilities
http,{D2Y9-N4FY04EU-5730OJUA},12/10/2010 15:49:41,DRR0162,PC-5168,http://boeing.com/WboUhagvat1904327536.htm,strong responsibilities sales contribute equivalent contribute technologies resume experience degree technologies expert years passion develop sales required multitask responsibilities contribute interface contribute required job industry opening skills job guidance multitask industry multitask degree team years passion opening platform analyze develop equivalent
http,{P9T3-K5RQ85ZG-0866EHVW},12/10/2010 16:06:59,DRR0162,PC-5168,http://yahoo.com/hotjobs/WboUhagvat752138490.php,analyze passion develop self skills dynamic resume hours guidance opening develop process required skills opening required platform strong concepts degree growth visual team required contribute platform interface salary team resume process required technologies people experience passion part-time industry resume contribute people management start growth growth required experience required dynamic required opening contribute strong initiative concepts
device,{X0X2-I3GX79IC-0283BFOE},12/13/2010 07:35:03,DRR0162,PC-5168,Connect
device,{A5M9-Z3TQ49DX-2720YSYF},12/13/2010 08:26:10,DRR0162,PC-5168,Disconnect
device,{C1P0-B1MN18AB-9339OUKG},12/13/2010 08:42:13,DRR0162,PC-5168,Connect
device,{J4G4-O6ST26NR-1988CBEQ},12/13/2010 09:32:11,DRR0162,PC-5168,Disconnect
device,{B0C4-T9PO62CE-2560IQDJ},12/13/2010 09:41:28,DRR0162,PC-5168,Connect
device,{Q3K4-U0QY33XX-0176QDHK},12/13/2010 11:20:59,DRR0162,PC-5168,Disconnect
device,{G6N8-B7UA46YU-8020ROHZ},12/13/2010 11:22:17,DRR0162,PC-5168,Connect
device,{R8R5-V4TY05JP-7587VPGA},12/13/2010 12:22:39,DRR0162,PC-5168,Disconnect
device,{Z5T5-Q9DW63SX-2500CCVQ},12/13/2010 12:30:28,DRR0162,PC-5168,Connect
device,{G5L3-L5XR31UF-8405FREH},12/13/2010 12:48:40,DRR0162,PC-5168,Disconnect
device,{M7N3-F6ZB58DM-7077WZZB},12/13/2010 12:56:09,DRR0162,PC-5168,Connect
device,{C7M6-K2YV18HR-8164VWZO},12/13/2010 13:32:17,DRR0162,PC-5168,Disconnect
device,{N5C4-D9SC90YT-6696FKNQ},12/13/2010 13:52:36,DRR0162,PC-5168,Connect
device,{E6R7-I8OI44AX-5657XVXQ},12/13/2010 14:02:15,DRR0162,PC-5168,Disconnect
device,{Z2Q6-Q8DB63QL-5785KJFW},12/13/2010 14:42:08,DRR0162,PC-5168,Connect
device,{G7Y7-N1AS79ML-2531QNBN},12/13/2010 14:56:57,DRR0162,PC-5168,Disconnect
device,{B2H6-L0BM89CW-2506INLI},12/16/2010 08:28:03,DRR0162,PC-5168,Connect
device,{L1A2-H3XU23BN-7011CLZX},12/16/2010 09:08:57,DRR0162,PC-5168,Disconnect
device,{F8T7-F4PW58DM-5223CZSX},12/16/2010 09:09:59,DRR0162,PC-5168,Connect
device,{A8H8-H8AD62QX-5434HOWE},12/16/2010 09:22:38,DRR0162,PC-5168,Disconnect
device,{X3B1-Y7TK13BN-3261XAMY},12/16/2010 11:51:05,DRR0162,PC-5168,Connect
device,{N3B0-Z5QN90LX-6281TSOY},12/16/2010 12:14:09,DRR0162,PC-5168,Disconnect
device,{T6U8-L1UW49AH-0060GFAC},12/16/2010 12:25:34,DRR0162,PC-5168,Connect
device,{F1V1-X4PX16FL-2422WWLN},12/16/2010 12:30:40,DRR0162,PC-5168,Disconnect
device,{N0T8-K5FA20JA-4617HTSE},12/16/2010 12:45:26,DRR0162,PC-5168,Connect
device,{R7G4-T8NO51HU-0163EWTD},12/16/2010 13:07:43,DRR0162,PC-5168,Disconnect
device,{Z2I2-J1LU76ZZ-8569EKSG},12/16/2010 15:34:00,DRR0162,PC-5168,Connect
device,{I8L1-H3NK14ZU-8732TROZ},12/16/2010 16:00:15,DRR0162,PC-5168,Disconnect
device,{B4U7-J4XN82LC-6232GSUI},12/16/2010 16:06:20,DRR0162,PC-5168,Connect
device,{I0K1-I1PI41IR-2335PPEG},12/16/2010 16:06:24,DRR0162,PC-5168,Disconnect
device,{T6L3-A7MU96UG-9272SUEI},12/21/2010 09:17:42,DRR0162,PC-5168,Connect
device,{X5D2-P4JX32XM-6926UISI},12/21/2010 09:56:44,DRR0162,PC-5168,Disconnect
device,{H4J1-U1ZU75DC-4593ZTUX},12/21/2010 10:14:01,DRR0162,PC-5168,Connect
device,{O7X9-C6IQ60QK-4960ETGG},12/21/2010 10:19:52,DRR0162,PC-5168,Disconnect
device,{X4K3-I7MX64VC-3520NLJK},12/21/2010 11:03:18,DRR0162,PC-5168,Connect
device,{B9J6-Z5WQ29VO-2044NKVR},12/21/2010 11:30:59,DRR0162,PC-5168,Disconnect
device,{X1F9-G1KJ40MH-5336PBYZ},12/21/2010 12:33:53,DRR0162,PC-5168,Connect
device,{N4L3-E5UQ73EJ-2494POXF},12/21/2010 13:16:11,DRR0162,PC-5168,Disconnect
device,{F4H5-Q5JV57RH-8234RIFC},12/21/2010 13:50:17,DRR0162,PC-5168,Connect
device,{J7K4-E2SU74UX-6639AAWS},12/21/2010 14:37:06,DRR0162,PC-5168,Disconnect
device,{V6C9-N0HA63SX-3400VEXA},12/21/2010 15:33:27,DRR0162,PC-5168,Connect
device,{T4H3-V9SK30ZE-2779WIDS},12/21/2010 15:51:42,DRR0162,PC-5168,Disconnect
device,{W7T4-X2FP23JW-5535STMZ},12/22/2010 07:41:47,DRR0162,PC-5168,Connect
device,{A5P6-Z5WN03AF-2877YWSC},12/22/2010 07:45:13,DRR0162,PC-5168,Disconnect
device,{U7J6-L3DV03SZ-3577PMPX},12/22/2010 09:14:47,DRR0162,PC-5168,Connect
device,{E3A2-H8HH49HD-1606RIXY},12/22/2010 09:22:18,DRR0162,PC-5168,Disconnect
device,{L8F4-K8TA88KR-8273BGHS},12/22/2010 11:12:12,DRR0162,PC-5168,Connect
device,{B0L0-E3KS93AA-3451FHTF},12/22/2010 11:17:36,DRR0162,PC-5168,Disconnect
device,{Z5P5-A1CW51CE-9834POAE},12/22/2010 12:40:59,DRR0162,PC-5168,Connect
device,{N3G5-O1QI49EL-9729EGWT},12/22/2010 12:51:48,DRR0162,PC-5168,Disconnect
device,{A2P1-Z9RX07SC-8344OTQX},12/22/2010 13:17:20,DRR0162,PC-5168,Connect
device,{Q9P0-T2PC30IJ-9453IYBA},12/22/2010 13:31:07,DRR0162,PC-5168,Disconnect
email,{N5B0-L6VZ14AJ-2912MKZB},12/27/2010 07:36:16,DRR0162,PC-5168,Dacey.Jorden.Bowen@dtaa.com,Dante.Raja.Roberts@dtaa.com,,Dante.Raja.Roberts@dtaa.com,25926,0,letter thanks letter letter resignation opportunity key 2 week resignation letter opportunity tender resign exit my notice exit resignation resignation of week tender position tender 2 thanks exit resign key of 2 position opportunity 2 opportunity my letter resignation week position opportunity
device,{O9M3-T6OQ60IQ-4820QUZW},12/28/2010 07:42:39,DRR0162,PC-5168,Connect
device,{F6Z8-U7HO44FB-3613MJGA},12/28/2010 07:45:04,DRR0162,PC-5168,Disconnect
device,{R0D2-N6FO23EI-7288ZDND},12/28/2010 07:56:57,DRR0162,PC-5168,Connect
device,{F2P8-A7YB77XD-2093KMBU},12/28/2010 08:22:55,DRR0162,PC-5168,Disconnect
device,{B1T4-M0QI69VG-0375TNJQ},12/28/2010 10:33:32,DRR0162,PC-5168,Connect
device,{J9D7-S9MX29QN-2674NURI},12/28/2010 10:44:11,DRR0162,PC-5168,Disconnect
device,{C9I0-K8PC07XA-9234YEIZ},12/28/2010 11:51:37,DRR0162,PC-5168,Connect
device,{D9E1-C4TO03QM-0642OIMR},12/28/2010 12:09:40,DRR0162,PC-5168,Disconnect
device,{G6G5-U4WF40FG-3756TONM},12/28/2010 12:12:08,DRR0162,PC-5168,Connect
device,{B2O6-I3KU70EP-2598OBNU},12/28/2010 12:43:56,DRR0162,PC-5168,Disconnect
device,{G6G9-N2DR48WG-2085ISVS},12/28/2010 13:05:21,DRR0162,PC-5168,Connect
device,{K5U2-G3MD86GV-0212QLGN},12/28/2010 13:21:05,DRR0162,PC-5168,Disconnect
device,{I4X8-G0UD83PM-3336VPXM},12/28/2010 14:48:19,DRR0162,PC-5168,Connect
device,{W8R3-V1PW75BY-2314CCVG},12/28/2010 14:54:18,DRR0162,PC-5168,Disconnect
device,{L8P6-A9JC44NC-7046KKTN},12/28/2010 15:01:40,DRR0162,PC-5168,Connect
device,{Z8L7-N8MF20KM-8175TRKR},12/28/2010 15:02:05,DRR0162,PC-5168,Disconnect
device,{R7Y2-Y1UN40QG-8084CLSM},12/28/2010 16:10:47,DRR0162,PC-5168,Connect
device,{V2B2-X2XA91PV-6835AUAS},12/28/2010 16:20:47,DRR0162,PC-5168,Disconnect
device,{E9P0-E3GB20HO-5204NWVG},12/29/2010 09:47:22,DRR0162,PC-5168,Connect
device,{O2R7-I6FL23FK-4059UYFC},12/29/2010 09:47:41,DRR0162,PC-5168,Disconnect
device,{W3W5-B6KO76LS-8009DTUR},12/29/2010 09:55:54,DRR0162,PC-5168,Connect
device,{N1E7-G2RA72JH-5832MEHF},12/29/2010 09:57:44,DRR0162,PC-5168,Disconnect
device,{A2H5-J8SN50MF-6921RXVX},12/29/2010 09:58:38,DRR0162,PC-5168,Connect
device,{X1A7-Z1WL31UI-9605JEKA},12/29/2010 10:08:50,DRR0162,PC-5168,Disconnect
device,{O1J5-E6HE04BL-3014GELQ},12/29/2010 10:09:41,DRR0162,PC-5168,Connect
device,{Q4H6-D6FS79PF-3721XTKD},12/29/2010 10:09:59,DRR0162,PC-5168,Disconnect
device,{E0C3-U3XC50ZA-7840QBFP},12/29/2010 10:10:24,DRR0162,PC-5168,Connect
device,{K3C5-Y6KG27NQ-1984FYQA},12/29/2010 10:11:18,DRR0162,PC-5168,Disconnect
device,{D2B4-S9UK03HH-6927TQMN},12/29/2010 10:11:42,DRR0162,PC-5168,Connect
device,{I1X4-C6HA67YZ-0705XPFY},12/29/2010 10:13:24,DRR0162,PC-5168,Disconnect
device,{A3P0-G2AI78NW-5933VNQX},12/29/2010 10:13:48,DRR0162,PC-5168,Connect
device,{L8F9-Z9LN58PY-5346TZAT},12/29/2010 10:24:37,DRR0162,PC-5168,Disconnect
device,{K8T9-G6LC28AE-0233YONQ},01/04/2011 14:58:27,DRR0162,PC-5168,Connect
device,{W4Y1-X8SK69XV-3175OHND},01/04/2011 14:59:14,DRR0162,PC-5168,Disconnect
device,{B7J8-I9WE07HK-5718WRZH},01/04/2011 15:03:33,DRR0162,PC-5168,Connect
device,{J7R2-V7JS62PD-1897LRLF},01/04/2011 15:04:56,DRR0162,PC-5168,Disconnect
device,{J9U3-P7WQ52OB-0243GWDS},01/04/2011 15:05:29,DRR0162,PC-5168,Connect
device,{R2Z6-S0NH19PM-9284KGAG},01/04/2011 15:08:08,DRR0162,PC-5168,Disconnect
device,{C4S1-J0GM31NA-3992AIEQ},01/04/2011 15:17:11,DRR0162,PC-5168,Connect
device,{F3P0-U4RO13NM-6599SJQB},01/04/2011 15:17:30,DRR0162,PC-5168,Disconnect
device,{S7P6-Q1DD47BX-3201RXAQ},01/04/2011 15:31:46,DRR0162,PC-5168,Connect
device,{J8J1-K7VX92QG-4823JESC},01/04/2011 15:34:50,DRR0162,PC-5168,Disconnect
device,{U2F6-I9JL49VI-6220FQMH},01/04/2011 15:36:15,DRR0162,PC-5168,Connect
device,{S7N7-W2SD15QT-9866JQGT},01/04/2011 15:39:43,DRR0162,PC-5168,Disconnect
device,{N8R4-J1KF19WE-8067HAVF},01/04/2011 15:42:45,DRR0162,PC-5168,Connect
device,{O7A7-G6ZB01JQ-4868QZSG},01/04/2011 15:43:53,DRR0162,PC-5168,Disconnect
