http,{V2G3-F5EW32PU-3444PBYJ},02/07/2011 11:16:58,CEJ0109,PC-6980,http://hp.com/WboUhagvat1944152218.jsp,multiple part-time required resume technologies starter technologies concepts initiative skills resume resume responsibilities multiple resume process opening management sales strong starter industry skills growth resume job multiple sales strong people industry compensation years customer initiative permanent job experience degree resume multiple team compensation dynamic contribute guidance team benefits experience contribute
http,{T4M4-L8ML52QD-0689CUUB},02/07/2011 12:13:17,CEJ0109,PC-6980,http://job-hunt.org/WboUhagvat919122234.html,job experience report resume hours interface growth process people responsibilities degree starter equivalent interface degree strong process on-time responsibilities develop customer benefits technologies management growth multiple on-time platform benefits concepts technologies responsibilities expert technologies self hours develop technologies permanent customer platform dynamic equivalent platform multiple team expert process
http,{I3L5-V9DN32BM-4266KPHM},02/07/2011 13:02:50,CEJ0109,PC-6980,http://linkedin.com/WboUhagvat1479839504.aspx,opening develop technologies required job analyze passion job strong benefits degree starter years multiple technologies opening team industry opening contribute passion relocation management process start multiple customer develop multiple hours process required benefits resume degree experience expert years experience strong initiative multitask starter salary years years
http,{L8B9-N9XP57KP-7815FFBJ},02/07/2011 13:22:45,CEJ0109,PC-6980,http://craigslist.org/WboUhagvat1105403916.aspx,interface benefits customer develop growth multitask multiple starter job start industry management guidance sales contribute growth technologies management years multiple technologies dynamic initiative equivalent guidance interface interface guidance opening equivalent degree develop degree contribute relocation salary sales multitask on-line on-time part-time technologies initiative experience starter concepts platform people degree multiple contribute job years
http,{F7G5-U6XN78KN-8130QLNL},02/07/2011 14:58:40,CEJ0109,PC-6980,http://indeed.com/WboUhagvat1680703797.html,responsibilities call interface responsibilities salary develop job job opening multitask dynamic permanent starter passion years resume on-time start initiative self opening opening growth initiative resume interface responsibilities engineer people contribute team initiative team benefits platform resume compensation required customer benefits on-time relocation
http,{K8Y4-S6SX71YK-3448ZSAF},02/07/2011 16:23:37,CEJ0109,PC-6980,http://hp.com/WboUhagvat1944152218.jsp,skills part-time contribute technologies sales contribute technologies technologies responsibilities people analyze contribute growth management concepts responsibilities dynamic hours interface permanent equivalent responsibilities team concepts responsibilities strong strong
http,{W4H3-A7BZ82EZ-7091HCWN},02/07/2011 18:00:16,CEJ0109,PC-6980,http://craigslist.org/WboUhagvat1105403916.aspx,platform people years skills people technologies responsibilities customer multitask multiple interface opening skills initiative compensation sales customer self required management growth industry expert self industry management benefits self years platform growth strong skills hours start initiative on-time resume on-time job equivalent salary strong equivalent skills
http,{P0R2-E8OE87TS-3280SPUR},02/08/2011 09:07:19,CEJ0109,PC-6980,http://linkedin.com/WboUhagvat1479839504.aspx,develop concepts compensation benefits management experience multiple required engineer resume contribute hours responsibilities analyze years resume report platform process multiple expert skills growth years opening analyze guidance opening passion platform industry team platform growth opening resume engineer platform industry customer multiple passion responsibilities years dynamic degree customer initiative sales process degree benefits
http,{G6M0-Q3GA05SB-3686FHSJ},02/08/2011 09:36:11,CEJ0109,PC-6980,http://indeed.com/WboUhagvat1680703797.html,skills growth multitask degree salary experience start start call develop multiple initiative report salary opening sales customer platform years interface benefits degree dynamic experience benefits strong concepts team interface equivalent platform guidance team multitask customer expert start process skills multitask concepts resume required dynamic
http,{X5M8-J9LU46FA-2486ZOEJ},02/08/2011 11:42:31,CEJ0109,PC-6980,http://monster.com/WboUhagvat1180707852.html,multiple degree concepts platform degree visual growth required strong skills platform interface customer permanent strong customer concepts multitask team benefits technologies call contribute relocation start required multitask growth benefits management visual platform starter job report skills equivalent analyze degree years growth sales sales resume experience
http,{Y5K2-Q8NC21JY-2878OLIU},02/08/2011 11:54:34,CEJ0109,PC-6980,http://hp.com/WboUhagvat1944152218.jsp,industry self concepts skills analyze experience resume opening on-time customer guidance opening report industry report technologies responsibilities report dynamic experience concepts on-time people job relocation years platform part-time interface required skills permanent platform equivalent passion experience required resume industry multitask degree
http,{G9G5-U6HN74SH-1554XQNV},02/08/2011 12:17:14,CEJ0109,PC-6980,http://aol.com/jobs/WboUhagvat1963819229.jsp,analyze platform guidance process initiative dynamic report process responsibilities initiative skills technologies engineer experience responsibilities skills growth permanent industry resume degree hours years skills team degree required permanent growth years passion opening guidance concepts on-time process strong team visual engineer customer
http,{A8K5-T6PS27LU-6045INVG},02/08/2011 13:08:56,CEJ0109,PC-6980,http://raytheon.com/WboUhagvat343187784.jsp,team multitask resume skills on-line skills strong industry opening sales degree contribute multitask growth concepts degree opening resume industry degree multitask experience equivalent multitask degree growth develop management dynamic passion years multitask hours experience multiple industry analyze develop required compensation starter team customer experience engineer passion equivalent starter salary resume customer expert industry permanent
http,{X3N1-Z2QK21QD-6446ZREV},02/08/2011 15:51:07,CEJ0109,PC-6980,http://hp.com/WboUhagvat1944152218.jsp,technologies part-time interface growth expert experience management sales responsibilities self start customer job call expert analyze initiative initiative multitask people expert degree degree benefits required initiative platform multiple platform responsibilities report people equivalent customer concepts customer relocation compensation skills contribute process on-line multiple interface growth skills customer experience job start multitask interface start
http,{B1N1-A2JA29PZ-2775YSTY},02/08/2011 15:59:32,CEJ0109,PC-6980,http://harris.com/WboUhagvat1919385663.htm,platform start experience initiative hours develop visual guidance strong initiative skills passion required process passion sales report contribute technologies passion interface multiple required responsibilities strong self expert develop job process relocation strong team contribute on-time self management benefits management customer initiative expert analyze passion team develop sales
http,{K7T0-M0SF30SA-9408DSPO},02/08/2011 16:47:29,CEJ0109,PC-6980,http://monster.com/WboUhagvat1180707852.html,years salary start technologies years on-time interface job required degree sales contribute team multitask degree part-time years develop permanent experience initiative required self required technologies skills experience resume multitask responsibilities passion years dynamic growth expert on-time responsibilities opening resume equivalent technologies benefits equivalent people dynamic concepts resume responsibilities call responsibilities develop passion on-time expert interface industry customer self
http,{B1Q1-E8KB47PM-0554GYCY},02/08/2011 17:40:58,CEJ0109,PC-6980,http://job-hunt.org/WboUhagvat919122234.html,start initiative opening passion growth concepts contribute growth start required technologies salary guidance on-line skills contribute start expert concepts customer multitask years job analyze concepts required experience skills dynamic benefits starter people degree skills part-time
http,{O1Y6-Q6UO45SP-3236PLRM},02/09/2011 09:34:43,CEJ0109,PC-6980,http://monster.com/WboUhagvat1180707852.html,on-time opening initiative process interface on-line sales on-time interface contribute multiple start concepts skills resume interface multitask skills interface dynamic engineer contribute industry equivalent develop report team equivalent report multitask on-time years technologies required required on-line start strong resume industry required responsibilities required on-time
http,{Y1A5-C6RW52HR-2078ONVS},02/09/2011 10:01:04,CEJ0109,PC-6980,http://raytheon.com/WboUhagvat343187784.jsp,opening years guidance equivalent dynamic start experience job benefits equivalent report guidance benefits platform report resume dynamic growth customer initiative customer customer interface job customer hours strong opening passion develop skills platform skills guidance platform part-time part-time benefits strong relocation contribute resume engineer expert skills equivalent sales benefits part-time
http,{T4P3-W5GS94UY-7221JTRL},02/09/2011 13:02:17,CEJ0109,PC-6980,http://jobhuntersbible.com/WboUhagvat1258877042.aspx,self process equivalent skills growth multiple strong experience management technologies responsibilities years multiple process on-line management industry expert equivalent on-time team growth sales contribute part-time concepts equivalent responsibilities experience resume interface passion job start required team compensation technologies team degree responsibilities industry multiple
http,{O6E7-A6MQ78DY-3496PEQH},02/09/2011 13:37:17,CEJ0109,PC-6980,http://aol.com/jobs/WboUhagvat1963819229.jsp,permanent salary compensation contribute multiple degree years passion degree customer management dynamic customer benefits required start concepts responsibilities equivalent starter hours team relocation concepts salary technologies resume dynamic multitask resume contribute start degree visual dynamic process initiative customer passion multiple passion on-time expert skills
http,{U0M8-P8UV76ZN-1638ARHS},02/10/2011 10:23:52,CEJ0109,PC-6980,http://indeed.com/WboUhagvat1680703797.html,customer multiple report report skills interface industry on-time experience multiple resume experience multiple guidance on-time concepts skills strong engineer resume platform resume compensation responsibilities technologies responsibilities platform passion contribute people multiple process growth permanent management contribute contribute develop required sales start dynamic permanent team platform growth multiple responsibilities experience responsibilities degree degree guidance skills equivalent expert responsibilities
http,{E1X2-X5OR40KJ-1775INNY},02/10/2011 11:23:31,CEJ0109,PC-6980,http://yahoo.com/hotjobs/WboUhagvat752138490.php,guidance part-time industry sales growth self platform start people years required degree expert develop interface resume responsibilities multiple start process resume on-time people self skills visual customer responsibilities industry growth required skills team multiple resume skills degree required resume resume sales call degree dynamic equivalent degree dynamic guidance responsibilities customer equivalent develop job
http,{L7P4-C4TA11NI-2289XFTN},02/10/2011 11:58:54,CEJ0109,PC-6980,http://careerbuilder.com/WboUhagvat660170997.htm,experience interface on-line develop strong sales report industry develop analyze equivalent resume technologies degree strong responsibilities self expert team equivalent responsibilities report interface equivalent required required years process equivalent opening required multitask responsibilities technologies initiative job industry multitask years salary multiple dynamic visual team compensation skills sales hours skills customer concepts technologies skills interface benefits growth develop resume
http,{I1L8-N9JE96MQ-1755OPHV},02/10/2011 14:51:45,CEJ0109,PC-6980,http://raytheon.com/WboUhagvat343187784.jsp,growth on-time self responsibilities start multiple industry passion hours sales skills develop starter required benefits initiative sales permanent strong platform compensation industry technologies process concepts experience customer technologies customer required salary contribute industry resume analyze degree multiple interface contribute contribute skills resume growth sales resume on-time people skills skills benefits opening skills technologies
email,{Y7M0-K8RG84SA-5900RKCB},02/10/2011 15:58:13,CEJ0109,PC-6980,Hayfa_Newman@raytheon.com,,,Casey.Edward.Joyce@dtaa.com,19167,0,report expert contribute multiple report strong required multitask responsibilities initiative part-time team required equivalent permanent start develop team responsibilities growth management team strong responsibilities develop analyze opening multitask team required expert contribute management team responsibilities customer sales sales required team benefits job interface visual salary team start
http,{L1J2-W8KR25RP-2051BQFV},02/10/2011 18:03:27,CEJ0109,PC-6980,http://craigslist.org/WboUhagvat1105403916.aspx,passion develop skills dynamic develop process multitask multitask degree concepts visual permanent report multiple required opening permanent sales sales guidance on-line multiple resume multitask job people resume years permanent dynamic start technologies multitask multiple job management technologies customer people contribute sales job technologies years years opening industry multiple benefits multitask
http,{Z8E7-T9RE32JH-7417PNPA},02/11/2011 10:56:23,CEJ0109,PC-6980,http://boeing.com/WboUhagvat1904327536.htm,management part-time on-time platform customer required on-time self experience growth interface responsibilities guidance permanent self contribute interface experience multiple starter equivalent responsibilities required responsibilities people benefits on-time expert recruiter multiple engineer job process years responsibilities passion strong people multitask team management multiple multiple platform growth start job concepts experience experience required benefits people
http,{S3Y7-R3DR73QJ-9603QIUV},02/11/2011 11:32:08,CEJ0109,PC-6980,http://lockheedmartin.com/WboUhagvat1636367808.htm,opening on-time recruiter resume degree growth start compensation responsibilities report years opening degree years guidance guidance responsibilities skills develop passion team on-time strong report required concepts experience years sales guidance report responsibilities opening years passion contribute report job initiative job sales equivalent part-time guidance growth skills analyze degree self concepts management interface strong years growth skills report hours degree relocation growth experience resume analyze on-time contribute develop multitask industry required guidance
http,{Y2G2-C2GV17YI-1015SKRA},02/11/2011 11:34:03,CEJ0109,PC-6980,http://hp.com/WboUhagvat1944152218.jsp,skills hours relocation experience responsibilities on-time customer degree required growth on-time resume sales skills process multiple resume opening experience benefits skills required opening opening equivalent opening responsibilities develop resume interface degree experience concepts strong self report expert opening salary opening experience
http,{V8E1-S5GB00LA-5524GZIQ},02/11/2011 11:58:15,CEJ0109,PC-6980,http://craigslist.org/WboUhagvat1105403916.aspx,technologies management process responsibilities management platform concepts part-time multiple interface equivalent on-time technologies engineer starter guidance report opening hours customer platform sales platform required strong start job equivalent equivalent people platform people responsibilities initiative visual interface guidance platform years team resume permanent growth skills customer
http,{G4X2-T4YT70TC-5638JLWT},02/11/2011 15:19:01,CEJ0109,PC-6980,http://job-hunt.org/WboUhagvat919122234.html,salary experience start platform analyze passion resume part-time process team hours management compensation dynamic required required experience start process passion interface skills guidance growth required starter team customer team self technologies required required skills engineer
http,{M5T1-H9ON07OO-1421GJPV},02/11/2011 15:40:27,CEJ0109,PC-6980,http://northropgrumman.com/WboUhagvat572113271.aspx,experience resume benefits growth responsibilities resume skills experience on-line contribute multitask resume opening develop start analyze platform equivalent growth growth platform dynamic strong contribute concepts hours multitask team customer resume initiative people process start visual opening skills salary customer degree process multiple required guidance starter self passion starter passion required contribute start develop responsibilities develop concepts
http,{H1G0-S3SR40JB-3074NUON},02/11/2011 17:05:56,CEJ0109,PC-6980,http://yahoo.com/hotjobs/WboUhagvat752138490.php,opening call years team experience technologies concepts platform permanent customer multitask opening responsibilities guidance skills experience years responsibilities call platform team growth start degree starter technologies passion team develop resume experience concepts required resume job opening industry degree sales job people experience passion interface job industry skills sales growth degree dynamic customer
http,{O1Z9-D8JR79ST-5925KKTK},02/11/2011 17:40:22,CEJ0109,PC-6980,http://harris.com/WboUhagvat1919385663.htm,degree strong report opening concepts on-time responsibilities on-time interface experience experience passion strong guidance analyze growth strong industry people process passion guidance analyze analyze experience industry develop management resume platform start years analyze platform experience opening required job opening people job engineer job responsibilities team strong multitask growth report multiple platform platform on-time interface skills team degree
http,{B6B4-Y6DA10IR-8566FTUA},02/11/2011 17:40:53,CEJ0109,PC-6980,http://lockheedmartin.com/WboUhagvat1636367808.htm,industry job dynamic start develop strong concepts responsibilities industry passion opening sales multiple benefits technologies growth equivalent team required contribute benefits degree salary process benefits resume passion equivalent resume responsibilities opening people passion concepts opening required skills salary growth contribute growth required expert required opening sales
http,{T4X8-B8OG04WA-2774MTFJ},02/14/2011 11:01:23,CEJ0109,PC-6980,http://aol.com/jobs/WboUhagvat1963819229.jsp,on-line strong concepts dynamic sales expert benefits multitask experience passion opening customer people experience multiple people responsibilities permanent equivalent permanent equivalent guidance passion platform passion dynamic required expert process skills technologies passion dynamic required job responsibilities skills management sales people initiative responsibilities responsibilities start
http,{T9D3-S8JU91FA-7826BXHP},02/14/2011 13:16:27,CEJ0109,PC-6980,http://careerbuilder.com/WboUhagvat660170997.htm,skills required industry benefits visual responsibilities growth on-line management platform salary initiative initiative industry concepts start multitask contribute benefits multitask benefits industry passion degree equivalent multiple experience customer technologies skills required self self sales interface permanent technologies industry contribute equivalent strong self part-time contribute team concepts resume people multiple concepts team resume benefits platform required equivalent years on-time starter platform growth sales experience develop start permanent
http,{P2T0-R8LX20LE-1557TDIL},02/14/2011 14:00:30,CEJ0109,PC-6980,http://northropgrumman.com/WboUhagvat572113271.aspx,skills compensation growth multiple equivalent starter degree skills report growth degree growth permanent concepts expert responsibilities skills customer start job required permanent job starter growth customer skills people report develop management visual job responsibilities analyze team opening develop opening degree industry guidance multitask passion required
http,{L9J9-C5DE31UN-3286HJSH},02/14/2011 15:39:39,CEJ0109,PC-6980,http://simplyhired.com/WboUhagvat57469130.jsp,hours team guidance analyze multitask industry self degree contribute technologies contribute permanent years starter develop benefits permanent develop on-line analyze skills skills responsibilities compensation responsibilities skills permanent growth concepts concepts strong opening on-line equivalent sales initiative on-line degree initiative people analyze dynamic years start years responsibilities resume start compensation growth growth skills contribute responsibilities multiple expert equivalent sales visual responsibilities passion growth
http,{R3F4-S5DB81NN-6995AOUM},02/15/2011 09:54:21,CEJ0109,PC-6980,http://monster.com/WboUhagvat1180707852.html,team sales strong opening people on-time starter multiple develop start responsibilities technologies multiple concepts develop required platform guidance guidance experience management technologies sales concepts develop strong part-time start degree team starter permanent part-time management part-time initiative contribute report expert years dynamic benefits process call platform skills multiple opening multitask degree management visual multitask
http,{C2A9-Z9LF30UA-1221XIBS},02/15/2011 10:40:45,CEJ0109,PC-6980,http://lockheedmartin.com/WboUhagvat1636367808.htm,concepts job customer multiple job contribute team sales concepts team guidance guidance multiple part-time benefits equivalent years passion years expert job passion salary benefits part-time management experience resume team experience team part-time customer resume develop passion report years on-time management multitask years passion equivalent start develop interface
email,{Y5C2-T9SH78XV-7408PUOI},02/15/2011 10:55:31,CEJ0109,PC-6980,Hayfa_Newman@raytheon.com,,,Casey.Edward.Joyce@dtaa.com,39896,0,passion multitask contribute technologies passion multitask process report starter team multitask concepts expert sales years starter multitask people opening responsibilities initiative degree contribute required dynamic benefits compensation salary people on-time responsibilities responsibilities start contribute initiative job resume guidance resume responsibilities report customer initiative industry industry years technologies responsibilities growth team job experience contribute responsibilities analyze equivalent
http,{X4V9-V0RO57CR-9291HBQH},02/15/2011 11:58:10,CEJ0109,PC-6980,http://lockheedmartin.com/WboUhagvat1636367808.htm,degree skills compensation team on-line resume concepts industry opening resume salary customer multiple equivalent benefits self resume experience platform platform degree benefits platform equivalent growth hours start
email,{J7N2-C0CC74FZ-2942XSDV},02/15/2011 13:13:02,CEJ0109,PC-6980,Hayfa_Newman@raytheon.com,,,Casey.Edward.Joyce@dtaa.com,32754,0,job expert initiative interface benefits process analyze job on-time industry on-time analyze growth required multitask part-time strong required sales platform people dynamic multitask years benefits on-time skills industry on-line initiative resume years required management industry growth resume technologies multiple management interface analyze required years multiple strong customer multitask sales job salary platform process required management contribute skills dynamic passion guidance benefits resume
http,{F8W7-H2VB56RC-2516ZARO},02/15/2011 13:47:27,CEJ0109,PC-6980,http://aol.com/jobs/WboUhagvat1963819229.jsp,permanent initiative job resume years customer concepts experience responsibilities start self start team responsibilities benefits interface job platform salary salary self guidance job on-time industry job develop industry strong job years sales passion experience passion equivalent multiple report growth equivalent people degree interface required experience sales part-time develop passion relocation strong opening responsibilities concepts responsibilities dynamic degree
http,{G5O0-T9MD30TB-1986GIMH},02/15/2011 14:57:44,CEJ0109,PC-6980,http://linkedin.com/WboUhagvat1479839504.aspx,concepts strong process starter industry responsibilities job years years sales years analyze multiple growth initiative years multiple concepts develop resume interface management benefits people skills contribute dynamic team resume passion industry people growth experience multitask multiple degree develop contribute start years industry responsibilities multitask team required benefits growth experience start resume degree
email,{W7D4-L5BI00BL-9486DNKY},02/15/2011 15:29:36,CEJ0109,PC-6980,Hayfa_Newman@raytheon.com,,,Casey.Edward.Joyce@dtaa.com,21758,0,process guidance responsibilities multiple resume multiple technologies self resume interface guidance platform contribute part-time resume strong salary years growth develop growth guidance interface required skills guidance job contribute responsibilities permanent skills self strong expert start multiple degree industry initiative contribute compensation report growth required contribute degree strong responsibilities skills people multitask required job expert start required customer
http,{B8L7-I2SV59OC-0777ZLJR},02/16/2011 15:51:40,CEJ0109,PC-6980,http://lockheedmartin.com/WboUhagvat1636367808.htm,job call strong industry required hours skills multitask benefits process experience resume customer contribute skills skills passion years team contribute skills customer equivalent people responsibilities interface years start opening contribute skills management platform multitask sales opening multiple on-time skills responsibilities skills report contribute industry develop people benefits skills platform opening engineer years on-time degree responsibilities starter team report team multitask
http,{U8E7-A1NX11FK-3329AQQT},02/17/2011 12:25:47,CEJ0109,PC-6980,http://linkedin.com/WboUhagvat1479839504.aspx,management part-time multiple interface equivalent interface skills team sales experience develop hours resume dynamic responsibilities start part-time passion dynamic customer people initiative responsibilities growth degree on-time start
http,{O9K0-N6TZ25MO-3460YLNA},02/17/2011 12:49:24,CEJ0109,PC-6980,http://northropgrumman.com/WboUhagvat572113271.aspx,growth initiative equivalent multiple analyze resume people skills report industry years management concepts technologies dynamic guidance permanent experience contribute platform permanent develop management process call team management responsibilities interface years management dynamic platform degree multitask resume skills platform required multiple industry engineer hours strong customer sales growth degree growth customer people experience resume interface sales compensation analyze initiative experience permanent passion required skills compensation technologies benefits
http,{B7Z1-I5BU02FN-8446SRNW},02/17/2011 12:53:48,CEJ0109,PC-6980,http://careerbuilder.com/WboUhagvat660170997.htm,equivalent interface technologies platform develop guidance opening responsibilities compensation skills salary growth years expert industry management sales on-time part-time initiative develop contribute platform contribute industry resume dynamic skills resume visual opening equivalent passion industry develop develop starter people technologies responsibilities skills concepts develop process multitask team growth degree multitask years technologies dynamic benefits multitask process interface technologies
http,{F7E6-K1NO17NO-2199JGAD},02/17/2011 13:04:53,CEJ0109,PC-6980,http://boeing.com/WboUhagvat1904327536.htm,start start concepts salary degree process passion multiple compensation platform passion expert years visual team job interface permanent people multiple opening people management skills required experience dynamic passion industry guidance sales experience contribute management multiple contribute opening management skills team resume concepts technologies opening skills resume technologies job passion benefits passion resume job analyze experience technologies process
http,{B6Z7-A5FC47HK-4676PCBT},02/17/2011 13:25:51,CEJ0109,PC-6980,http://aol.com/jobs/WboUhagvat1963819229.jsp,contribute permanent on-line initiative process required degree develop concepts multiple multiple process experience interface permanent required contribute skills self start team strong report contribute management job start technologies develop experience growth develop interface multiple on-time people report contribute skills technologies multitask develop degree required customer analyze responsibilities develop team industry part-time skills contribute team expert multiple self growth management concepts skills dynamic
http,{B5S8-W6UP17FM-7757IBFU},02/17/2011 14:05:46,CEJ0109,PC-6980,http://aol.com/jobs/WboUhagvat1963819229.jsp,required degree multiple required people industry skills industry multiple start benefits team contribute analyze multiple on-line platform sales management years contribute guidance industry customer years develop concepts management industry experience multitask industry multiple skills team concepts multiple experience years permanent on-time engineer sales permanent platform on-time technologies growth analyze self responsibilities multiple growth
http,{Y5E7-Y4KX58FQ-1542EJCU},02/17/2011 14:39:25,CEJ0109,PC-6980,http://job-hunt.org/WboUhagvat919122234.html,responsibilities experience management starter team interface platform required resume initiative customer starter responsibilities opening technologies guidance degree benefits multitask equivalent process job platform growth required job degree skills growth concepts multiple experience skills years multitask opening contribute
http,{P1W8-Y2XT48JI-2003GGOC},02/17/2011 16:22:40,CEJ0109,PC-6980,http://craigslist.org/WboUhagvat1105403916.aspx,management equivalent resume experience start management interface benefits equivalent job growth multitask part-time analyze process guidance industry dynamic analyze years platform team years report interface salary process report job multiple dynamic growth platform dynamic salary team part-time compensation multiple interface job strong resume skills part-time platform equivalent years start sales contribute opening benefits process
http,{N7C4-X9AI11TV-9743JEUN},02/17/2011 16:52:50,CEJ0109,PC-6980,http://hp.com/WboUhagvat1944152218.jsp,interface platform multiple required sales team skills multitask skills multitask strong skills process degree permanent technologies technologies multitask interface sales multiple degree platform management develop benefits analyze multitask skills benefits hours expert resume develop multitask skills
http,{A4I9-C7YX18ZT-4422NGKW},02/17/2011 17:51:52,CEJ0109,PC-6980,http://job-hunt.org/WboUhagvat919122234.html,hours guidance years required part-time initiative starter experience dynamic skills technologies benefits contribute concepts strong sales concepts degree job equivalent opening report start team industry people salary strong self sales analyze industry responsibilities equivalent responsibilities skills concepts years concepts growth required expert guidance initiative interface resume sales skills starter self dynamic
email,{H4I9-L2XU51KT-5287WAOU},02/18/2011 11:45:52,CEJ0109,PC-6980,Hayfa_Newman@raytheon.com,,,Casey.Edward.Joyce@dtaa.com,22906,0,experience multitask permanent sales salary salary required resume multitask analyze job skills multiple multiple process experience skills experience call customer start start multitask experience visual required compensation engineer passion job people initiative industry benefits strong strong on-time multitask technologies self passion on-time dynamic benefits multitask process report
http,{Z9K2-L6XF31HD-3017EVDA},02/18/2011 15:11:28,CEJ0109,PC-6980,http://boeing.com/WboUhagvat1904327536.htm,multitask concepts degree industry required initiative sales strong industry degree expert platform required starter on-time skills visual multiple customer initiative skills technologies report engineer technologies on-time expert develop management permanent required call job benefits strong interface job years platform
email,{Y2W3-V7OQ07BN-3595CDRP},02/18/2011 16:40:08,CEJ0109,PC-6980,Hayfa_Newman@raytheon.com,,,Casey.Edward.Joyce@dtaa.com,43073,0,opening customer develop on-time multiple dynamic multiple equivalent experience start on-time guidance on-time self contribute years customer starter experience dynamic years starter starter industry skills experience responsibilities years opening concepts report sales interface opening required
http,{N7V1-X5PI86OA-6568IETX},02/21/2011 11:20:12,CEJ0109,PC-6980,http://jobhuntersbible.com/WboUhagvat1258877042.aspx,sales platform responsibilities analyze strong initiative start job salary expert dynamic experience industry experience growth develop dynamic start team dynamic platform interface people concepts technologies concepts skills technologies dynamic years customer starter starter compensation guidance multiple on-time opening process contribute years growth opening growth management process resume starter
http,{Z3V7-H4LF42TC-0716TLGJ},02/21/2011 14:55:08,CEJ0109,PC-6980,http://lockheedmartin.com/WboUhagvat1636367808.htm,benefits multitask compensation passion starter skills multiple job experience skills opening multitask interface job guidance start industry people skills passion on-time contribute years required benefits opening strong degree platform contribute job required growth compensation part-time visual platform experience opening process dynamic contribute on-line dynamic required develop salary
http,{I7S2-C1DE42IE-4509KNTI},02/22/2011 10:09:01,CEJ0109,PC-6980,http://aol.com/jobs/WboUhagvat1963819229.jsp,resume required starter years develop resume sales resume on-time team responsibilities people concepts opening industry team develop on-line experience interface compensation passion required years degree benefits passion sales multitask on-time concepts people salary job compensation start industry industry responsibilities guidance platform people start team team experience
http,{J2E3-O1TA29LS-3416OPGZ},02/22/2011 10:28:23,CEJ0109,PC-6980,http://simplyhired.com/WboUhagvat57469130.jsp,technologies initiative skills start engineer multitask multiple years management report responsibilities management multitask skills platform passion team equivalent opening required responsibilities visual develop equivalent on-line experience benefits technologies initiative opening skills team people resume required start industry experience concepts management skills job years management
http,{Y0A8-N4UT30EO-4478WXMD},02/22/2011 13:38:43,CEJ0109,PC-6980,http://job-hunt.org/WboUhagvat919122234.html,interface passion years starter visual strong industry skills multitask team technologies interface customer interface guidance resume people degree technologies start multiple customer passion skills team starter visual required equivalent start multitask customer dynamic management passion team benefits multiple expert
http,{D5S1-B2WB46JC-5832JTGZ},02/22/2011 13:45:50,CEJ0109,PC-6980,http://linkedin.com/WboUhagvat1479839504.aspx,skills experience industry industry sales concepts start years management initiative job opening technologies multitask responsibilities experience responsibilities starter dynamic industry compensation industry job technologies customer skills required team technologies responsibilities equivalent years technologies technologies strong team concepts analyze
http,{P8U8-K3VD90XE-9296TFFT},02/22/2011 15:56:27,CEJ0109,PC-6980,http://northropgrumman.com/WboUhagvat572113271.aspx,interface platform on-line concepts responsibilities multiple start multiple multitask passion analyze customer benefits strong contribute degree required management experience start passion resume platform self required job multiple initiative degree equivalent benefits resume industry multiple passion multiple passion experience dynamic contribute industry responsibilities technologies responsibilities resume dynamic opening skills people people team dynamic contribute passion initiative team job benefits contribute passion platform responsibilities
http,{M9T7-A6GX69YX-1898VYDQ},02/22/2011 16:53:37,CEJ0109,PC-6980,http://aol.com/jobs/WboUhagvat1963819229.jsp,self growth sales equivalent opening skills sales start passion resume customer develop multiple sales report industry technologies resume passion equivalent platform analyze responsibilities years industry opening benefits analyze years multitask opening process degree resume experience guidance multitask resume on-time dynamic report
http,{O9W4-B9WB35ZC-0573LYOC},02/23/2011 09:55:56,CEJ0109,PC-6980,http://lockheedmartin.com/WboUhagvat1636367808.htm,required develop technologies equivalent years technologies analyze multitask interface develop management resume industry experience start growth skills dynamic customer management multiple call salary growth self platform management hours equivalent part-time years years permanent sales part-time on-time self growth on-time team
http,{M5S3-K1XX04NE-0189EVTE},02/23/2011 10:40:30,CEJ0109,PC-6980,http://northropgrumman.com/WboUhagvat572113271.aspx,experience sales permanent job expert benefits required develop multitask people management passion degree analyze technologies customer engineer strong growth initiative years strong platform multiple resume required engineer passion required multitask develop opening develop technologies resume management opening strong develop benefits passion resume strong guidance technologies starter process recruiter hours dynamic skills industry people degree platform
http,{N7R6-D2QH12ZK-0740KLQM},02/23/2011 11:27:41,CEJ0109,PC-6980,http://linkedin.com/WboUhagvat1479839504.aspx,analyze initiative develop growth part-time experience skills experience strong hours strong report benefits technologies equivalent analyze develop years recruiter platform multitask dynamic opening required starter resume skills resume report interface salary part-time concepts passion passion customer people contribute sales job growth on-time passion experience team benefits visual platform opening growth
http,{T3N3-Z9ZM88MZ-8636DOZZ},02/23/2011 12:35:33,CEJ0109,PC-6980,http://craigslist.org/WboUhagvat1105403916.aspx,interface industry process job multiple responsibilities platform customer on-time contribute report dynamic visual permanent required team experience customer responsibilities analyze people passion on-time customer on-line resume customer skills management responsibilities call passion years salary multitask strong responsibilities start contribute interface people sales
http,{G2N9-M3HS95SB-8142IXKM},02/23/2011 15:09:08,CEJ0109,PC-6980,http://harris.com/WboUhagvat1919385663.htm,growth passion equivalent experience skills part-time strong skills years skills report start guidance job customer team technologies multiple start experience hours develop team skills self visual compensation initiative equivalent equivalent process interface technologies responsibilities job initiative benefits on-time management years years benefits concepts benefits experience
http,{S9D9-P5ZW01KI-2378YRCF},02/23/2011 17:24:19,CEJ0109,PC-6980,http://harris.com/WboUhagvat1919385663.htm,years platform experience sales analyze multitask resume multiple analyze passion multitask growth multiple report team process customer salary initiative growth management call multiple passion skills visual years strong technologies analyze report experience required resume opening required degree sales resume recruiter industry sales management interface compensation experience relocation people process compensation team
http,{T9B4-H5IJ46DR-2811UJDN},02/23/2011 17:27:02,CEJ0109,PC-6980,http://monster.com/WboUhagvat1180707852.html,multitask industry opening team job team multiple hours starter management interface start expert analyze equivalent management salary resume customer develop management concepts develop responsibilities process responsibilities interface multiple degree management passion strong resume required self guidance interface degree technologies job
http,{O6L8-U0LL07CG-1893QOYD},02/24/2011 09:21:09,CEJ0109,PC-6980,http://lockheedmartin.com/WboUhagvat1636367808.htm,contribute experience degree permanent job guidance part-time concepts responsibilities technologies customer job technologies platform multitask required management experience multiple management management dynamic multiple experience contribute required resume opening experience multitask responsibilities expert develop experience required expert sales develop salary team equivalent responsibilities years experience contribute platform engineer passion initiative develop multitask responsibilities
http,{R5B9-X8UA33KD-9238JIKQ},02/24/2011 12:13:20,CEJ0109,PC-6980,http://raytheon.com/WboUhagvat343187784.jsp,customer experience responsibilities degree responsibilities strong permanent multiple experience strong platform customer interface required years concepts experience growth concepts self years passion experience initiative analyze team technologies starter passion multiple interface equivalent contribute years industry
http,{X2Y3-E1UF98FG-9816JQWU},02/24/2011 12:35:46,CEJ0109,PC-6980,http://northropgrumman.com/WboUhagvat572113271.aspx,growth passion experience responsibilities passion experience experience opening develop develop years multitask growth hours multiple compensation strong salary on-time equivalent analyze develop guidance develop management technologies technologies years team years job people skills report growth resume initiative required strong interface team growth on-line concepts interface growth salary
email,{K2R5-D7SB01ZF-4040FEMQ},02/24/2011 14:46:03,CEJ0109,PC-6980,Hayfa_Newman@raytheon.com,,,Casey.Edward.Joyce@dtaa.com,24544,0,sales team contribute years start skills engineer platform multiple degree start sales start concepts industry years team industry initiative equivalent job platform management team equivalent starter people guidance skills contribute job multitask interface customer expert passion guidance analyze multitask equivalent hours
http,{P2Z4-P0CV99SK-8207UYAN},02/24/2011 15:12:57,CEJ0109,PC-6980,http://monster.com/WboUhagvat1180707852.html,experience benefits initiative industry develop management multitask customer responsibilities resume industry skills salary salary customer equivalent process starter technologies contribute permanent develop management analyze report
http,{E0V2-F1VG35DC-4949UJEC},02/24/2011 17:06:29,CEJ0109,PC-6980,http://indeed.com/WboUhagvat1680703797.html,job people permanent job degree engineer degree resume years strong required starter customer analyze skills benefits permanent develop develop experience on-time analyze analyze develop platform passion develop resume people experience
http,{G2D8-E4WT78FF-8258ICGW},02/24/2011 17:08:17,CEJ0109,PC-6980,http://craigslist.org/WboUhagvat1105403916.aspx,guidance self sales years responsibilities start equivalent initiative start people start start growth permanent industry years team industry job expert initiative expert report contribute passion part-time job initiative responsibilities responsibilities multitask opening start visual opening engineer report years management responsibilities team growth technologies
http,{V6O6-N0JF67XY-0959ZUGQ},02/24/2011 17:47:08,CEJ0109,PC-6980,http://lockheedmartin.com/WboUhagvat1636367808.htm,responsibilities skills skills degree sales job responsibilities initiative management benefits sales process interface management growth industry expert sales customer responsibilities salary management initiative guidance required customer analyze concepts experience permanent management responsibilities compensation strong interface platform multitask benefits contribute multitask
email,{T4V5-V3PD59CQ-8653JJQE},02/25/2011 12:05:29,CEJ0109,PC-6980,Hayfa_Newman@raytheon.com,,,Casey.Edward.Joyce@dtaa.com,28470,0,people report multitask management job start management dynamic strong concepts experience required growth industry experience multiple resume on-time on-time experience benefits hours dynamic experience equivalent required required team experience part-time skills skills degree contribute initiative skills develop contribute management technologies growth concepts guidance customer passion management hours resume contribute
email,{Q5J9-F5ZP34VA-4714MLKD},02/25/2011 15:38:37,CEJ0109,PC-6980,Hayfa_Newman@raytheon.com,,,Casey.Edward.Joyce@dtaa.com,33248,0,on-time required opening people required resume on-time degree job start required report years multitask skills contribute skills multiple industry guidance self compensation strong guidance permanent resume years platform responsibilities analyze guidance recruiter job guidance customer customer relocation job passion degree guidance team degree years report job on-time required skills contribute degree responsibilities management salary
http,{Y1W2-L8BZ58HA-6389HKVB},02/25/2011 16:12:03,CEJ0109,PC-6980,http://northropgrumman.com/WboUhagvat572113271.aspx,required equivalent platform develop people self responsibilities degree experience expert responsibilities degree expert management visual team expert skills equivalent growth multitask concepts permanent technologies salary experience degree opening multitask responsibilities growth contribute management equivalent skills industry starter sales skills strong dynamic industry contribute benefits growth report equivalent compensation starter multitask contribute
http,{L6Z5-K2FH97FU-7908QKUN},02/25/2011 16:56:30,CEJ0109,PC-6980,http://northropgrumman.com/WboUhagvat572113271.aspx,concepts required on-time part-time equivalent degree required permanent years required on-time starter team platform platform people technologies develop customer required analyze industry team opening resume growth process skills contribute initiative report opening permanent technologies start customer resume experience process start team skills on-time visual hours growth years passion starter customer platform responsibilities contribute permanent start job start
email,{O0T5-Q6AX70WI-7856PUEN},02/25/2011 17:35:27,CEJ0109,PC-6980,Hayfa_Newman@raytheon.com,,,Casey.Edward.Joyce@dtaa.com,28819,0,process platform required process multiple contribute strong industry management required people guidance experience growth people platform on-line customer concepts degree resume technologies growth initiative experience skills passion dynamic report report growth sales contribute growth report contribute skills develop management industry expert resume skills years multiple guidance job experience concepts platform responsibilities contribute contribute interface strong contribute multiple years process multitask strong start degree
http,{Z7R1-C6PY77LN-2528LWHK},02/28/2011 13:18:56,CEJ0109,PC-6980,http://harris.com/WboUhagvat1919385663.htm,salary on-time strong on-time develop responsibilities resume recruiter develop expert sales dynamic job experience concepts passion passion report report growth multiple concepts initiative platform industry strong platform benefits experience benefits expert strong
http,{J3B2-R5ML80LO-6774LCNV},02/28/2011 16:05:11,CEJ0109,PC-6980,http://yahoo.com/hotjobs/WboUhagvat752138490.php,concepts experience develop skills experience starter on-line report part-time team compensation initiative on-line technologies interface call develop customer dynamic guidance experience team customer people sales contribute guidance strong job starter develop expert self industry customer start resume concepts people degree multiple degree experience interface report responsibilities passion report concepts resume industry years
http,{Y9Y4-R7JM64EQ-8137UDWP},03/01/2011 09:16:39,CEJ0109,PC-6980,http://harris.com/WboUhagvat1919385663.htm,industry on-time develop experience interface degree skills years develop industry relocation growth visual interface equivalent team strong compensation experience interface job opening interface process growth opening skills skills self industry concepts platform technologies benefits required on-line
http,{B1Q9-F4TW26KW-2120YIJW},03/01/2011 09:49:26,CEJ0109,PC-6980,http://simplyhired.com/WboUhagvat57469130.jsp,report dynamic degree degree customer multiple interface concepts contribute platform experience hours expert contribute resume years start platform contribute sales team analyze dynamic interface platform growth part-time guidance start growth multitask develop initiative passion resume customer resume team concepts skills guidance expert compensation benefits
http,{Z6V7-I9KC85OL-5034ANIK},03/01/2011 10:50:32,CEJ0109,PC-6980,http://lockheedmartin.com/WboUhagvat1636367808.htm,people multiple platform hours call industry degree strong benefits compensation salary growth analyze on-time skills job team technologies opening expert dynamic strong resume on-line multiple concepts passion skills contribute industry customer passion resume people growth start develop team growth experience develop call
http,{H4J9-K7CQ89JV-9397FQUZ},03/01/2011 11:21:46,CEJ0109,PC-6980,http://simplyhired.com/WboUhagvat57469130.jsp,team guidance develop multiple multitask required required skills permanent required sales visual equivalent engineer experience growth opening analyze dynamic industry degree passion multiple industry start skills resume degree growth growth responsibilities experience platform sales initiative interface responsibilities technologies expert develop permanent skills technologies multiple team multiple multiple start initiative
http,{O5U4-B3GH22PD-9427YSUO},03/01/2011 13:02:35,CEJ0109,PC-6980,http://simplyhired.com/WboUhagvat57469130.jsp,analyze platform growth salary degree job years responsibilities sales multiple industry growth report job customer part-time passion technologies degree call self concepts sales salary technologies dynamic customer growth opening degree call industry responsibilities on-time develop responsibilities start resume experience technologies on-time passion develop equivalent required equivalent management skills experience team develop benefits responsibilities responsibilities people resume responsibilities
http,{C3H8-D2TO59YT-8134XNHU},03/01/2011 14:52:08,CEJ0109,PC-6980,http://simplyhired.com/WboUhagvat57469130.jsp,equivalent multiple years experience platform report multiple management platform develop degree contribute start passion team report hours required equivalent part-time strong management contribute experience people skills customer people job skills multitask report salary expert management passion passion required interface experience visual resume experience contribute sales on-line benefits part-time
http,{F1I5-L6LK40ZW-2578SAIG},03/01/2011 16:27:26,CEJ0109,PC-6980,http://craigslist.org/WboUhagvat1105403916.aspx,hours equivalent relocation degree years interface contribute report growth analyze develop technologies technologies team sales required compensation customer degree job team multitask benefits experience multiple equivalent sales technologies industry sales contribute dynamic customer resume growth part-time job industry years degree contribute resume initiative sales multitask platform degree concepts passion engineer sales salary self years develop multiple multitask experience permanent growth growth start process technologies guidance customer experience years contribute develop skills interface equivalent
http,{G0T8-N2SA45KD-6761FKQP},03/01/2011 17:33:47,CEJ0109,PC-6980,http://hp.com/WboUhagvat1944152218.jsp,platform platform years team start resume benefits analyze sales develop start contribute sales job skills concepts start passion management skills resume contribute sales dynamic starter technologies customer team industry compensation industry growth technologies start initiative job permanent degree self start years concepts industry multitask passion hours resume industry platform permanent initiative multitask
http,{L1M8-H6NC29JM-3748ZKCW},03/01/2011 17:37:39,CEJ0109,PC-6980,http://boeing.com/WboUhagvat1904327536.htm,sales team dynamic responsibilities permanent responsibilities management management experience experience guidance platform skills skills start required resume part-time develop permanent multiple industry dynamic team equivalent equivalent responsibilities multiple permanent management industry responsibilities degree equivalent resume process experience
http,{A7Q7-A4FB71BC-2337UKKM},03/01/2011 18:16:32,CEJ0109,PC-6980,http://careerbuilder.com/WboUhagvat660170997.htm,start contribute degree concepts team responsibilities on-line interface permanent industry people compensation skills required industry report sales report years interface job degree equivalent degree required team engineer on-time compensation technologies equivalent initiative resume report benefits start management starter equivalent develop start opening permanent platform resume years multiple concepts growth responsibilities resume experience experience experience responsibilities permanent responsibilities customer analyze on-line expert multitask multitask on-time equivalent report concepts people years starter people relocation
email,{F9O6-X3DI70CY-7333ULKR},03/02/2011 09:27:32,CEJ0109,PC-6980,Hayfa_Newman@raytheon.com,,,Casey.Edward.Joyce@dtaa.com,64094,0,people contribute guidance passion multiple opening technologies on-line team industry interface dynamic responsibilities interface benefits multitask call dynamic on-time strong interface develop growth passion compensation analyze degree management multiple multiple growth customer people job degree technologies team expert degree contribute
http,{C3L7-C9QJ42AN-6364KMIU},03/02/2011 16:30:51,CEJ0109,PC-6980,http://careerbuilder.com/WboUhagvat660170997.htm,passion benefits industry guidance multitask on-time salary degree degree on-time required multitask multitask management people on-time required strong opening opening people degree multiple multitask guidance strong contribute benefits management interface multitask degree years years sales opening skills starter growth job customer initiative skills guidance industry contribute part-time multiple interface passion report
email,{B9E6-U2CP58OJ-3168IFNM},03/02/2011 16:43:02,CEJ0109,PC-6980,Hayfa_Newman@raytheon.com,,,Casey.Edward.Joyce@dtaa.com,39653,0,interface expert people skills interface platform expert people team permanent develop equivalent benefits job growth degree expert degree develop guidance degree passion responsibilities platform technologies required compensation industry years management sales degree required team guidance expert engineer degree platform process platform customer permanent skills industry salary required dynamic compensation opening interface permanent develop
email,{W1Y9-V6YC60YV-6231ZVNE},03/02/2011 16:52:55,CEJ0109,PC-6980,Hayfa_Newman@raytheon.com,,,Casey.Edward.Joyce@dtaa.com,34341,0,job growth on-line sales people skills multiple experience dynamic benefits experience industry required start technologies people management multiple strong expert resume responsibilities salary required management multitask initiative dynamic skills multitask interface initiative resume industry degree growth multitask sales guidance initiative develop hours strong passion report platform skills skills skills years multiple compensation contribute hours team sales develop develop dynamic expert visual industry people interface experience contribute people starter equivalent
http,{Y3G5-G7IR16IN-1337UXYV},03/02/2011 17:27:20,CEJ0109,PC-6980,http://job-hunt.org/WboUhagvat919122234.html,skills multitask team job start dynamic skills report multitask multitask initiative years industry responsibilities hours skills guidance equivalent industry contribute experience guidance job resume degree sales skills management sales start multitask initiative strong sales years hours management compensation people customer years opening develop initiative customer interface multitask start start relocation people
http,{Y0I1-S0NZ82FE-2326TLMR},03/03/2011 09:26:03,CEJ0109,PC-6980,http://careerbuilder.com/WboUhagvat660170997.htm,industry responsibilities responsibilities part-time expert permanent start dynamic develop degree expert people management report job customer sales responsibilities analyze technologies required degree platform resume interface on-time interface hours years benefits years permanent call management starter required develop opening sales technologies starter guidance people technologies contribute on-time self required responsibilities benefits customer opening responsibilities people job on-time multitask concepts starter multitask initiative skills
http,{P9O5-A2AS79ME-9331ONVG},03/03/2011 10:14:43,CEJ0109,PC-6980,http://aol.com/jobs/WboUhagvat1963819229.jsp,compensation experience technologies on-time degree process people opening technologies initiative initiative dynamic equivalent customer salary years years passion contribute sales start years expert concepts develop expert develop engineer opening dynamic growth years part-time job strong people years initiative permanent dynamic multitask years contribute initiative benefits concepts responsibilities
http,{V8W8-V7FS63UE-6596DUJH},03/03/2011 10:30:56,CEJ0109,PC-6980,http://monster.com/WboUhagvat1180707852.html,sales resume years strong concepts process opening skills multitask skills degree opening resume part-time initiative experience on-time customer responsibilities equivalent multiple job permanent platform interface degree multiple responsibilities multitask concepts expert years contribute team start permanent resume skills benefits multiple start multiple develop
http,{W1F2-K4QK59WR-6358UXIH},03/03/2011 11:26:21,CEJ0109,PC-6980,http://careerbuilder.com/WboUhagvat660170997.htm,skills people industry required industry job concepts develop equivalent resume skills job experience platform people growth degree platform degree experience recruiter experience multitask growth process responsibilities resume benefits engineer industry multitask opening guidance hours expert interface equivalent opening technologies platform part-time people management people platform multiple report guidance report hours interface guidance people platform management passion analyze dynamic years skills job salary industry multiple people multitask start job
http,{G5N1-H0GZ46DB-4438JHUR},03/03/2011 13:25:55,CEJ0109,PC-6980,http://careerbuilder.com/WboUhagvat660170997.htm,degree report analyze initiative resume process resume initiative team concepts recruiter skills initiative management resume passion responsibilities starter strong multitask interface technologies multiple passion dynamic customer customer management initiative concepts multitask required process passion permanent compensation part-time resume management platform experience team
http,{G2L9-C7AQ17UZ-0037FLME},03/03/2011 13:56:10,CEJ0109,PC-6980,http://harris.com/WboUhagvat1919385663.htm,multiple self part-time interface years self dynamic management equivalent multiple multiple customer develop experience management contribute start benefits multiple team permanent skills passion initiative degree required opening analyze growth technologies opening team degree platform people job industry expert starter develop responsibilities report experience multitask start expert benefits opening develop passion
http,{A4C8-C7YU52WG-1783ZKBT},03/03/2011 14:10:20,CEJ0109,PC-6980,http://yahoo.com/hotjobs/WboUhagvat752138490.php,on-line multiple concepts degree interface degree recruiter technologies customer opening part-time customer skills resume develop multitask team sales experience dynamic degree develop self benefits develop on-line team people responsibilities expert benefits management skills on-time people part-time platform technologies skills on-time expert multiple benefits required opening technologies compensation technologies multitask required industry analyze
http,{E6D2-I0KQ52OC-3574NWMO},03/03/2011 14:37:38,CEJ0109,PC-6980,http://hp.com/WboUhagvat1944152218.jsp,management equivalent start required responsibilities opening people dynamic benefits contribute strong develop opening on-time degree engineer compensation management skills management contribute growth recruiter dynamic concepts self people skills concepts industry report analyze resume passion starter multiple report dynamic guidance develop strong guidance years growth industry resume resume engineer
http,{D8G5-E9GL81VF-3475FZWW},03/03/2011 15:26:36,CEJ0109,PC-6980,http://jobhuntersbible.com/WboUhagvat1258877042.aspx,equivalent skills salary contribute analyze initiative guidance on-time team years opening customer multitask management responsibilities sales resume opening growth strong equivalent resume starter people people dynamic multiple strong customer degree growth growth management growth expert guidance customer management self guidance equivalent hours self report industry start required interface report expert start process degree
http,{V9E0-J2UH23VL-4647UNGY},03/04/2011 09:34:39,CEJ0109,PC-6980,http://aol.com/jobs/WboUhagvat1963819229.jsp,customer customer team strong skills customer initiative on-time multitask multitask report multitask permanent expert on-time compensation customer degree multiple opening part-time sales customer responsibilities expert job multitask management benefits on-time degree years contribute engineer start recruiter years resume passion resume benefits experience report process degree management required required start analyze degree industry contribute initiative experience contribute customer years team degree multitask benefits platform hours passion degree people
http,{E5B7-E7NZ54AJ-0864WRLD},03/04/2011 10:06:11,CEJ0109,PC-6980,http://job-hunt.org/WboUhagvat919122234.html,resume required team multiple concepts compensation opening years job relocation multitask multitask management growth management part-time industry growth growth initiative report customer skills resume passion management concepts on-time growth technologies interface guidance expert team concepts contribute multitask growth required guidance analyze skills initiative hours permanent permanent degree report industry degree experience skills experience passion contribute job multitask job
http,{P7Q6-N2EQ34KL-3968NTOI},03/04/2011 10:47:00,CEJ0109,PC-6980,http://indeed.com/WboUhagvat1680703797.html,multitask years benefits multiple permanent contribute develop develop people process experience multiple benefits job responsibilities interface job required salary technologies experience engineer platform skills concepts guidance team analyze part-time self years resume opening degree dynamic dynamic industry sales customer technologies starter benefits multitask dynamic sales required
http,{U1T0-L3RV31UT-8184PHKB},03/04/2011 11:38:10,CEJ0109,PC-6980,http://hp.com/WboUhagvat1944152218.jsp,report resume platform contribute multitask dynamic opening initiative sales strong self benefits sales sales responsibilities self compensation on-line report recruiter sales contribute multiple start skills years strong degree
http,{Y1R1-E7EF10BL-1763OEUM},03/04/2011 12:20:53,CEJ0109,PC-6980,http://hp.com/WboUhagvat1944152218.jsp,develop skills sales job sales degree multitask multiple job passion job growth dynamic contribute required salary degree analyze compensation interface required experience responsibilities years resume salary team initiative concepts guidance equivalent responsibilities visual compensation dynamic customer experience years skills job guidance
http,{W1B4-Z5WF28PZ-0844IJCM},03/04/2011 14:37:41,CEJ0109,PC-6980,http://boeing.com/WboUhagvat1904327536.htm,multitask growth opening platform salary growth sales concepts degree management management years dynamic responsibilities team management team on-time required passion customer experience team multiple compensation job responsibilities report team customer team develop technologies multitask salary industry salary years recruiter salary years strong concepts
http,{Q5V6-Z6YM41SE-9142QIRN},03/04/2011 16:05:08,CEJ0109,PC-6980,http://job-hunt.org/WboUhagvat919122234.html,benefits years dynamic start skills management equivalent dynamic customer process team management start job interface experience resume job required contribute sales compensation degree people start concepts years people starter experience customer customer report contribute skills responsibilities customer dynamic report opening
http,{W0X3-U7WE69FG-2984XTOB},03/04/2011 16:10:28,CEJ0109,PC-6980,http://aol.com/jobs/WboUhagvat1963819229.jsp,required visual process interface multitask contribute growth industry guidance opening concepts concepts degree customer part-time multiple multiple dynamic skills initiative resume customer technologies benefits interface compensation multiple growth expert degree team years contribute degree skills compensation analyze develop resume sales platform resume experience customer degree hours initiative skills people benefits team skills experience technologies
http,{J0Z2-B8EZ44MV-2034SZQJ},03/04/2011 17:45:30,CEJ0109,PC-6980,http://northropgrumman.com/WboUhagvat572113271.aspx,experience contribute passion contribute multitask analyze team degree opening strong multitask initiative customer process on-time equivalent part-time sales self initiative opening resume sales contribute initiative skills benefits experience growth permanent responsibilities guidance strong permanent responsibilities strong sales concepts
http,{Y1Z0-I8MW19RL-9413XJXK},03/07/2011 09:21:19,CEJ0109,PC-6980,http://lockheedmartin.com/WboUhagvat1636367808.htm,customer management growth resume multiple strong customer analyze sales responsibilities skills responsibilities management permanent people sales responsibilities platform expert concepts dynamic multitask growth job industry multitask start customer analyze passion customer opening multitask responsibilities industry experience management passion team compensation responsibilities team develop years skills expert experience analyze management responsibilities
http,{K5S2-W0NP66TV-7515YNMP},03/07/2011 09:46:08,CEJ0109,PC-6980,http://hp.com/WboUhagvat1944152218.jsp,team dynamic growth job initiative interface multitask strong responsibilities analyze resume strong customer responsibilities team growth degree experience years initiative platform technologies analyze equivalent skills guidance starter sales strong multitask report contribute report resume salary years multitask analyze years starter skills industry equivalent degree opening concepts self resume management engineer platform skills multiple
http,{J2X1-T0LO42CS-6595PQIJ},03/07/2011 09:49:17,CEJ0109,PC-6980,http://yahoo.com/hotjobs/WboUhagvat752138490.php,skills growth people equivalent technologies concepts customer analyze contribute customer team job technologies dynamic self responsibilities platform people part-time interface compensation sales years skills expert part-time on-time experience customer permanent permanent multitask responsibilities equivalent team report develop skills multiple platform team job
http,{S9Z7-X6JH14SY-2242FUTH},03/07/2011 11:37:19,CEJ0109,PC-6980,http://linkedin.com/WboUhagvat1479839504.aspx,analyze multiple hours growth degree benefits multitask concepts growth on-line passion responsibilities report dynamic resume hours permanent benefits team experience multiple passion years guidance resume salary job technologies industry dynamic self job skills customer on-time on-time responsibilities platform team interface compensation required analyze develop passion management call analyze part-time passion growth platform job responsibilities resume on-time expert strong customer multitask visual customer dynamic industry benefits develop process dynamic opening team skills opening contribute people guidance skills degree part-time
http,{C2D2-Q7KJ16XA-4665NPIC},03/07/2011 12:03:39,CEJ0109,PC-6980,http://harris.com/WboUhagvat1919385663.htm,years growth required required resume platform degree report opening multiple industry passion experience visual experience growth initiative process management start passion start degree analyze passion passion report interface platform experience responsibilities experience multitask start
http,{N8I2-V7LQ44WU-2748PCCR},03/07/2011 16:06:19,CEJ0109,PC-6980,http://hp.com/WboUhagvat1944152218.jsp,multiple benefits guidance multiple resume industry degree sales management interface on-line analyze skills benefits benefits customer technologies dynamic opening multiple compensation job resume skills resume on-line resume team experience sales analyze visual start platform salary multiple opening part-time expert guidance team analyze customer
http,{V4A2-R6SY27DV-7736SZWU},03/07/2011 16:16:30,CEJ0109,PC-6980,http://raytheon.com/WboUhagvat343187784.jsp,salary benefits platform technologies required resume team contribute interface passion visual report concepts salary platform on-line self start team report compensation required strong responsibilities on-time guidance resume job sales sales required degree sales multitask interface develop people compensation multiple technologies resume multitask on-line initiative report strong platform on-time required develop part-time years salary team concepts team
http,{B8S7-L0SV13UI-3133RIWI},03/07/2011 17:25:00,CEJ0109,PC-6980,http://simplyhired.com/WboUhagvat57469130.jsp,on-time multiple start equivalent people team strong permanent compensation concepts visual report team resume years job relocation on-time skills interface concepts equivalent customer benefits multiple skills job permanent passion relocation equivalent concepts opening multiple platform technologies strong team interface management platform team customer technologies technologies strong concepts passion part-time part-time part-time analyze start guidance
device,{K4O6-W1MN77ES-4009VJMG},03/15/2011 11:23:01,CEJ0109,PC-6980,Connect
device,{X8X4-I2VL13WT-6567VFGV},03/15/2011 11:29:00,CEJ0109,PC-6980,Disconnect
device,{E6E6-V5MU26KP-4140WWXA},03/15/2011 12:14:48,CEJ0109,PC-6980,Connect
device,{U9Z9-L1MN55RH-4416XCDZ},03/15/2011 12:18:16,CEJ0109,PC-6980,Disconnect
device,{G6Q0-U5EI05NU-3355BYHW},03/15/2011 13:52:15,CEJ0109,PC-6980,Connect
device,{F6E6-J9JA43MU-3650IJWE},03/15/2011 13:55:36,CEJ0109,PC-6980,Disconnect
device,{H9X6-R6XL39HR-8108SONA},03/15/2011 14:36:42,CEJ0109,PC-6980,Connect
device,{T5Y4-R7YZ60UJ-7287DXAJ},03/15/2011 14:55:49,CEJ0109,PC-6980,Disconnect
device,{L3E5-Z5IV09EQ-5311SUSK},03/15/2011 15:30:13,CEJ0109,PC-6980,Connect
device,{X8N2-V2AX49BR-9232AOYR},03/15/2011 16:29:11,CEJ0109,PC-6980,Disconnect
device,{S4I1-P3WP63AV-7270XKVG},03/21/2011 09:57:01,CEJ0109,PC-6980,Connect
device,{C6K5-E8LX63MK-4350WXXM},03/21/2011 10:33:29,CEJ0109,PC-6980,Disconnect
device,{Z3X2-B8KQ93IK-3429EQHU},03/21/2011 10:39:11,CEJ0109,PC-6980,Connect
device,{D8P7-U7AI11QM-9546PHBG},03/21/2011 11:08:33,CEJ0109,PC-6980,Disconnect
device,{C1Z2-P7AU33UZ-4827VVHK},03/21/2011 13:27:38,CEJ0109,PC-6980,Connect
device,{F9S4-J2ZS08NN-0194XJNB},03/21/2011 13:39:23,CEJ0109,PC-6980,Disconnect
device,{Y4W8-Z9AA75ZF-0249BOIW},03/21/2011 14:37:39,CEJ0109,PC-6980,Connect
device,{C7A8-V0KT77ZI-3306IBQR},03/21/2011 15:21:35,CEJ0109,PC-6980,Disconnect
device,{M5U3-T3DV67BG-0908KEIX},03/21/2011 15:46:31,CEJ0109,PC-6980,Connect
device,{B6V5-M3IG83AF-6277UHYV},03/21/2011 15:52:22,CEJ0109,PC-6980,Disconnect
device,{N0H2-N6AE18PO-3081LWMK},03/21/2011 17:41:48,CEJ0109,PC-6980,Connect
device,{T7O2-U5MM50GB-4412NMJU},03/21/2011 18:12:45,CEJ0109,PC-6980,Disconnect
device,{B4J2-L2WZ08ZY-0920QRZB},03/22/2011 11:30:41,CEJ0109,PC-6980,Connect
device,{U3G5-U9BX87KF-3544PHGH},03/22/2011 11:31:14,CEJ0109,PC-6980,Disconnect
device,{P7I1-H3UB03XT-5310HCPF},03/22/2011 11:32:36,CEJ0109,PC-6980,Connect
device,{A2P7-O5OA41MW-3855VLJI},03/22/2011 11:34:50,CEJ0109,PC-6980,Disconnect
device,{D5O5-J4BA45UN-9451KDZC},03/22/2011 11:56:17,CEJ0109,PC-6980,Connect
device,{W1W6-L9FR31VF-4429EMUP},03/22/2011 11:56:26,CEJ0109,PC-6980,Disconnect
device,{L1G9-N0HT12KP-0214OVBG},03/22/2011 11:58:40,CEJ0109,PC-6980,Connect
device,{G1D6-G3PB98YN-6109UBYA},03/22/2011 11:59:16,CEJ0109,PC-6980,Disconnect
device,{I2E0-U5QK50HG-3369UOFQ},03/22/2011 12:04:41,CEJ0109,PC-6980,Connect
device,{G2I7-O1BQ89RS-0662BAKR},03/22/2011 12:04:59,CEJ0109,PC-6980,Disconnect
device,{U8U1-G1ME92FR-8391ONPA},03/22/2011 12:06:38,CEJ0109,PC-6980,Connect
device,{M1Q0-S3UI22FX-2299KLWD},03/22/2011 12:09:33,CEJ0109,PC-6980,Disconnect
device,{Z4J2-N5NJ67BG-5667QYMJ},03/22/2011 12:10:11,CEJ0109,PC-6980,Connect
device,{Y3E5-B4RW33KQ-7094ISWA},03/22/2011 12:10:31,CEJ0109,PC-6980,Disconnect
email,{W2U2-U9TW63UR-1305WVNR},03/23/2011 09:44:38,CEJ0109,PC-6980,Rose.Hanae.Yates@dtaa.com,,,Casey.Edward.Joyce@dtaa.com,29507,0,notice thanks thanks week letter letter notice my notice 2 tender exit of week resignation letter notice exit of resignation week week 2 2 resign week week tender resignation letter my tender week resignation key my resignation week opportunity week of tender of position interview tender my key exit resignation resign week tender position interview my exit position notice
device,{N1P7-Y7VE38TH-2892LEPV},03/24/2011 09:46:55,CEJ0109,PC-6980,Connect
device,{G1P0-M8JG63LB-2304MJDP},03/24/2011 09:51:34,CEJ0109,PC-6980,Disconnect
device,{B5C9-V2YE43ZW-0342GMTJ},03/24/2011 12:39:36,CEJ0109,PC-6980,Connect
device,{P6X5-P0YJ94VQ-2961FTYW},03/24/2011 12:50:10,CEJ0109,PC-6980,Disconnect
device,{L5I0-O1HL92KJ-4155JHNV},03/24/2011 13:00:44,CEJ0109,PC-6980,Connect
device,{G5Z5-D7FT55BG-6334FLLX},03/24/2011 13:31:42,CEJ0109,PC-6980,Disconnect
device,{W8C5-X5VA31RL-6196WZTK},03/24/2011 15:50:21,CEJ0109,PC-6980,Connect
device,{B8O9-C3FL63AH-0293UCLW},03/24/2011 16:16:20,CEJ0109,PC-6980,Disconnect
device,{K2A8-G3ML99VP-0694EQPC},03/24/2011 16:25:42,CEJ0109,PC-6980,Connect
device,{D5P5-L0JX61NO-4464COVL},03/24/2011 16:28:40,CEJ0109,PC-6980,Disconnect
device,{K4F1-R6HU21DB-3996IYJE},03/25/2011 12:24:43,CEJ0109,PC-6980,Connect
device,{S6B6-Z6UL77JE-4172JLAL},03/25/2011 12:47:57,CEJ0109,PC-6980,Disconnect
device,{U7V5-D1ZH63RB-7266ZNOW},03/25/2011 12:56:12,CEJ0109,PC-6980,Connect
device,{J9L8-E2VK79JT-5551IKWJ},03/25/2011 13:09:21,CEJ0109,PC-6980,Disconnect
device,{B5K2-X3FJ69AX-2225NYOU},03/25/2011 13:36:15,CEJ0109,PC-6980,Connect
device,{Y3Q9-Q0OM99OM-5430CLBB},03/25/2011 13:53:01,CEJ0109,PC-6980,Disconnect
device,{P4S4-X2FO11ZO-6957GQPV},03/25/2011 16:46:09,CEJ0109,PC-6980,Connect
device,{X0G1-S4YN65EP-1864KWOE},03/25/2011 16:48:41,CEJ0109,PC-6980,Disconnect
device,{J6W5-W6AF77OT-5119ECKB},03/25/2011 16:50:09,CEJ0109,PC-6980,Connect
device,{V3W6-S3WL99MJ-4555YLJO},03/25/2011 17:49:31,CEJ0109,PC-6980,Disconnect
device,{N1A6-L7SG48YR-7690XLDY},04/01/2011 09:31:01,CEJ0109,PC-6980,Connect
device,{X2T9-W8PM09AN-3782HKOY},04/01/2011 09:42:23,CEJ0109,PC-6980,Disconnect
device,{C8U7-N4JR08WH-9864SJQW},04/01/2011 11:20:36,CEJ0109,PC-6980,Connect
device,{Z3T0-K9FR79GD-3698YSAL},04/01/2011 11:23:28,CEJ0109,PC-6980,Disconnect
device,{K1S8-D8QN13CI-4862UFAZ},04/01/2011 12:15:16,CEJ0109,PC-6980,Connect
device,{F3E3-T3HB83GN-0238GMJY},04/01/2011 12:32:45,CEJ0109,PC-6980,Disconnect
device,{L8X5-S1CP98OT-8401GXOF},04/01/2011 12:58:37,CEJ0109,PC-6980,Connect
device,{Z4E0-L6WI77ZO-3798TWAA},04/01/2011 13:30:12,CEJ0109,PC-6980,Disconnect
device,{Y8G7-W1DD69ZA-1169DCOJ},04/01/2011 14:14:29,CEJ0109,PC-6980,Connect
device,{Z6N4-G0AP35NG-0619SLJP},04/01/2011 14:41:13,CEJ0109,PC-6980,Disconnect
device,{J1H2-E4RH16UD-2898AVRL},04/01/2011 15:35:57,CEJ0109,PC-6980,Connect
device,{Z9P3-M5EQ18HV-3058SQBU},04/01/2011 15:43:59,CEJ0109,PC-6980,Disconnect
device,{E3L4-C8NF95WW-3299KYZW},04/01/2011 17:00:02,CEJ0109,PC-6980,Connect
device,{V5A0-S6ST01RA-8717BUUF},04/01/2011 17:23:43,CEJ0109,PC-6980,Disconnect
